#,Name,Team,Pos,MVPos,5×5 $,IP,$W (no QS),$W (w/ QS),$SV (no HLD),$SV (w/ HLD),$ERA,$WHIP,$K,$QS,$L,$HLD,$SV+H
1,Gerrit Cole,NYY,SP,SP,35.9,197,7.5,7.4,0.0,0.0,6.4,9.5,11.5,6.2,4.6,-0.1,-0.1
2,Justin Verlander,HOU,SP,SP,33.6,197,7.8,7.7,0.0,0.0,5.3,9.6,9.9,5.8,5.1,-0.1,-0.1
3,Jacob deGrom,NYM,SP,SP,32.9,200,6.4,6.2,0.0,0.0,7.2,8.9,9.5,6.8,3.0,-0.1,-0.1
4,Max Scherzer,WSH,SP,SP,32.9,194,6.2,6.1,0.0,0.0,6.2,9.5,10.0,5.9,3.6,-0.1,-0.1
5,Walker Buehler,LAD,SP,SP,24.3,185,5.8,5.8,0.0,0.0,5.4,6.3,5.8,4.9,4.2,-0.1,-0.1
6,Josh Hader,MIL,RP,RP,23.5,71,1.7,1.8,9.6,10.1,2.4,3.5,5.2,0.0,0.6,-2.4,7.7
7,Blake Snell,TB,SP,SP,21.0,173,4.0,4.0,0.0,0.0,5.4,4.5,6.0,4.0,2.8,-0.1,-0.1
8,Stephen Strasburg,WSH,SP,SP,20.7,188,4.7,4.6,0.0,0.0,4.6,4.6,5.8,4.8,2.8,-0.1,-0.1
9,Shane Bieber,CLE,SP,SP,20.4,185,4.7,4.6,0.0,0.0,4.1,6.2,4.4,4.3,3.4,-0.1,-0.1
10,Chris Sale,BOS,SP,SP,20.1,140,2.4,2.3,0.0,0.0,5.7,8.2,2.9,1.1,7.9,-0.1,-0.1
11,Jack Flaherty,STL,SP,SP,19.4,179,3.3,3.2,0.0,0.0,4.5,4.8,5.8,4.1,2.1,-0.1,-0.1
12,Kirby Yates,SD,RP,RP,19.4,65,0.8,0.8,11.9,13.7,1.6,2.3,1.8,0.0,0.6,-4.4,9.2
13,Charlie Morton,TB,SP,SP,18.8,179,3.8,3.7,0.0,0.0,5.0,4.1,5.0,4.2,2.7,-0.1,-0.1
14,Patrick Corbin,WSH,SP,SP,18.8,188,4.9,4.9,0.0,0.0,4.6,2.5,5.7,4.8,2.4,-0.1,-0.1
15,Edwin Diaz,NYM,RP,RP,17.8,65,1.1,1.1,7.4,6.4,2.3,3.0,3.0,0.0,1.0,-4.4,1.9
16,Yu Darvish,CHC,SP,SP,17.4,176,3.5,3.5,0.0,0.0,3.2,4.2,5.4,3.2,2.8,-0.1,-0.1
17,Clayton Kershaw,LAD,SP,SP,17.4,175,4.4,4.3,0.0,0.0,4.8,4.9,2.4,3.7,4.8,-0.1,-0.1
18,Roberto Osuna,HOU,RP,RP,16.9,65,1.1,1.1,11.9,13.7,0.7,1.8,0.4,0.0,1.0,-4.4,9.2
19,Trevor Bauer,CIN,SP,SP,16.4,191,3.4,3.4,0.0,0.0,2.8,2.0,7.2,4.2,0.6,-0.1,-0.1
20,Carlos Carrasco,CLE,SP,SP,16.2,172,3.7,3.6,0.0,0.0,3.4,4.8,3.3,3.0,3.3,-0.1,-0.1
21,Aroldis Chapman,NYY,RP,RP,15.9,51,0.0,-0.1,11.9,13.7,1.6,1.4,0.1,0.0,2.3,-4.4,9.2
22,Lance Lynn,TEX,SP,SP,15.7,179,3.5,3.5,0.0,0.0,3.8,3.0,4.4,3.7,2.4,-0.1,-0.1
23,Aaron Nola,PHI,SP,SP,15.4,188,3.7,3.6,0.0,0.0,3.4,2.0,5.4,4.2,1.5,-0.1,-0.1
24,Chris Paddack,SD,SP,SP,15.4,170,2.5,2.5,0.0,0.0,3.5,5.6,2.7,2.9,1.8,-0.1,-0.1
25,Noah Syndergaard,NYM,SP,SP,15.2,191,3.7,3.6,0.0,0.0,3.1,3.4,4.0,4.4,0.6,-0.1,-0.1
26,Corey Kluber,TEX,SP,SP,14.3,176,3.0,3.0,0.0,0.0,3.3,4.2,2.9,3.2,2.4,-0.1,-0.1
27,Dinelson Lamet,SD,SP,SP,14.2,152,1.3,1.3,0.0,0.0,4.1,4.2,3.6,1.7,3.6,-0.1,-0.1
28,Luis Castillo,CIN,SP,SP,13.9,179,2.9,2.9,0.0,0.0,3.3,2.0,4.7,3.5,1.5,-0.1,-0.1
29,Raisel Iglesias,CIN,RP,RP,13.8,71,0.9,1.0,9.6,10.1,0.2,0.4,1.6,0.0,-0.3,-4.4,5.6
30,Kenley Jansen,LAD,RP,RP,13.4,65,0.8,0.8,9.6,10.1,0.2,1.6,0.2,0.0,0.6,-4.4,5.6
31,Brad Hand,CLE,RP,RP,13.4,65,0.8,0.8,9.6,10.1,0.5,0.6,0.9,0.0,0.6,-4.4,5.6
32,Tyler Glasnow,TB,SP,SP,13.2,149,1.5,1.4,0.0,0.0,4.1,3.7,3.0,1.4,4.2,-0.1,-0.1
33,Liam Hendriks,OAK,RP,RP,13.2,58,0.6,0.6,7.4,6.4,1.5,2.2,0.4,0.0,1.6,-4.4,1.9
34,Zack Wheeler,PHI,SP,SP,12.5,188,3.0,3.0,0.0,0.0,1.9,2.8,3.8,3.6,0.6,-0.1,-0.1
35,Taylor Rogers,MIN,RP,RP,12.2,65,1.1,1.1,7.4,6.4,1.1,1.1,0.5,0.0,1.0,-4.4,1.9
36,David Price,LAD,SP,SP,12.1,151,2.5,2.5,0.0,0.0,3.9,4.0,0.7,1.4,5.1,-0.1,-0.1
37,Mike Clevinger,CLE,SP,SP,11.7,142,1.1,1.1,0.0,0.0,3.9,4.1,1.6,0.5,6.3,-0.1,-0.1
38,Andrew Heaney,LAA,SP,SP,11.3,154,2.0,1.9,0.0,0.0,2.6,4.4,1.3,1.1,4.2,-0.1,-0.1
39,Zack Greinke,HOU,SP,SP,11.3,194,5.2,5.2,0.0,0.0,1.0,1.9,2.1,3.7,2.2,-0.1,-0.1
40,Nick Anderson,TB,RP,RP,11.2,65,0.9,1.0,2.9,-1.0,1.7,2.7,1.9,0.0,0.8,1.4,0.5
41,Brandon Woodruff,MIL,SP,SP,11.0,173,2.4,2.3,0.0,0.0,2.4,1.8,3.4,2.6,1.9,-0.1,-0.1
42,Jose Leclerc,TEX,RP,RP,10.9,65,0.8,0.8,5.2,2.8,1.2,0.5,2.2,0.0,0.6,-4.4,-1.7
43,Craig Kimbrel,CHC,RP,RP,10.8,57,0.1,0.1,7.4,6.4,0.8,0.8,0.7,0.0,1.4,-4.4,1.9
44,Max Fried,ATL,SP,SP,10.7,161,3.0,3.0,0.0,0.0,4.5,1.0,1.1,2.5,3.9,-0.1,-0.1
45,Ken Giles,TOR,RP,RP,10.4,58,0.1,0.1,7.4,6.4,0.8,1.1,0.0,0.0,1.0,-4.4,1.9
46,Lucas Giolito,CHW,SP,SP,10.1,172,2.2,2.2,0.0,0.0,1.3,1.4,4.2,2.0,1.9,-0.1,-0.1
47,German Marquez,COL,SP,SP,10.0,175,2.8,2.8,0.0,0.0,1.7,1.7,2.8,2.5,2.2,-0.1,-0.1
48,Matthew Boyd,DET,SP,SP,9.7,176,1.2,1.2,0.0,0.0,0.8,2.8,3.8,2.2,0.0,-0.1,-0.1
49,Sonny Gray,CIN,SP,SP,9.3,169,2.1,2.0,0.0,0.0,2.9,0.3,3.0,2.6,1.6,-0.1,-0.1
50,Hector Neris,PHI,RP,RP,9.0,58,0.0,-0.1,7.4,6.4,0.1,0.5,0.0,0.0,0.8,-4.4,1.9
51,Eduardo Rodriguez,BOS,SP,SP,8.9,179,3.7,3.6,0.0,0.0,1.5,-0.4,3.1,2.6,2.7,-0.1,-0.1
52,Jose Berrios,MIN,SP,SP,8.3,191,4.2,4.1,0.0,0.0,-0.1,0.4,2.8,3.0,1.5,-0.1,-0.1
53,Sean Doolittle,WSH,RP,RP,8.1,60,0.1,0.1,7.4,6.4,-0.2,0.6,-0.8,0.0,0.6,-4.4,1.9
54,Robbie Ray,ARI,SP,SP,8.0,160,1.2,1.2,0.0,0.0,1.9,-0.3,4.2,1.3,1.9,-0.1,-0.1
55,Frankie Montas,OAK,SP,SP,7.4,166,2.2,2.2,0.0,0.0,2.1,1.6,0.4,1.9,3.1,-0.1,-0.1
56,Mike Minor,TEX,SP,SP,7.2,179,2.0,1.9,0.0,0.0,1.1,1.4,1.7,2.5,1.2,-0.1,-0.1
57,Brandon Workman,BOS,RP,RP,7.1,58,0.1,0.1,7.4,6.4,0.1,-1.2,-0.4,0.0,1.2,-2.4,4.0
58,Keone Kela,PIT,RP,RP,7.0,65,0.4,0.5,2.9,-1.0,0.9,0.8,1.0,0.0,0.3,1.4,0.5
59,Shun Yamaguchi,TOR,RP,RP,6.9,45,0.1,0.1,-3.8,-11.9,5.9,12.7,-9.0,5.0,5.5,-0.5,-12.4
60,Hyun-Jin Ryu,TOR,SP,SP,6.5,178,2.1,2.0,0.0,0.0,1.3,1.8,0.4,2.5,0.9,-0.1,-0.1
61,Jose Urquidy,HOU,SP,SP,6.3,149,1.6,1.6,0.0,0.0,1.0,3.5,-0.8,-0.1,4.8,-0.1,-0.1
62,Chad Green,NYY,RP,RP,6.2,72,1.7,1.8,-3.8,-11.9,1.3,2.9,3.0,0.0,0.4,4.3,-7.6
63,Alex Colome,CHW,RP,RP,6.0,65,0.4,0.5,7.4,6.4,-0.6,-1.4,-0.9,0.0,0.1,-4.4,1.9
64,Kyle Hendricks,CHC,SP,SP,5.8,182,3.0,3.0,0.0,0.0,0.9,1.0,-0.1,2.6,0.7,-0.1,-0.1
65,Dylan Bundy,LAA,SP,SP,5.8,166,1.9,1.8,0.0,0.0,0.3,1.6,1.1,1.1,1.9,-0.1,-0.1
66,Archie Bradley,ARI,RP,RP,5.8,58,-0.2,-0.2,7.4,6.4,-0.1,-1.3,-1.1,0.0,0.6,-1.4,4.9
67,Diego Castillo,TB,RP,RP,5.8,71,1.4,1.4,-1.5,-8.2,1.8,1.3,1.8,0.0,0.3,10.2,2.0
68,Will Smith,ATL,RP,RP,5.8,65,0.9,1.0,-0.2,-6.0,1.4,1.4,1.3,0.0,0.8,8.3,2.3
69,Mike Soroka,ATL,SP,SP,5.7,169,2.1,2.0,0.0,0.0,2.2,1.0,-0.6,2.3,2.7,-0.1,-0.1
70,Jon Gray,COL,SP,SP,5.6,169,2.0,1.9,0.0,0.0,1.1,-0.4,1.9,1.7,2.2,-0.1,-0.1
71,Kyle Gibson,TEX,SP,SP,5.3,173,2.5,2.5,0.0,0.0,2.2,-1.2,0.8,2.5,1.2,-0.1,-0.1
72,Chris Archer,PIT,SP,SP,5.2,158,-0.1,0.0,0.0,0.0,1.8,0.8,1.7,1.1,1.3,-0.1,-0.1
73,Marcus Stroman,NYM,SP,SP,5.1,176,2.6,2.6,0.0,0.0,3.0,-1.3,-0.3,3.1,1.3,-0.1,-0.1
74,Zac Gallen,ARI,SP,SP,5.1,146,0.0,0.1,0.0,0.0,1.9,1.6,0.5,0.0,3.1,-0.1,-0.1
75,Hansel Robles,LAA,RP,RP,5.0,65,0.4,0.5,5.2,2.8,-0.6,-0.7,-0.3,0.0,0.3,-1.4,1.3
76,Seth Lugo,NYM,RP,RP,4.9,78,1.7,1.8,-2.4,-9.7,1.1,1.4,2.1,0.0,-0.7,8.3,-1.4
77,Madison Bumgarner,ARI,SP,SP,4.9,179,1.1,1.1,0.0,0.0,0.0,1.1,1.8,2.0,0.0,-0.1,-0.1
78,Giovanny Gallegos,STL,RP,RP,4.9,71,1.1,1.1,-0.6,-6.7,0.7,1.4,1.4,0.0,-0.3,7.3,0.6
79,Joe Musgrove,PIT,SP,SP,4.8,173,0.8,0.8,0.0,0.0,1.4,1.2,0.3,2.2,-0.3,-0.1,-0.1
80,Matt Barnes,BOS,RP,RP,4.6,65,1.1,1.1,-0.6,-6.7,1.3,0.0,1.9,0.0,1.0,11.2,4.4
81,Jake Odorizzi,MIN,SP,SP,4.6,160,2.1,2.0,0.0,0.0,-0.1,0.3,1.2,0.4,3.0,-0.1,-0.1
82,Joe Jimenez,DET,RP,RP,4.5,58,-0.4,-0.5,5.2,2.8,-0.4,-0.3,-0.5,0.0,0.4,-1.4,1.3
83,Jesus Luzardo,OAK,SP,SP,4.4,126,-0.3,-0.4,0.0,0.0,3.1,3.2,-2.6,-1.1,6.4,-0.1,-0.1
84,Ian Kennedy,KC,RP,RP,4.1,65,0.1,0.1,5.2,2.8,-0.9,-0.6,-0.7,0.0,-0.1,-1.4,1.3
85,Tyler Duffey,MIN,RP,RP,4.0,84,2.5,2.8,-3.3,-11.2,0.4,0.7,2.7,0.0,-0.9,8.3,-2.9
86,Julio Urias,LAD,SP,SP,4.0,129,0.2,0.2,0.0,0.0,2.9,1.8,-1.8,-1.0,6.0,-0.1,-0.1
87,Kevin Gausman,SF,SP,SP,3.9,155,-0.1,0.0,0.0,0.0,2.3,1.5,-0.9,1.1,1.5,-0.1,-0.1
88,Lance McCullers Jr.,HOU,SP,SP,3.9,115,-0.3,-0.4,0.0,0.0,3.7,2.4,-2.8,-1.7,8.4,-0.1,-0.1
89,Mark Melancon,ATL,RP,RP,3.5,57,0.0,-0.1,5.2,2.8,0.5,-0.7,-2.4,0.0,1.2,-1.4,1.3
90,Shohei Ohtani,LAA,SP,SP,3.5,99,-2.3,-2.2,0.0,0.0,3.8,4.1,-3.2,-3.1,9.0,-0.1,-0.1
91,Mychal Givens,BAL,RP,RP,3.4,71,0.8,0.8,0.7,-4.6,-0.1,-0.4,1.3,0.0,-0.5,1.4,-3.1
92,Emilio Pagan,SD,RP,RP,3.3,65,0.6,0.6,-2.9,-10.4,1.0,2.3,1.2,0.0,0.4,9.2,-1.2
93,Garrett Richards,SD,SP,SP,3.3,127,-1.1,-1.1,0.0,0.0,3.6,2.0,-2.2,-0.8,5.5,-0.1,-0.1
94,Masahiro Tanaka,NYY,SP,SP,3.0,169,2.0,1.9,0.0,0.0,-0.1,0.6,-0.6,1.2,2.1,-0.1,-0.1
95,Jose Quintana,CHC,SP,SP,2.7,166,1.9,1.8,0.0,0.0,1.1,-0.7,-0.5,1.4,1.9,-0.1,-0.1
96,Josh James,HOU,SP,SP,2.5,112,-1.6,-1.6,0.0,0.0,2.6,2.1,-1.6,-4.6,8.1,1.2,1.2
97,Miles Mikolas,STL,SP,SP,2.4,159,0.4,0.5,0.0,0.0,1.7,1.9,-2.6,1.1,1.6,-0.1,-0.1
98,Blake Treinen,LAD,RP,RP,2.3,74,1.7,1.8,-2.4,-9.7,1.3,-0.2,0.9,0.0,0.1,7.3,-2.4
99,Steven Matz,NYM,SP,SP,2.1,155,0.6,0.6,0.0,0.0,1.0,0.0,-0.4,0.4,1.6,-0.1,-0.1
100,Caleb Smith,MIA,SP,SP,1.8,163,-0.9,-0.8,0.0,0.0,-0.1,0.1,1.7,0.7,-0.5,-0.1,-0.1
101,Joey Lucchesi,SD,SP,SP,1.8,163,0.6,0.6,0.0,0.0,1.1,-1.0,0.2,1.2,1.0,-0.1,-0.1
102,Johnny Cueto,SF,SP,SP,1.8,155,-0.6,-0.6,0.0,0.0,2.1,1.3,-2.0,1.0,1.6,-0.1,-0.1
103,James Paxton,NYY,SP,SP,1.6,99,-2.4,-2.3,0.0,0.0,3.0,3.7,-3.7,-3.5,8.8,-0.1,-0.1
104,Anthony DeSclafani,CIN,SP,SP,1.4,146,-0.6,-0.6,0.0,0.0,0.6,1.3,-0.9,-0.5,2.2,-0.1,-0.1
105,Nathan Eovaldi,BOS,SP,SP,1.3,130,-0.1,0.0,0.0,0.0,1.9,1.4,-3.0,-1.3,5.8,-0.1,-0.1
106,Ty Buttrey,LAA,RP,RP,1.2,65,0.9,1.0,-2.4,-9.7,0.9,0.6,0.2,0.0,0.8,11.2,1.4
107,Dellin Betances,NYM,RP,RP,1.0,55,0.1,0.1,-3.8,-11.9,1.7,1.3,0.6,0.0,1.6,6.4,-5.5
108,Pablo Lopez,MIA,SP,SP,1.0,149,-1.0,-1.0,0.0,0.0,2.1,1.4,-2.6,0.4,1.8,-0.1,-0.1
109,Josh Lindblom,MIL,SP,SP,0.9,151,-0.6,-0.6,0.0,0.0,0.1,1.0,-0.6,-0.4,2.5,-0.1,-0.1
110,Tommy Kahnle,NYY,RP,RP,0.7,65,0.9,1.0,-3.8,-11.9,0.8,0.6,1.1,0.0,0.8,11.2,-0.7
111,Kenta Maeda,MIN,SP,SP,0.7,151,1.1,1.1,0.0,0.0,-0.5,-0.5,-0.3,-0.6,3.3,-0.1,-0.1
112,Mitch Keller,PIT,SP,SP,0.7,130,-1.6,-1.6,0.0,0.0,2.2,0.8,-1.6,-1.2,3.7,-0.1,-0.1
113,Mike Foltynewicz,ATL,SP,SP,0.1,167,0.8,0.8,0.0,0.0,-0.8,-1.2,0.3,0.7,0.9,-0.1,-0.1
114,Erik Swanson,SEA,RP,RP,0.0,88,1.7,1.8,-3.8,-11.9,-1.1,0.2,1.9,1.7,-3.1,1.4,-10.4
115,Rick Porcello,NYM,SP,SP,-0.1,161,0.2,0.2,0.0,0.0,-0.3,0.1,-1.0,0.4,0.7,-0.1,-0.1
116,Ryan Pressly,HOU,RP,RP,-0.1,58,0.6,0.6,-3.8,-11.9,1.2,1.2,-0.3,0.0,1.6,11.2,-0.7
117,Sean Manaea,OAK,SP,SP,-0.3,157,0.7,0.7,0.0,0.0,0.3,0.1,-2.3,0.2,2.7,-0.1,-0.1
118,Colin Poche,TB,RP,RP,-0.3,54,-0.4,-0.5,-2.4,-9.7,0.6,1.0,-0.1,0.0,1.4,6.4,-3.4
119,Ross Stripling,LAD,SP,SP,-0.4,105,-2.5,-2.4,0.0,0.0,3.0,3.2,-5.2,-5.2,8.1,1.2,1.2
120,Scott Barlow,KC,RP,RP,-0.4,84,1.7,1.8,-3.8,-11.9,-0.4,-1.5,2.5,0.0,-1.8,8.3,-3.6
121,Andrew Miller,STL,RP,RP,-0.6,58,0.0,-0.1,-1.5,-8.2,0.6,-0.1,-0.5,0.0,0.8,9.2,1.1
122,Cole Hamels,ATL,SP,SP,-0.7,131,-0.9,-0.8,0.0,0.0,1.6,0.1,-2.6,-1.3,4.8,-0.1,-0.1
123,Jakob Junis,KC,SP,SP,-0.7,176,0.4,0.5,0.0,0.0,-1.2,-0.9,0.1,1.2,-1.1,-0.1,-0.1
124,Jon Lester,CHC,SP,SP,-1.1,173,1.3,1.3,0.0,0.0,-1.0,-2.4,0.1,1.1,0.1,-0.1,-0.1
125,Lucas Sims,CIN,RP,RP,-1.2,63,0.4,0.5,-3.8,-11.9,0.0,0.0,1.1,0.8,0.1,2.4,-9.5
126,Tony Watson,SF,RP,RP,-1.2,58,-0.4,-0.5,0.7,-4.6,0.2,-0.4,-2.3,0.0,0.4,5.4,0.8
127,Daniel Hudson,WSH,RP,RP,-1.2,78,1.3,1.3,-1.5,-8.2,-0.9,-2.0,1.0,0.0,-1.1,5.4,-2.8
128,Luke Weaver,ARI,SP,SP,-1.3,112,-2.7,-2.6,0.0,0.0,2.0,2.1,-3.8,-2.8,6.1,-0.1,-0.1
129,Matt Strahm,SD,RP,RP,-1.4,64,0.4,0.5,-3.8,-11.9,0.3,0.8,-0.2,0.0,0.3,6.4,-5.5
130,Luke Jackson,ATL,RP,RP,-1.5,55,0.0,-0.1,-2.4,-9.7,0.9,-0.2,-0.7,0.0,1.4,6.4,-3.4
131,Rafael Montero,TEX,RP,RP,-1.6,60,0.1,0.1,-2.4,-9.7,0.3,0.0,-0.6,0.0,0.8,6.4,-3.4
132,Reynaldo Lopez,CHW,SP,SP,-1.6,166,0.4,0.5,0.0,0.0,-2.0,-1.2,0.1,0.1,0.3,-0.1,-0.1
133,Andres Munoz,SD,RP,RP,-1.6,55,0.0,-0.1,-3.8,-11.9,1.2,0.0,0.0,0.0,1.4,3.4,-8.5
134,Dallas Keuchel,CHW,SP,SP,-1.6,182,2.2,2.2,0.0,0.0,0.6,-3.9,-1.5,2.5,0.7,-0.1,-0.1
135,Framber Valdez,HOU,RP,RP,-1.8,61,1.1,1.1,-3.8,-11.9,1.2,-1.0,-0.3,1.1,1.4,-0.5,-12.4
136,Adrian Houser,MIL,SP,SP,-1.9,138,-0.6,-0.6,0.0,0.0,1.1,-0.7,-2.6,-1.1,3.3,-0.1,-0.1
137,Amir Garrett,CIN,RP,RP,-2.0,65,0.4,0.5,-3.8,-11.9,0.2,-0.8,1.0,0.0,0.3,8.3,-3.6
138,Collin McHugh,FA,RP,RP,-2.0,72,1.3,1.3,-3.8,-11.9,-0.3,-0.7,0.5,1.9,-0.9,2.4,-9.5
139,John Gant,STL,RP,RP,-2.1,71,0.8,0.8,-1.5,-8.2,-0.1,-2.0,-0.2,0.0,-0.7,8.3,0.1
140,Alex Wood,LAD,SP,SP,-2.1,114,-1.6,-1.6,0.0,0.0,2.4,1.5,-5.5,-2.4,7.2,-0.1,-0.1
141,Wilmer Font,TOR,RP,RP,-2.2,65,0.4,0.5,-3.8,-11.9,-0.5,0.3,0.3,0.0,0.1,3.4,-8.5
142,Kevin Ginkel,ARI,RP,RP,-2.3,60,0.1,0.1,-3.8,-11.9,0.2,0.1,0.0,0.0,0.6,4.3,-7.6
143,Marco Gonzales,SEA,SP,SP,-2.4,185,0.2,0.2,0.0,0.0,-0.7,-1.6,-1.3,2.3,-2.6,-0.1,-0.1
144,Kwang-Hyun Kim,STL,SP,SP,-2.4,24,-3.6,-3.5,0.0,0.0,5.8,9.4,-15.1,-4.9,15.6,1.2,1.2
145,Joe Kelly,LAD,RP,RP,-2.4,58,0.4,0.5,-3.8,-11.9,1.1,-0.3,-0.9,0.0,1.4,5.4,-6.5
146,Drew Smyly,SF,SP,SP,-2.5,122,-2.8,-2.8,0.0,0.0,1.2,1.1,-3.1,-2.4,3.7,-0.1,-0.1
147,Ray Black,MIL,RP,RP,-2.6,54,-0.4,-0.5,-3.8,-11.9,0.3,0.3,0.0,0.0,1.4,4.3,-7.6
148,Danny Duffy,KC,SP,SP,-2.6,164,-0.3,-0.4,0.0,0.0,-0.7,-1.3,-1.2,0.4,0.4,-0.1,-0.1
149,Jesse Chavez,TEX,RP,RP,-2.6,78,1.3,1.3,-2.9,-10.4,-0.9,-1.3,0.2,0.0,-1.3,5.4,-5.0
150,Freddy Peralta,MIL,SP,SP,-2.6,91,-4.8,-4.7,0.0,0.0,2.6,2.4,-3.7,-8.4,9.0,3.1,3.1
151,Carlos Martinez,STL,SP,SP,-2.8,136,-1.4,-1.3,0.0,0.0,1.6,-1.2,-2.9,-0.8,3.6,-0.1,-0.1
152,Seranthony Dominguez,PHI,RP,RP,-2.8,55,-0.2,-0.2,-3.8,-11.9,0.7,0.0,-0.6,0.0,1.4,3.4,-8.5
153,Shane Greene,ATL,RP,RP,-2.9,65,0.4,0.5,-2.4,-9.7,-0.2,-0.9,-0.8,0.0,0.3,6.4,-3.4
154,Scott Oberg,COL,RP,RP,-3.0,65,0.4,0.5,-0.6,-6.7,-0.6,-2.0,-1.1,0.0,0.1,5.4,-1.3
155,Ryne Stanek,MIA,RP,RP,-3.0,45,-1.2,-1.3,-1.5,-8.2,0.5,0.0,-1.8,0.0,1.8,8.3,0.1
156,Matt Magill,SEA,RP,RP,-3.0,60,-0.4,-0.5,-1.5,-8.2,-0.5,-0.7,-0.9,0.0,0.1,4.3,-3.8
157,Drew Pomeranz,SD,RP,RP,-3.1,52,-0.5,-0.6,-3.8,-11.9,0.9,0.2,-0.8,0.0,1.6,7.3,-4.6
158,Carlos Estevez,COL,RP,RP,-3.1,65,0.4,0.5,-2.4,-9.7,-0.7,-1.2,-0.1,0.0,0.1,7.3,-2.4
159,Will Harris,WSH,RP,RP,-3.3,58,0.1,0.1,-3.8,-11.9,0.8,0.0,-1.5,0.0,1.2,11.2,-0.7
160,Jairo Diaz,COL,RP,RP,-3.4,65,0.4,0.5,-2.4,-9.7,-0.4,-1.5,-0.6,0.0,0.3,5.4,-4.3
161,Anthony Bass,TOR,RP,RP,-3.4,65,0.3,0.2,-1.5,-8.2,-0.6,-1.2,-1.3,0.0,0.1,5.4,-2.8
162,John Brebbia,STL,RP,RP,-3.4,62,0.0,-0.1,-2.9,-10.4,-0.7,-0.2,-0.6,0.0,0.1,5.4,-5.0
163,Spencer Turnbull,DET,SP,SP,-3.5,146,-1.0,-1.0,0.0,0.0,0.0,-1.5,-2.1,-0.8,1.3,-0.1,-0.1
164,Brendan McKay,TB,SP,SP,-3.5,81,-4.6,-4.4,0.0,0.0,3.0,3.5,-6.5,-5.0,9.3,-0.1,-0.1
165,Robert Stephenson,CIN,RP,RP,-3.7,60,0.0,-0.1,-3.8,-11.9,-0.3,-0.8,0.3,0.0,0.4,4.3,-7.6
166,Jeff Samardzija,SF,SP,SP,-3.8,169,-1.0,-1.0,0.0,0.0,-0.9,-1.1,-1.7,0.7,-1.4,-0.1,-0.1
167,Chris Martin,ATL,RP,RP,-3.8,45,-0.9,-1.0,-3.8,-11.9,1.0,1.5,-2.7,0.0,2.3,5.4,-6.5
168,Griffin Canning,LAA,SP,SP,-3.9,95,-3.6,-3.5,0.0,0.0,1.8,2.4,-5.5,-4.3,8.2,-0.1,-0.1
169,Emmanuel Clase,CLE,RP,RP,-3.9,55,0.0,-0.1,-3.8,-11.9,0.5,0.0,-1.7,0.0,1.4,3.4,-8.5
170,Michael Lorenzen,CIN,RP,RP,-4.0,65,0.1,0.1,-1.5,-8.2,-0.6,-1.9,-1.0,0.0,-0.1,8.3,0.1
171,Oliver Drake,TB,RP,RP,-4.0,50,-0.5,-0.6,-3.8,-11.9,0.8,0.2,-1.8,0.0,1.8,2.4,-9.5
172,Corey Knebel,MIL,RP,RP,-4.1,41,-1.3,-1.6,-2.4,-9.7,0.6,0.3,-2.1,0.0,2.5,1.4,-8.3
173,Zack Britton,NYY,RP,RP,-4.2,65,0.9,1.0,-3.8,-11.9,1.3,-2.3,-1.3,0.0,0.8,11.2,-0.7
174,Jose Alvarado,TB,RP,RP,-4.2,44,-1.0,-1.2,-2.4,-9.7,0.9,-0.6,-2.1,0.0,2.3,4.3,-5.4
175,Aaron Civale,CLE,SP,SP,-4.2,139,-1.0,-1.0,0.0,0.0,-0.4,0.6,-4.4,-1.7,3.6,-0.1,-0.1
176,Adam Ottavino,NYY,RP,RP,-4.3,65,0.4,0.5,-3.8,-11.9,-0.9,-1.9,0.8,0.0,0.3,11.2,-0.7
177,Jake Arrieta,PHI,SP,SP,-4.3,164,0.2,0.2,0.0,0.0,-0.8,-2.9,-1.8,0.4,0.4,-0.1,-0.1
178,Josh Taylor,BOS,RP,RP,-4.3,60,0.3,0.2,-3.8,-11.9,0.1,-1.1,-0.8,0.0,1.0,4.3,-7.6
179,Cody Reed,CIN,RP,RP,-4.4,59,0.0,-0.1,-3.8,-11.9,0.3,-1.0,-0.9,0.0,0.6,0.5,-11.4
180,Pedro Baez,LAD,RP,RP,-4.4,65,0.4,0.5,-3.8,-11.9,-0.6,-0.7,-0.7,0.0,0.3,8.3,-3.6
181,Sean Newcomb,ATL,SP,SP,-4.5,122,-1.8,-1.7,0.0,0.0,1.1,-1.5,-3.3,-2.4,5.2,-0.1,-0.1
182,Joakim Soria,OAK,RP,RP,-4.5,55,-0.2,-0.2,-3.3,-11.2,0.0,-0.2,-1.8,0.0,1.2,7.3,-3.8
183,A.J. Puk,OAK,SP,SP,-4.6,84,-4.3,-4.2,0.0,0.0,2.6,2.3,-6.2,-4.9,9.6,-0.1,-0.1
184,Darwinzon Hernandez,BOS,RP,RP,-4.8,60,0.3,0.2,-3.8,-11.9,-0.1,-2.8,0.5,0.0,1.0,4.3,-7.6
185,Mike Leake,ARI,SP,SP,-4.9,169,-0.1,0.0,0.0,0.0,-0.8,-1.3,-3.7,0.8,-0.2,-0.1,-0.1
186,Roenis Elias,WSH,RP,RP,-4.9,66,0.4,0.5,-2.9,-10.4,-0.8,-1.5,-1.2,0.0,-0.1,3.4,-7.1
187,Junior Guerra,ARI,RP,RP,-4.9,78,1.1,1.1,-3.8,-11.9,-1.3,-2.6,0.8,0.0,-1.4,8.3,-3.6
188,Jace Fry,CHW,RP,RP,-4.9,58,0.1,0.1,-3.8,-11.9,0.3,-1.9,-0.6,0.0,1.0,5.4,-6.5
189,Nick Wittgren,CLE,RP,RP,-5.0,71,0.8,0.8,-3.8,-11.9,-1.2,-1.3,-0.5,0.0,-0.5,8.3,-3.6
190,Adam Wainwright,STL,SP,SP,-5.1,134,-1.8,-1.7,0.0,0.0,0.9,-1.3,-3.9,-1.4,3.4,-0.1,-0.1
191,Tony Gonsolin,LAD,SP,SP,-5.1,89,-5.0,-4.8,0.0,0.0,2.2,2.6,-5.9,-9.0,9.4,1.2,1.2
192,Sam Tuivailala,SEA,RP,RP,-5.2,65,-0.2,-0.2,-1.5,-8.2,-1.2,-1.7,-1.5,0.0,-0.5,5.4,-2.8
193,Yusei Kikuchi,SEA,SP,SP,-5.2,157,-1.2,-1.2,0.0,0.0,-0.7,-1.7,-2.5,-0.1,-0.5,-0.1,-0.1
194,Tanner Rainey,WSH,RP,RP,-5.2,54,-0.4,-0.5,-3.8,-11.9,0.3,-2.2,-0.1,0.0,1.4,4.3,-7.6
195,Trevor Gott,SF,RP,RP,-5.3,55,-0.5,-0.6,-3.8,-11.9,0.5,-0.6,-1.9,0.0,0.8,3.4,-8.5
196,Anibal Sanchez,WSH,SP,SP,-5.3,161,-0.1,0.0,0.0,0.0,-2.1,-2.6,-1.5,-0.5,0.1,-0.1,-0.1
197,Brad Wieck,CHC,RP,RP,-5.3,44,-1.0,-1.2,-3.8,-11.9,0.3,0.0,-1.9,0.0,2.3,3.4,-8.5
198,Pedro Strop,CIN,RP,RP,-5.4,60,-0.2,-0.2,-2.9,-10.4,-0.5,-1.6,-1.2,0.0,0.4,4.3,-6.1
199,Ryan Yarbrough,TB,SP,SP,-5.4,125,-2.4,-2.3,0.0,0.0,0.7,0.5,-5.3,-2.4,4.5,-0.1,-0.1
200,Brett Martin,TEX,RP,RP,-5.4,55,-0.2,-0.2,-3.8,-11.9,0.4,-0.7,-2.1,0.0,1.2,3.4,-8.5
201,James Karinchak,CLE,RP,RP,-5.4,41,-1.2,-1.3,-3.8,-11.9,0.6,-0.1,-2.0,0.0,2.7,1.4,-10.4
202,J.A. Happ,NYY,SP,SP,-5.4,120,-2.0,-1.9,0.0,0.0,-0.1,-0.1,-4.2,-3.1,5.5,-0.1,-0.1
203,Dennis Santana,LAD,RP,RP,-5.5,52,-0.2,-0.2,-3.8,-11.9,0.1,-0.8,-1.9,0.8,1.4,-2.4,-14.3
204,Michael Feliz,PIT,RP,RP,-5.6,55,-0.7,-0.8,-3.8,-11.9,-0.3,-1.0,-0.9,0.0,0.6,3.4,-8.5
205,Aaron Bummer,CHW,RP,RP,-5.6,48,-0.7,-0.8,-2.9,-10.4,0.7,-1.0,-2.8,0.0,2.0,10.2,-0.2
206,Yonny Chirinos,TB,SP,SP,-5.6,109,-3.3,-3.2,0.0,0.0,1.5,1.3,-6.1,-3.4,6.3,-0.1,-0.1
207,Eric Lauer,MIL,SP,SP,-5.6,132,-1.8,-1.7,0.0,0.0,-0.3,-1.4,-3.2,-2.2,3.3,-0.1,-0.1
208,Wade Miley,CIN,SP,SP,-5.6,138,-1.1,-1.1,0.0,0.0,0.8,-3.0,-3.3,-1.2,2.7,-0.1,-0.1
209,Kyle Crick,PIT,RP,RP,-5.7,58,-0.5,-0.6,-2.4,-9.7,-0.7,-2.0,-1.0,0.0,0.3,7.3,-2.4
210,Justin Wilson,NYM,RP,RP,-5.7,48,-0.9,-1.0,-3.8,-11.9,0.4,-0.7,-1.9,0.0,1.8,6.4,-5.5
211,Matt Shoemaker,TOR,SP,SP,-5.7,126,-2.5,-2.4,0.0,0.0,-0.6,0.5,-4.1,-2.8,3.7,-0.1,-0.1
212,Marcus Walden,BOS,RP,RP,-5.7,62,0.3,0.2,-2.4,-9.7,-0.6,-2.1,-1.9,0.0,0.6,4.3,-5.4
213,Jordan Montgomery,NYY,SP,SP,-5.7,101,-3.2,-3.1,0.0,0.0,0.8,1.4,-5.7,-4.3,7.5,-0.1,-0.1
214,Matt Hall,BOS,RP,RP,-5.7,55,0.0,-0.1,-3.8,-11.9,0.0,-1.2,-1.7,0.0,1.4,-1.4,-13.3
215,Tanner Roark,TOR,SP,SP,-5.7,173,-0.2,-0.2,0.0,0.0,-3.0,-2.7,-0.8,0.1,-1.2,-0.1,-0.1
216,Daniel Norris,DET,SP,SP,-5.8,146,-1.4,-1.3,0.0,0.0,-1.1,-1.7,-2.7,-1.4,0.7,-0.1,-0.1
217,Sam Gaviglio,TOR,RP,RP,-5.8,74,0.8,0.8,-3.8,-11.9,-1.5,-1.5,-0.7,0.0,-1.1,4.3,-7.6
218,Trevor May,MIN,RP,RP,-5.8,48,-0.7,-0.8,-3.3,-11.2,-0.3,-0.4,-2.0,0.0,2.0,7.3,-3.8
219,Sandy Alcantara,MIA,SP,SP,-5.8,182,-0.6,-0.6,0.0,0.0,-1.2,-4.8,-0.2,1.8,-2.9,-0.1,-0.1
220,Craig Stammen,SD,RP,RP,-5.8,58,-0.2,-0.2,-3.8,-11.9,-0.1,-0.7,-2.0,0.0,0.6,11.2,-0.7
221,Jeurys Familia,NYM,RP,RP,-5.9,60,0.0,-0.1,-3.8,-11.9,0.1,-2.1,-1.1,0.0,0.6,7.3,-4.6
222,Hunter Harvey,BAL,RP,RP,-5.9,57,-0.7,-0.8,-2.4,-9.7,-1.1,-1.1,-1.6,0.0,0.4,6.4,-3.4
223,Jordan Yamamoto,MIA,SP,SP,-5.9,126,-3.2,-3.1,0.0,0.0,0.3,-0.7,-3.4,-2.4,2.8,-0.1,-0.1
224,Luis Cessa,NYY,RP,RP,-6.0,81,1.7,1.8,-3.8,-11.9,-2.2,-3.0,0.2,1.6,-2.2,3.4,-8.5
225,Merrill Kelly,ARI,SP,SP,-6.0,141,-1.8,-1.7,0.0,0.0,-0.7,-1.6,-2.9,-1.6,2.2,-0.1,-0.1
226,Matt Andriese,LAA,RP,RP,-6.1,55,-0.2,-0.2,-3.8,-11.9,-0.3,-0.5,-2.3,0.0,1.2,3.4,-8.5
227,Cam Bedrosian,LAA,RP,RP,-6.1,55,-0.2,-0.2,-3.8,-11.9,-0.2,-0.9,-2.0,0.0,1.2,4.3,-7.6
228,Noe Ramirez,LAA,RP,RP,-6.2,55,-0.4,-0.5,-3.8,-11.9,-0.6,-0.6,-1.9,0.0,1.2,2.4,-9.5
229,Jake Diekman,OAK,RP,RP,-6.2,45,-0.9,-1.0,-3.8,-11.9,0.6,-0.9,-2.2,0.0,2.3,11.2,-0.7
230,Richard Rodriguez,PIT,RP,RP,-6.2,58,-0.5,-0.6,-3.8,-11.9,-0.7,-0.7,-1.5,0.0,0.3,8.3,-3.6
231,Ranger Suarez,PHI,RP,RP,-6.2,59,0.0,-0.1,-3.8,-11.9,-0.1,-1.1,-2.2,0.0,0.6,2.4,-9.5
232,Brandon Kintzler,MIA,RP,RP,-6.3,54,-0.9,-1.0,-1.5,-8.2,-0.1,-1.4,-3.4,0.0,0.8,6.4,-1.8
233,Brad Peacock,HOU,SP,SP,-6.4,92,-3.9,-3.8,0.0,0.0,1.1,1.0,-5.6,-6.2,8.8,0.6,0.6
234,Nick Pivetta,PHI,SP,SP,-6.4,87,-5.0,-4.8,0.0,0.0,1.9,1.7,-6.0,-6.8,8.5,1.2,1.2
235,Brad Keller,KC,SP,SP,-6.4,182,0.8,0.8,0.0,0.0,-1.0,-5.6,-1.6,1.8,-1.7,-0.1,-0.1
236,Dylan Cease,CHW,SP,SP,-6.4,101,-3.6,-3.5,0.0,0.0,1.2,-0.4,-4.7,-4.2,7.2,-0.1,-0.1
237,Andrew Chafin,ARI,RP,RP,-6.5,45,-1.0,-1.2,-3.8,-11.9,0.6,-0.7,-2.6,0.0,2.1,8.3,-3.6
238,Brandon Brennan,SEA,RP,RP,-6.5,65,0.0,-0.1,-3.8,-11.9,-0.3,-2.2,-1.2,0.0,-0.3,5.4,-6.5
239,Zach Eflin,PHI,SP,SP,-6.5,151,-1.1,-1.1,0.0,0.0,-1.9,-1.6,-2.9,-1.2,0.9,-0.1,-0.1
240,Buck Farmer,DET,RP,RP,-6.6,65,0.0,-0.1,-3.8,-11.9,-1.1,-1.9,-0.8,0.0,-0.3,8.3,-3.6
241,Hector Rondon,ARI,RP,RP,-6.6,54,-0.5,-0.6,-3.8,-11.9,-0.3,-0.9,-2.1,0.0,1.0,7.3,-4.6
242,Michael Pineda,MIN,SP,SP,-6.6,92,-3.8,-3.7,0.0,0.0,1.1,2.0,-6.9,-5.0,8.7,-0.1,-0.1
243,Lou Trivino,OAK,RP,RP,-6.6,57,-0.2,-0.2,-3.3,-11.2,-0.5,-1.6,-1.9,0.0,1.0,6.4,-4.8
244,Sam Coonrod,SF,RP,RP,-6.7,55,-0.7,-0.8,-3.8,-11.9,0.0,-1.2,-2.0,0.0,0.6,1.4,-10.4
245,Corbin Burnes,MIL,SP,SP,-6.7,78,-6.1,-6.0,0.0,0.0,2.7,2.4,-6.7,-10.2,10.3,3.7,3.7
246,Martin Perez,BOS,SP,SP,-6.7,137,-0.2,-0.2,0.0,0.0,0.1,-3.1,-4.6,-1.6,4.2,-0.1,-0.1
247,Alex Reyes,STL,RP,RP,-6.8,44,-1.3,-1.6,-3.8,-11.9,0.3,-0.6,-2.4,0.0,2.1,-0.5,-12.4
248,Yusmeiro Petit,OAK,RP,RP,-6.8,68,0.4,0.5,-3.8,-11.9,-1.8,-1.1,-1.6,0.0,-0.3,9.2,-2.6
249,Austin Pruitt,HOU,RP,RP,-6.8,62,0.8,0.8,-3.8,-11.9,-1.0,-1.4,-2.3,1.8,0.3,-1.4,-13.3
250,Brusdar Graterol,LAD,RP,RP,-6.8,41,-1.2,-1.3,-3.8,-11.9,0.5,0.1,-3.4,0.0,2.7,1.4,-10.4
251,Vince Velasquez,PHI,SP,SP,-6.9,86,-5.2,-5.2,0.0,0.0,1.3,1.9,-5.9,-7.3,8.2,1.2,1.2
252,Chris Devenski,HOU,RP,RP,-6.9,50,-0.7,-0.8,-3.8,-11.9,-0.7,-0.3,-2.4,0.0,1.8,3.4,-8.5
253,Darren O’Day,ATL,RP,RP,-6.9,45,-1.2,-1.3,-3.8,-11.9,-0.1,-0.1,-2.7,0.0,2.0,0.5,-11.4
254,Keynan Middleton,LAA,RP,RP,-6.9,62,0.1,0.1,-3.8,-11.9,-1.2,-1.6,-1.4,0.0,0.3,1.4,-10.4
255,Bo Takahashi,ARI,RP,RP,-6.9,24,-4.9,-5.4,-3.8,-11.9,3.1,6.7,-9.0,0.0,5.9,-2.4,-14.3
256,Alvaro Seijas,STL,RP,RP,-6.9,24,-4.9,-5.4,-3.8,-11.9,3.1,6.7,-9.0,0.0,5.9,-2.4,-14.3
257,Chaz Roe,TB,RP,RP,-6.9,52,-0.7,-0.8,-3.8,-11.9,-0.2,-1.2,-2.1,0.0,1.2,8.3,-3.6
258,Oliver Perez,CLE,RP,RP,-7.0,45,-1.0,-1.2,-3.8,-11.9,-0.2,-0.2,-2.9,0.0,2.0,8.3,-3.6
259,Ryan Brasier,BOS,RP,RP,-7.0,50,-0.7,-0.8,-3.8,-11.9,-0.6,-0.4,-2.6,0.0,1.6,3.4,-8.5
260,Jose Cisnero,DET,RP,RP,-7.0,65,0.0,-0.1,-3.8,-11.9,-1.4,-2.0,-0.8,0.0,-0.3,5.4,-6.5
261,Mike Fiers,OAK,SP,SP,-7.0,173,0.3,0.4,0.0,0.0,-3.3,-2.9,-2.1,0.0,-0.6,-0.1,-0.1
262,Jordan Lyles,TEX,SP,SP,-7.1,124,-2.4,-2.3,0.0,0.0,-0.4,-1.2,-4.0,-2.9,3.9,-0.1,-0.1
263,Brent Suter,MIL,RP,RP,-7.2,51,-0.7,-0.8,-3.8,-11.9,-0.4,-0.3,-3.0,0.8,1.2,0.5,-11.4
264,Kyle Ryan,CHC,RP,RP,-7.3,65,0.4,0.5,-3.8,-11.9,-0.3,-2.9,-1.7,0.0,0.3,5.4,-6.5
265,Jose Castillo,SD,RP,RP,-7.3,36,-1.8,-2.0,-3.8,-11.9,0.5,0.1,-3.3,0.0,2.9,-0.5,-12.4
266,Pierce Johnson,SD,RP,RP,-7.4,55,-0.7,-0.8,-3.8,-11.9,-0.6,-1.4,-2.0,0.0,0.8,0.5,-11.4
267,Yoshihisa Hirano,SEA,RP,RP,-7.4,51,-1.3,-1.6,-0.6,-6.7,-1.2,-2.0,-3.2,0.0,0.8,4.3,-2.4
268,Wade Davis,COL,RP,RP,-7.4,50,-1.2,-1.3,0.7,-4.6,-2.0,-3.1,-2.8,0.0,1.2,2.4,-2.2
269,Jandel Gustave,SF,RP,RP,-7.5,57,-0.7,-0.8,-3.8,-11.9,-0.3,-1.3,-2.4,0.0,0.4,4.3,-7.6
270,Rowan Wick,CHC,RP,RP,-7.5,52,-0.7,-0.8,-3.8,-11.9,-0.3,-1.6,-2.2,0.0,1.4,5.4,-6.5
271,Brett Anderson,MIL,SP,SP,-7.5,143,-0.7,-0.7,0.0,0.0,0.5,-2.6,-5.7,-0.8,2.7,-0.1,-0.1
272,Logan Webb,SF,SP,SP,-7.6,93,-4.7,-4.6,0.0,0.0,2.5,0.7,-7.1,-4.3,7.3,-0.1,-0.1
273,Chris Bassitt,OAK,SP,SP,-7.7,89,-4.3,-4.2,0.0,0.0,1.4,1.4,-7.2,-5.2,8.5,-0.1,-0.1
274,Trevor Williams,PIT,SP,SP,-7.7,164,-1.4,-1.3,0.0,0.0,-2.0,-3.2,-2.1,-0.1,-1.6,-0.1,-0.1
275,Bryan Abreu,HOU,RP,RP,-7.7,45,-1.0,-1.2,-3.8,-11.9,-0.3,-1.4,-2.2,0.0,2.1,0.5,-11.4
276,Jeff Brigham,MIA,RP,RP,-7.7,50,-1.2,-1.3,-3.8,-11.9,-0.5,-0.7,-2.5,0.0,1.0,3.4,-8.5
277,Pete Fairbanks,TB,RP,RP,-7.7,36,-1.8,-2.0,-3.8,-11.9,0.4,0.1,-3.7,0.0,2.9,0.5,-11.4
278,Jose Alvarez,PHI,RP,RP,-7.8,52,-0.7,-0.8,-3.8,-11.9,-0.3,-1.2,-2.9,0.0,1.2,8.3,-3.6
279,Adrian Morejon,SD,RP,RP,-7.8,37,-1.8,-2.0,-3.8,-11.9,0.5,-0.1,-3.6,0.0,2.9,-2.4,-14.3
280,Sergio Romo,MIN,RP,RP,-7.8,58,-0.2,-0.2,-2.4,-9.7,-2.0,-1.9,-2.3,0.0,0.6,8.3,-1.4
281,Tyler Anderson,SF,SP,SP,-7.9,76,-5.9,-5.8,0.0,0.0,2.6,2.3,-7.9,-5.6,9.0,-0.1,-0.1
282,Zack Littell,MIN,RP,RP,-7.9,53,-0.5,-0.6,-3.8,-11.9,-0.8,-1.2,-2.5,0.0,1.4,-0.5,-12.4
283,Tyler Mahle,CIN,SP,SP,-7.9,73,-6.4,-6.2,0.0,0.0,2.3,2.6,-7.4,-9.0,10.0,1.2,1.2
284,Dakota Hudson,STL,SP,SP,-8.0,158,-0.5,-0.5,0.0,0.0,0.3,-5.5,-3.3,0.4,0.9,-0.1,-0.1
285,Steve Cishek,CHW,RP,RP,-8.0,58,-0.4,-0.5,-2.4,-9.7,-1.5,-2.6,-2.1,0.0,0.4,7.3,-2.4
286,Jalen Beeks,TB,RP,RP,-8.0,49,-1.0,-1.2,-3.8,-11.9,-0.1,-1.1,-3.0,0.0,1.6,-2.4,-14.3
287,Michael Wacha,NYM,SP,SP,-8.1,91,-5.5,-5.4,0.0,0.0,2.1,0.9,-6.6,-9.7,8.8,1.8,1.8
288,Yimi Garcia,MIA,RP,RP,-8.2,50,-1.3,-1.6,-3.8,-11.9,-0.8,-0.3,-2.9,0.0,1.0,3.4,-8.5
289,Jon Duplantier,ARI,RP,RP,-8.2,49,-1.0,-1.2,-3.8,-11.9,-0.3,-1.7,-2.4,0.0,1.6,-2.4,-14.3
290,Dustin May,LAD,SP,SP,-8.2,72,-5.4,-5.3,0.0,0.0,2.7,2.5,-8.9,-6.6,10.6,0.6,0.6
291,Jose Urena,MIA,RP,RP,-8.3,60,-0.2,-0.2,-3.8,-11.9,-0.8,-1.8,-2.6,3.1,-0.9,-1.4,-13.3
292,Anthony Banda,TB,RP,RP,-8.3,44,-1.3,-1.6,-3.8,-11.9,-0.1,-0.7,-3.4,0.0,2.0,-2.4,-14.3
293,John Means,BAL,SP,SP,-8.3,169,-1.4,-1.3,0.0,0.0,-3.7,-2.0,-2.2,-0.5,-2.0,-0.1,-0.1
294,Michael Kopech,CHW,SP,SP,-8.3,79,-5.4,-5.3,0.0,0.0,1.2,1.2,-6.3,-6.1,9.0,-0.1,-0.1
295,Chris Stratton,PIT,RP,RP,-8.4,57,-0.7,-0.8,-3.8,-11.9,-0.7,-1.9,-2.4,0.0,0.4,-0.5,-12.4
296,Rich Hill,MIN,SP,SP,-8.5,68,-5.5,-5.4,0.0,0.0,1.9,2.2,-8.1,-6.6,10.8,-0.1,-0.1
297,Grant Dayton,ATL,RP,RP,-8.6,36,-1.8,-2.0,-3.8,-11.9,-0.1,0.1,-4.0,0.0,2.9,-0.5,-12.4
298,Joe Smith,HOU,RP,RP,-8.6,44,-1.0,-1.2,-3.8,-11.9,-0.4,-0.6,-3.8,0.0,2.3,3.4,-8.5
299,Clay Holmes,PIT,RP,RP,-8.6,59,-0.4,-0.5,-3.8,-11.9,-0.4,-3.5,-1.6,0.0,0.3,0.5,-11.4
300,Corey Oswalt,NYM,RP,RP,-8.6,44,-1.3,-1.6,-3.8,-11.9,-0.4,-0.5,-3.6,0.0,2.0,-2.4,-14.3
301,Tyler Rogers,SF,RP,RP,-8.6,60,-0.4,-0.5,-3.3,-11.2,-0.3,-2.7,-3.0,0.0,0.1,4.3,-6.8
302,Austin Voth,WSH,SP,SP,-8.7,70,-6.4,-6.2,0.0,0.0,2.4,2.5,-8.2,-9.0,10.6,1.2,1.2
303,Blake Parker,PHI,RP,RP,-8.7,41,-1.7,-1.9,-2.9,-10.4,-0.7,-0.8,-3.6,0.0,2.1,1.4,-9.0
304,Trevor Megill,CHC,RP,RP,-8.7,41,-1.5,-1.7,-3.8,-11.9,-0.2,-0.6,-3.6,0.0,2.5,-0.5,-12.4
305,Richard Bleier,BAL,RP,RP,-8.7,71,0.4,0.5,-3.3,-11.2,-0.9,-2.6,-3.3,0.0,-0.9,5.4,-5.8
306,Homer Bailey,MIN,SP,SP,-8.7,120,-1.9,-1.8,0.0,0.0,-0.9,-1.3,-5.6,-3.5,5.2,-0.1,-0.1
307,Dan Altavilla,SEA,RP,RP,-8.8,41,-1.8,-2.0,-3.8,-11.9,-0.3,-1.0,-3.0,0.0,2.0,0.5,-11.4
308,J.B. Wendelken,OAK,RP,RP,-8.9,46,-1.2,-1.3,-3.8,-11.9,-0.6,-1.2,-3.2,0.0,1.8,-0.5,-12.4
309,Justin Anderson,LAA,RP,RP,-8.9,48,-0.9,-1.0,-3.8,-11.9,-0.5,-2.1,-2.6,0.0,1.8,2.4,-9.5
310,Alec Mills,CHC,SP,SP,-9.0,88,-5.4,-5.3,0.0,0.0,1.3,1.3,-7.2,-8.6,8.8,1.2,1.2
311,Paul Fry,BAL,RP,RP,-9.0,50,-1.2,-1.3,-2.4,-9.7,-0.7,-2.6,-3.1,0.0,1.2,3.4,-6.4
312,Hunter Wood,CLE,RP,RP,-9.0,46,-1.2,-1.3,-3.8,-11.9,-0.9,-0.9,-3.3,0.0,1.8,0.5,-11.4
313,Adam Cimber,CLE,RP,RP,-9.0,65,0.3,0.2,-3.8,-11.9,-1.2,-2.4,-2.9,0.0,0.1,8.3,-3.6
314,Alex Claudio,MIL,RP,RP,-9.1,65,0.3,0.2,-3.8,-11.9,-0.5,-3.0,-3.1,0.0,0.1,8.3,-3.6
315,Felix Pena,LAA,RP,RP,-9.1,41,-1.5,-1.7,-3.8,-11.9,-0.4,-0.6,-3.7,0.0,2.3,-2.4,-14.3
316,Duane Underwood,CHC,RP,RP,-9.1,45,-1.2,-1.3,-3.8,-11.9,-0.6,-1.4,-3.2,0.0,2.0,0.5,-11.4
317,Carlos Rodon,CHW,SP,SP,-9.1,80,-5.6,-5.5,0.0,0.0,1.5,1.3,-7.2,-7.3,9.4,1.2,1.2
318,Taylor Cole,LAA,RP,RP,-9.1,44,-1.2,-1.3,-3.8,-11.9,-0.2,-1.3,-3.7,0.0,2.1,-0.5,-12.4
319,Casey Sadler,CHC,RP,RP,-9.1,44,-1.3,-1.6,-3.8,-11.9,-0.3,-0.8,-3.9,0.0,2.1,-0.5,-12.4
320,Jeffrey Springs,BOS,RP,RP,-9.1,41,-1.3,-1.6,-3.8,-11.9,-0.5,-1.0,-3.4,0.0,2.3,-2.4,-14.3
321,Sean Reid-Foley,TOR,RP,RP,-9.1,50,-1.0,-1.2,-3.8,-11.9,-1.0,-2.2,-2.1,0.0,1.2,-0.5,-12.4
322,Logan Allen,CLE,SP,SP,-9.1,100,-4.3,-4.2,0.0,0.0,0.7,-0.4,-6.2,-7.2,7.6,1.2,1.2
323,Gio Gonzalez,CHW,SP,SP,-9.1,131,-1.8,-1.7,0.0,0.0,-0.8,-3.6,-4.0,-2.4,3.4,-0.1,-0.1
324,Jimmy Nelson,LAD,SP,SP,-9.2,70,-6.0,-5.9,0.0,0.0,2.3,1.9,-8.4,-8.2,10.8,1.2,1.2
325,Anthony Swarzak,PHI,RP,RP,-9.2,50,-1.0,-1.2,-3.8,-11.9,-1.0,-1.8,-2.6,0.0,1.2,6.4,-5.5
326,Jeremy Jeffress,CHC,RP,RP,-9.2,50,-0.9,-1.0,-3.8,-11.9,-0.4,-1.9,-3.3,0.0,1.6,3.4,-8.5
327,Wander Suero,WSH,RP,RP,-9.3,41,-1.5,-1.7,-3.8,-11.9,-0.3,-0.9,-3.8,0.0,2.3,3.4,-8.5
328,Tyler Chatwood,CHC,SP,SP,-9.3,99,-3.9,-3.8,0.0,0.0,1.7,-2.5,-5.6,-6.5,7.6,0.6,0.6
329,David Phelps,MIL,RP,RP,-9.3,45,-1.3,-1.6,-3.8,-11.9,-0.7,-1.5,-3.0,0.0,1.8,2.4,-9.5
330,Ryan Tepera,CHC,RP,RP,-9.4,50,-1.0,-1.2,-3.8,-11.9,-0.9,-1.6,-3.1,0.0,1.4,3.4,-8.5
331,Tommy Hunter,PHI,RP,RP,-9.4,41,-1.7,-1.9,-3.8,-11.9,-0.3,-0.4,-4.2,0.0,2.3,-0.5,-12.4
332,Andrew Kittredge,TB,RP,RP,-9.4,31,-2.3,-2.5,-3.8,-11.9,0.4,0.1,-4.7,0.0,3.3,0.5,-11.4
333,Ben Heller,NYY,RP,RP,-9.4,41,-1.5,-1.7,-3.8,-11.9,-0.7,-0.9,-3.6,0.0,2.3,-0.5,-12.4
334,Kelvin Herrera,CHW,RP,RP,-9.4,45,-1.3,-1.6,-3.8,-11.9,-0.9,-0.9,-3.4,0.0,1.8,3.4,-8.5
335,Joel Kuhnel,CIN,RP,RP,-9.4,50,-1.0,-1.2,-3.8,-11.9,-1.0,-1.6,-3.1,0.0,1.2,0.5,-11.4
336,Julio Teheran,LAA,SP,SP,-9.4,158,-0.7,-0.7,0.0,0.0,-3.3,-4.6,-1.7,-1.3,0.6,-0.1,-0.1
337,Shawn Kelley,FA,RP,RP,-9.4,41,-1.8,-2.0,-2.4,-9.7,-1.3,-0.8,-4.1,0.0,2.0,2.4,-7.3
338,Steven Brault,PIT,SP,SP,-9.5,140,-2.1,-2.0,0.0,0.0,-0.5,-4.6,-3.2,-1.7,1.2,-0.1,-0.1
339,Miguel Castro,BAL,RP,RP,-9.5,61,-0.5,-0.6,-2.4,-9.7,-1.8,-3.8,-2.0,0.0,-0.1,3.4,-6.4
340,Elieser Hernandez,MIA,SP,SP,-9.6,89,-5.6,-5.5,0.0,0.0,0.7,1.1,-6.8,-5.5,6.6,-0.1,-0.1
341,Deivi Garcia,NYY,RP,RP,-9.6,26,-3.9,-4.3,-3.8,-11.9,1.4,3.5,-7.7,1.1,4.6,-2.4,-14.3
342,Nick Goody,TEX,RP,RP,-9.7,41,-1.7,-1.9,-3.8,-11.9,-0.9,-1.0,-3.3,0.0,2.1,1.4,-10.4
343,Kendall Graveman,SEA,SP,SP,-9.7,114,-4.1,-4.0,0.0,0.0,0.4,-0.4,-6.6,-3.5,4.2,-0.1,-0.1
344,Brian Moran,MIA,RP,RP,-9.7,41,-1.8,-2.0,-3.8,-11.9,-0.2,-1.1,-3.9,0.0,2.0,1.4,-10.4
345,Kyle Freeland,COL,SP,SP,-9.7,149,-0.9,-0.8,0.0,0.0,-1.9,-4.9,-3.0,-1.6,1.6,-0.1,-0.1
346,Victor Arano,PHI,RP,RP,-9.7,36,-2.0,-2.2,-3.8,-11.9,-0.4,-0.4,-4.1,0.0,2.7,-0.5,-12.4
347,Tanner Scott,BAL,RP,RP,-9.7,36,-2.0,-2.2,-3.8,-11.9,0.1,-1.4,-3.7,0.0,2.7,0.5,-11.4
348,Jordan Hicks,STL,RP,RP,-9.7,23,-3.0,-3.2,-1.5,-8.2,0.2,-0.8,-5.6,0.0,4.0,-1.4,-9.6
349,Adam Morgan,PHI,RP,RP,-9.8,42,-1.7,-1.9,-3.8,-11.9,-0.8,-0.9,-3.7,0.0,2.0,7.3,-4.6
350,Derek Law,TEX,RP,RP,-9.8,46,-1.2,-1.3,-3.8,-11.9,-0.6,-1.9,-3.3,0.0,1.8,0.5,-11.4
351,Luis Garcia,TEX,RP,RP,-9.8,39,-1.8,-2.0,-2.9,-10.4,-0.4,-1.5,-4.2,0.0,2.3,2.4,-8.0
352,Scott Alexander,LAD,RP,RP,-9.9,37,-1.7,-1.9,-3.8,-11.9,0.6,-1.2,-4.9,0.0,3.1,1.4,-10.4
353,Yohander Mendez,TEX,RP,RP,-9.9,44,-1.5,-1.7,-3.8,-11.9,-0.7,-1.4,-3.6,0.0,2.0,-2.4,-14.3
354,Jonathan Loaisiga,NYY,SP,SP,-9.9,52,-7.3,-7.1,0.0,0.0,2.7,3.2,-9.4,-9.6,12.4,0.6,0.6
355,Tim Hill,KC,RP,RP,-9.9,42,-1.5,-1.7,-3.8,-11.9,0.0,-1.2,-4.5,0.0,2.1,4.3,-7.6
356,Chase Anderson,TOR,SP,SP,-9.9,146,-1.9,-1.8,0.0,0.0,-3.5,-2.6,-3.0,-2.6,0.3,-0.1,-0.1
357,Robert Gsellman,NYM,RP,RP,-10.0,43,-1.5,-1.7,-3.8,-11.9,-0.4,-1.3,-3.9,0.0,2.0,0.5,-11.4
358,Stefan Crichton,ARI,RP,RP,-10.0,41,-1.7,-1.9,-3.8,-11.9,-0.3,-1.1,-4.2,0.0,2.1,1.4,-10.4
359,Dereck Rodriguez,SF,RP,RP,-10.0,44,-1.7,-1.9,-3.8,-11.9,-0.5,-0.9,-4.2,0.0,1.6,-2.4,-14.3
360,Jordan Romano,TOR,RP,RP,-10.0,45,-1.5,-1.7,-3.8,-11.9,-1.2,-1.2,-3.3,0.0,1.6,2.4,-9.5
361,Adam Conley,MIA,RP,RP,-10.1,45,-1.5,-1.7,-3.8,-11.9,-0.6,-1.6,-3.6,0.0,1.4,2.4,-9.5
362,Jorge Lopez,KC,SP,SP,-10.1,95,-5.4,-5.3,0.0,0.0,1.0,0.3,-7.1,-8.6,7.8,2.4,2.4
363,Josh Tomlin,ATL,RP,RP,-10.1,57,-0.5,-0.6,-3.8,-11.9,-2.0,-1.2,-3.5,0.7,0.1,1.4,-10.4
364,Joe Ross,WSH,SP,SP,-10.2,97,-4.3,-4.2,0.0,0.0,0.5,-0.2,-7.1,-4.8,7.0,-0.1,-0.1
365,Tyler Beede,SF,SP,SP,-10.2,83,-5.8,-5.6,0.0,0.0,1.7,0.1,-7.2,-5.5,7.8,-0.1,-0.1
366,David McKay,DET,RP,RP,-10.2,50,-1.2,-1.3,-3.8,-11.9,-1.5,-2.4,-2.3,0.0,1.0,0.5,-11.4
367,Ryan Helsley,STL,RP,RP,-10.2,36,-2.1,-2.4,-3.8,-11.9,-0.3,-0.9,-4.1,0.0,2.7,-0.5,-12.4
368,Zach Plesac,CLE,SP,SP,-10.2,107,-3.7,-3.6,0.0,0.0,-0.6,-0.4,-6.5,-4.4,6.0,-0.1,-0.1
369,Luis Perdomo,SD,RP,RP,-10.3,41,-1.7,-1.9,-3.8,-11.9,-0.2,-1.3,-4.5,0.0,2.1,1.4,-10.4
370,Trevor Cahill,SF,RP,RP,-10.3,39,-1.3,2.0,-3.8,-11.9,-0.3,-1.5,-4.4,1.9,2.0,-1.4,-13.3
371,Michael King,NYY,RP,RP,-10.3,50,-0.5,-0.6,-3.8,-11.9,-1.5,-1.5,-4.0,2.5,0.8,-2.4,-14.3
372,Jacob Waguespack,TOR,RP,RP,-10.5,57,-0.5,-0.6,-3.8,-11.9,-1.8,-2.7,-2.8,1.6,-0.1,-0.5,-12.4
373,Thomas Pannone,TOR,RP,RP,-10.5,42,-1.7,-1.9,-3.8,-11.9,-1.2,-1.1,-3.7,0.0,2.0,0.5,-11.4
374,Justin Dunn,SEA,SP,SP,-10.5,110,-4.5,-4.3,0.0,0.0,-0.6,-1.2,-5.3,-4.3,3.9,-0.1,-0.1
375,Joely Rodriguez,TEX,RP,RP,-10.6,45,-1.3,-1.6,-3.8,-11.9,-0.5,-2.1,-3.9,0.0,1.8,0.5,-11.4
376,Shawn Armstrong,BAL,RP,RP,-10.6,41,-2.0,-2.2,-2.4,-9.7,-1.4,-1.8,-3.9,0.0,2.0,1.4,-8.3
377,Tyler Clippard,MIN,RP,RP,-10.6,45,-1.3,-1.6,-3.8,-11.9,-1.8,-1.4,-3.3,0.0,1.8,3.4,-8.5
378,Touki Toussaint,ATL,SP,SP,-10.6,65,-7.2,-7.0,0.0,0.0,2.4,1.2,-8.1,-11.0,11.4,2.4,2.4
379,Brad Brach,NYM,RP,RP,-10.6,37,-2.0,-2.2,-3.8,-11.9,-0.3,-1.3,-4.2,0.0,2.5,1.4,-10.4
380,Cionel Perez,HOU,RP,RP,-10.6,34,-2.0,-2.2,-3.8,-11.9,-0.3,-1.0,-4.5,0.0,3.1,-2.4,-14.3
381,Drew VerHagen,FA,RP,RP,-10.7,37,-2.0,-2.2,-3.8,-11.9,-0.4,-1.0,-4.6,0.0,2.7,-2.4,-14.3
382,Nate Jones,CIN,RP,RP,-10.7,32,-2.3,-2.5,-3.8,-11.9,-0.3,-0.6,-4.7,0.0,3.1,0.5,-11.4
383,Evan Marshall,CHW,RP,RP,-10.8,42,-1.5,-1.7,-3.8,-11.9,-0.7,-1.6,-4.2,0.0,2.1,7.3,-4.6
384,Nick Burdi,PIT,RP,RP,-10.8,25,-2.8,-3.1,-3.8,-11.9,0.1,-0.1,-5.3,0.0,3.6,-0.5,-12.4
385,Alex Cobb,BAL,SP,SP,-10.8,140,-2.8,-2.8,0.0,0.0,-1.7,-2.1,-5.2,-2.0,1.5,-0.1,-0.1
386,Trevor Richards,TB,SP,SP,-10.8,66,-6.9,-6.7,0.0,0.0,1.9,1.8,-8.7,-9.7,10.6,1.2,1.2
387,David Robertson,PHI,RP,RP,-10.8,25,-2.8,-3.1,-3.8,-11.9,0.1,-0.3,-5.0,0.0,3.8,-1.4,-13.3
388,Domingo German,NYY,SP,SP,-10.9,66,-6.3,-6.1,0.0,0.0,1.1,1.8,-8.5,-7.2,10.3,-0.1,-0.1
389,Robert Stock,PHI,RP,RP,-10.9,29,-2.5,-2.8,-3.8,-11.9,0.0,-0.9,-4.8,0.0,3.5,-2.4,-14.3
390,Randy Dobnak,MIN,RP,RP,-10.9,51,-0.4,-0.5,-3.8,-11.9,-1.4,-2.0,-4.4,1.9,1.0,-1.4,-13.3
391,Paul Blackburn,OAK,RP,RP,-11.0,49,-1.0,-1.2,-3.8,-11.9,-0.9,-1.6,-4.6,0.0,1.6,-2.4,-14.3
392,Francisco Liriano,PHI,RP,RP,-11.0,36,-2.0,-2.2,-3.8,-11.9,-0.5,-1.6,-4.2,0.0,2.7,0.5,-11.4
393,Arodys Vizcaino,FA,RP,RP,-11.0,36,-2.1,-2.4,-3.8,-11.9,-0.7,-1.1,-4.3,0.0,2.7,-0.5,-12.4
394,Adam Kolarek,LAD,RP,RP,-11.0,32,-2.1,-2.4,-3.8,-11.9,0.3,-0.8,-5.6,0.0,3.5,4.3,-7.6
395,Taylor Guilbeau,SEA,RP,RP,-11.0,41,-1.8,-2.0,-3.8,-11.9,-0.4,-1.6,-4.5,0.0,2.0,1.4,-10.4
396,Bryan Garcia,DET,RP,RP,-11.0,49,-1.3,-1.6,-3.8,-11.9,-1.4,-2.2,-3.3,0.0,1.2,0.5,-11.4
397,Kyle Zimmer,KC,RP,RP,-11.1,50,-1.2,-1.3,-3.8,-11.9,-1.4,-2.7,-3.1,0.0,1.0,0.5,-11.4
398,Matt Wisler,MIN,RP,RP,-11.2,37,-1.8,-2.0,-3.8,-11.9,-1.0,-0.8,-4.8,0.0,2.7,-0.5,-12.4
399,Sal Romano,CIN,RP,RP,-11.3,36,-2.1,-2.4,-3.8,-11.9,-0.6,-1.2,-4.6,0.0,2.5,-0.5,-12.4
400,Mike Mayers,LAA,RP,RP,-11.3,36,-2.0,-2.2,-3.8,-11.9,-0.8,-1.0,-4.8,0.0,2.7,-0.5,-12.4
401,Justus Sheffield,SEA,SP,SP,-11.3,114,-4.3,-4.2,0.0,0.0,0.1,-2.8,-5.3,-3.6,4.2,-0.1,-0.1
402,Juan Nicasio,TEX,RP,RP,-11.3,37,-2.0,-2.2,-3.8,-11.9,-0.7,-1.2,-4.7,0.0,2.5,1.4,-10.4
403,Ryan Weber,BOS,RP,RP,-11.4,44,-1.3,-1.6,-3.8,-11.9,-0.9,-1.5,-4.9,0.0,2.1,-2.4,-14.3
404,Matt Albers,FA,RP,RP,-11.4,45,-1.5,-1.7,-3.8,-11.9,-1.1,-2.2,-3.9,0.0,1.6,2.4,-9.5
405,Dany Jimenez,SF,RP,RP,-11.4,31,-2.5,-2.8,-3.8,-11.9,-0.2,-0.9,-5.1,0.0,3.1,-1.4,-13.3
406,Jake Faria,MIL,RP,RP,-11.5,36,-2.0,-2.2,-3.8,-11.9,-0.9,-1.6,-4.3,0.7,2.3,-2.4,-14.3
407,Yoan Lopez,ARI,RP,RP,-11.5,37,-2.1,-2.4,-3.8,-11.9,-0.7,-1.3,-4.6,0.0,2.5,3.4,-8.5
408,Mike Montgomery,KC,SP,SP,-11.5,138,-1.9,-1.8,0.0,0.0,-0.8,-4.0,-5.8,-2.0,1.9,-0.1,-0.1
409,Sam Selman,SF,RP,RP,-11.5,24,-3.0,-3.2,-3.8,-11.9,0.1,-0.6,-5.3,0.0,3.6,-2.4,-14.3
410,Shaun Anderson,SF,SP,SP,-11.6,67,-6.4,-6.2,0.0,0.0,2.2,1.4,-9.7,-8.2,10.5,1.2,1.2
411,Gregory Soto,DET,RP,RP,-11.6,55,-0.9,-1.0,-3.8,-11.9,-1.6,-3.8,-2.6,0.0,0.4,3.4,-8.5
412,Cody Stashak,MIN,RP,RP,-11.6,31,-2.3,-2.5,-3.8,-11.9,-0.9,-0.4,-5.2,0.0,3.3,-1.4,-13.3
413,Brad Boxberger,MIA,RP,RP,-11.7,41,-2.0,-2.2,-3.8,-11.9,-0.9,-2.2,-3.9,0.0,1.8,0.5,-11.4
414,Tyler Webb,STL,RP,RP,-11.7,37,-2.1,-2.4,-3.8,-11.9,-0.6,-1.4,-4.8,0.0,2.5,1.4,-10.4
415,Fernando Rodney,FA,RP,RP,-11.7,37,-2.0,-2.2,-3.8,-11.9,-0.6,-1.9,-4.4,0.0,2.5,3.4,-8.5
416,Art Warren,SEA,RP,RP,-11.7,32,-2.5,-2.8,-3.3,-11.2,-0.5,-1.3,-5.0,0.0,2.7,1.4,-9.7
417,Luke Farrell,TEX,RP,RP,-11.7,34,-2.3,-2.5,-3.8,-11.9,-0.9,-1.2,-4.5,0.0,2.7,-2.4,-14.3
418,Blake Wood,FA,RP,RP,-11.8,32,-2.3,-2.5,-3.8,-11.9,-0.4,-1.2,-5.1,0.0,3.1,-0.5,-12.4
419,Kevin McCarthy,KC,RP,RP,-11.8,61,-0.4,-0.5,-3.8,-11.9,-1.1,-3.4,-4.1,0.0,0.1,3.4,-8.5
420,Burch Smith,SF,RP,RP,-11.8,41,-1.7,-1.9,-3.8,-11.9,-1.3,-2.1,-4.0,0.0,2.1,-2.4,-14.3
421,Daulton Jefferies,OAK,RP,RP,-11.8,24,-2.8,-3.1,-3.8,-11.9,-0.2,0.0,-6.0,0.0,3.8,-2.4,-14.3
422,Deolis Guerra,MIL,RP,RP,-11.8,24,-3.0,-3.2,-3.8,-11.9,-0.2,-0.2,-5.6,0.0,3.8,-2.4,-14.3
423,Taijuan Walker,SEA,SP,SP,-11.9,81,-6.3,-8.8,0.0,0.0,0.7,1.0,-8.2,-9.2,7.5,-0.1,-0.1
424,Jose De Leon,CIN,RP,RP,-11.9,24,-3.0,-3.2,-3.8,-11.9,-0.3,-0.6,-5.3,0.0,3.6,-2.4,-14.3
425,Derek Holland,PIT,SP,SP,-11.9,81,-6.0,-5.9,0.0,0.0,1.1,-0.6,-7.4,-8.6,8.7,4.3,4.3
426,Andrew Suarez,SF,RP,RP,-11.9,32,-2.5,-2.8,-3.8,-11.9,-0.2,-0.9,-5.5,0.0,2.9,-2.4,-14.3
427,Cal Quantrill,SD,SP,SP,-11.9,67,-6.9,-6.7,0.0,0.0,1.8,1.6,-9.4,-8.4,10.0,0.6,0.6
428,Fernando Romero,MIN,RP,RP,-11.9,36,-2.0,-2.2,-3.8,-11.9,-0.7,-1.7,-4.8,0.0,2.9,-0.5,-12.4
429,Sterling Sharp,MIA,RP,RP,-11.9,36,-2.1,-2.4,-3.8,-11.9,-0.2,-1.3,-5.5,0.0,2.5,-0.5,-12.4
430,Brandon Morrow,CHC,RP,RP,-11.9,22,-3.0,-3.2,-3.8,-11.9,0.1,-0.2,-6.0,0.0,4.2,-2.4,-14.3
431,Dominic Leone,CLE,RP,RP,-12.0,32,-2.3,-2.5,-3.8,-11.9,-0.9,-1.3,-4.8,0.0,2.9,-0.5,-12.4
432,Parker Markel,LAA,RP,RP,-12.0,24,-2.8,-3.1,-3.8,-11.9,-0.3,-0.8,-5.4,0.0,3.8,-2.4,-14.3
433,Dillon Tate,BAL,RP,RP,-12.0,49,-1.3,-1.6,-3.8,-11.9,-1.4,-2.2,-4.2,0.0,1.0,-2.4,-14.3
434,Brent Honeywell,TB,SP,SP,-12.0,43,-8.1,-7.9,0.0,0.0,2.7,3.2,-10.9,-8.6,12.6,-0.1,-0.1
435,Jared Hughes,FA,RP,RP,-12.0,50,-0.9,-1.0,-3.8,-11.9,-1.2,-2.9,-4.3,0.0,1.6,2.4,-9.5
436,Robbie Erlin,PIT,SP,SP,-12.1,60,-7.8,-7.7,0.0,0.0,2.6,2.3,-10.1,-10.9,11.4,2.4,2.4
437,Heath Hembree,BOS,RP,RP,-12.1,32,-2.3,-2.5,-3.8,-11.9,-1.0,-1.1,-4.9,0.0,3.1,0.5,-11.4
438,Tony Cingrani,FA,RP,RP,-12.1,29,-2.6,-2.9,-3.8,-11.9,-0.4,-1.0,-5.3,0.0,3.3,-0.5,-12.4
439,Colten Brewer,BOS,RP,RP,-12.1,37,-1.8,-2.0,-3.8,-11.9,-0.7,-2.1,-4.8,0.0,2.7,1.4,-10.4
440,Patrick Sandoval,LAA,SP,SP,-12.1,33,-9.9,-9.6,0.0,0.0,4.2,5.8,-13.2,-10.6,14.5,0.6,0.6
441,Carl Edwards Jr.,SEA,RP,RP,-12.2,32,-2.6,-2.9,-3.8,-11.9,-0.7,-1.4,-4.7,0.0,2.7,0.5,-11.4
442,Josh Sborz,LAD,RP,RP,-12.2,24,-2.8,-3.1,-3.8,-11.9,-0.2,-0.6,-5.8,0.0,3.8,-2.4,-14.3
443,Jimmie Sherfy,ARI,RP,RP,-12.2,27,-2.8,-3.1,-3.8,-11.9,-0.5,-0.9,-5.3,0.0,3.5,-2.4,-14.3
444,Chance Adams,KC,RP,RP,-12.2,49,-1.3,-1.6,-3.8,-11.9,-1.8,-2.7,-3.5,0.0,1.0,-2.4,-14.3
445,Aaron Barrett,WSH,RP,RP,-12.3,36,-2.1,-2.4,-3.8,-11.9,-0.8,-1.5,-5.0,0.0,2.7,-0.5,-12.4
446,A.J. Minter,ATL,RP,RP,-12.3,22,-3.0,-3.2,-3.8,-11.9,-0.1,-0.6,-5.8,0.0,4.0,-2.4,-14.3
447,Gerardo Reyes,SD,RP,RP,-12.3,24,-3.0,-3.2,-3.8,-11.9,-0.2,-0.8,-5.5,0.0,3.6,-2.4,-14.3
448,Trey Wingenter,SD,RP,RP,-12.3,22,-3.1,-3.5,-3.8,-11.9,-0.1,-0.7,-5.6,0.0,4.0,0.5,-11.4
449,Edgar Garcia,PHI,RP,RP,-12.3,31,-2.5,-2.8,-3.8,-11.9,-0.9,-1.4,-4.7,0.0,2.9,0.5,-11.4
450,David Bednar,SD,RP,RP,-12.3,24,-3.0,-3.2,-3.8,-11.9,-0.2,-0.7,-5.6,0.0,3.6,-0.5,-12.4
451,Paul Sewald,NYM,RP,RP,-12.4,29,-2.6,-2.9,-3.8,-11.9,-0.8,-0.8,-5.4,0.0,3.1,-2.4,-14.3
452,Silvino Bracho,ARI,RP,RP,-12.4,24,-3.0,-3.2,-3.8,-11.9,-0.4,-0.6,-5.6,0.0,3.6,-2.4,-14.3
453,Austin Adams,SEA,RP,RP,-12.4,17,-3.4,-3.8,-3.8,-11.9,0.2,-0.3,-6.1,0.0,4.4,-2.4,-14.3
454,Austin Davis,PHI,RP,RP,-12.4,27,-2.8,-3.1,-3.8,-11.9,-0.5,-1.0,-5.3,0.0,3.5,-2.4,-14.3
455,Zac Grotz,SEA,RP,RP,-12.4,24,-3.0,-3.2,-3.8,-11.9,-0.1,-0.4,-6.1,0.0,3.6,-2.4,-14.3
456,Gerson Bautista,SEA,RP,RP,-12.5,32,-2.6,-2.9,-3.8,-11.9,-0.9,-1.6,-4.6,0.0,2.7,-0.5,-12.4
457,Devin Smeltzer,MIN,SP,SP,-12.5,66,-6.8,-6.6,0.0,0.0,1.2,1.7,-9.6,-9.8,10.9,1.2,1.2
458,Chad Sobotka,ATL,RP,RP,-12.5,24,-3.0,-3.2,-3.8,-11.9,-0.3,-1.0,-5.5,0.0,3.8,-0.5,-12.4
459,Jacob Webb,ATL,RP,RP,-12.5,31,-2.5,-2.8,-3.8,-11.9,-0.7,-1.5,-5.0,0.0,3.1,0.5,-11.4
460,Huascar Ynoa,ATL,RP,RP,-12.5,24,-3.0,-3.2,-3.8,-11.9,-0.2,-1.0,-5.6,0.0,3.8,-2.4,-14.3
461,Trent Thornton,TOR,SP,SP,-12.5,81,-5.8,-5.6,0.0,0.0,0.1,0.3,-8.1,-6.4,7.9,-0.1,-0.1
462,John Schreiber,DET,RP,RP,-12.5,36,-2.3,-2.5,-3.8,-11.9,-1.1,-1.5,-4.8,0.0,2.3,-0.5,-12.4
463,Jason Vargas,FA,SP,SP,-12.5,130,-2.7,-2.6,0.0,0.0,-2.2,-3.2,-5.4,-3.4,2.4,-0.1,-0.1
464,Jharel Cotton,CHC,RP,RP,-12.6,24,-3.0,-3.2,-3.8,-11.9,-0.4,-0.6,-5.9,0.0,3.8,-2.4,-14.3
465,Wandy Peralta,SF,RP,RP,-12.6,32,-2.5,-2.8,-3.8,-11.9,-0.3,-1.6,-5.5,0.0,2.7,1.4,-10.4
466,Jordan Zimmermann,DET,SP,SP,-12.6,138,-2.9,-2.9,0.0,0.0,-3.0,-2.1,-5.5,-3.1,0.6,-0.1,-0.1
467,Bobby Wahl,MIL,RP,RP,-12.6,19,-3.3,-3.6,-3.8,-11.9,-0.2,-0.4,-6.0,0.0,4.2,-2.4,-14.3
468,David Hess,BAL,RP,RP,-12.6,37,-2.3,-2.5,-3.8,-11.9,-1.5,-1.4,-4.6,0.0,2.1,-2.4,-14.3
469,Genesis Cabrera,STL,RP,RP,-12.6,24,-3.0,-3.2,-3.8,-11.9,-0.3,-0.9,-5.7,0.0,3.6,-2.4,-14.3
470,Junior Fernandez,STL,RP,RP,-12.6,31,-2.5,-2.8,-3.8,-11.9,-0.5,-1.7,-5.1,0.0,3.1,-1.4,-13.3
471,Michel Baez,SD,RP,RP,-12.6,24,-3.0,-3.2,-3.8,-11.9,-0.4,-0.8,-5.7,0.0,3.6,-2.4,-14.3
472,Sam Dyson,FA,RP,RP,-12.7,31,-2.5,-2.8,-3.8,-11.9,-0.4,-1.3,-5.7,0.0,3.1,1.4,-10.4
473,Jimmy Cordero,CHW,RP,RP,-12.7,32,-2.3,-2.5,-3.8,-11.9,-0.6,-1.8,-5.2,0.0,3.1,0.5,-11.4
474,Jarlin Garcia,SF,RP,RP,-12.7,32,-2.6,-2.9,-3.8,-11.9,-0.5,-1.3,-5.5,0.0,2.9,-0.5,-12.4
475,Clay Buchholz,FA,SP,SP,-12.7,96,-4.8,-4.7,0.0,0.0,-0.3,-0.6,-8.1,-5.2,6.6,-0.1,-0.1
476,Nestor Cortes,SEA,RP,RP,-12.7,29,-2.8,-3.1,-3.8,-11.9,-0.7,-1.0,-5.3,0.0,3.1,-2.4,-14.3
477,Julian Merryweather,TOR,RP,RP,-12.7,24,-3.0,-3.2,-3.8,-11.9,-0.5,-0.5,-6.0,0.0,3.6,-2.4,-14.3
478,Kyle Keller,LAA,RP,RP,-12.7,24,-3.0,-3.2,-3.8,-11.9,-0.4,-0.8,-5.7,0.0,3.8,-2.4,-14.3
479,Cody Allen,TEX,RP,RP,-12.8,32,-2.5,-2.8,-3.8,-11.9,-1.1,-1.6,-4.8,0.0,2.9,-0.5,-12.4
480,Luis Avilan,NYY,RP,RP,-12.8,35,-2.1,-2.4,-3.8,-11.9,-1.1,-1.9,-4.9,0.0,2.7,3.4,-8.5
481,Luke Gregerson,FA,RP,RP,-12.8,32,-2.3,-2.5,-3.8,-11.9,-0.7,-1.3,-5.7,0.0,2.9,-0.5,-12.4
482,Ryne Harper,WSH,RP,RP,-12.8,24,-3.0,-3.2,-3.8,-11.9,-0.3,-0.7,-6.1,0.0,3.8,-2.4,-14.3
483,Drew Steckenrider,MIA,RP,RP,-12.8,22,-3.3,-3.6,-3.8,-11.9,-0.2,-0.6,-6.0,0.0,3.8,-0.5,-12.4
484,Hunter Strickland,WSH,RP,RP,-12.8,32,-2.5,-2.8,-3.8,-11.9,-0.9,-1.4,-5.3,0.0,2.9,0.5,-11.4
485,Addison Reed,FA,RP,RP,-12.9,36,-2.3,-2.5,-3.8,-11.9,-1.3,-1.2,-5.3,0.0,2.5,-0.5,-12.4
486,Zach Davies,SD,SP,SP,-12.9,132,-2.8,-2.8,0.0,0.0,-1.4,-3.7,-6.1,-2.8,2.1,-0.1,-0.1
487,Tyler Olson,CHC,RP,RP,-12.9,25,-2.8,-3.1,-3.8,-11.9,-0.4,-1.1,-5.9,0.0,3.6,-0.5,-12.4
488,Jacob Rhame,NYM,RP,RP,-12.9,24,-3.0,-3.2,-3.8,-11.9,-0.6,-0.7,-5.8,0.0,3.6,-2.4,-14.3
489,T.J. McFarland,OAK,RP,RP,-12.9,59,-0.2,-0.2,-3.8,-11.9,-1.1,-4.2,-4.5,0.0,0.4,2.4,-9.5
490,Jose Quijada,MIA,RP,RP,-12.9,24,-3.0,-3.2,-3.8,-11.9,-0.5,-1.2,-5.6,0.0,3.8,-0.5,-12.4
491,Bryse Wilson,ATL,SP,SP,-12.9,42,-8.2,-8.0,0.0,0.0,2.6,2.7,-11.0,-9.6,12.9,0.6,0.6
492,Aaron Loup,TB,RP,RP,-13.0,22,-3.1,-3.5,-3.8,-11.9,-0.1,-0.7,-6.3,0.0,4.0,-1.4,-13.3
493,Dylan Floro,LAD,RP,RP,-13.0,24,-2.8,-3.1,-3.8,-11.9,-0.2,-0.9,-6.3,0.0,3.8,-0.5,-12.4
494,Adam Plutko,CLE,SP,SP,-13.0,96,-5.4,-5.3,0.0,0.0,-1.5,0.2,-7.3,-7.8,6.9,1.2,1.2
495,Stephen Tarpley,MIA,RP,RP,-13.0,22,-3.1,-3.5,-3.8,-11.9,0.1,-1.1,-6.2,0.0,3.8,-0.5,-12.4
496,Joel Payamps,ARI,RP,RP,-13.0,24,-3.0,-3.2,-3.8,-11.9,-0.5,-0.6,-6.2,0.0,3.6,-2.4,-14.3
497,Ryan Borucki,TOR,SP,SP,-13.0,86,-5.5,-5.4,0.0,0.0,0.3,-0.4,-8.3,-5.9,7.6,-0.1,-0.1
498,Drew Smith,NYM,RP,RP,-13.0,24,-3.0,-3.2,-3.8,-11.9,-0.5,-0.7,-6.1,0.0,3.6,-2.4,-14.3
499,Caleb Ferguson,LAD,RP,RP,-13.0,17,-3.4,-3.8,-3.8,-11.9,0.0,-0.5,-6.4,0.0,4.6,-2.4,-14.3
500,Phil Maton,CLE,RP,RP,-13.0,27,-2.8,-3.1,-3.8,-11.9,-0.7,-1.0,-5.7,0.0,3.5,-0.5,-12.4
501,Bud Norris,PHI,RP,RP,-13.0,22,-3.1,-3.5,-3.8,-11.9,-0.3,-0.8,-5.9,0.0,4.0,-2.4,-14.3
502,Josh Osich,BOS,RP,RP,-13.1,31,-2.5,-2.8,-3.8,-11.9,-0.8,-1.5,-5.5,0.0,3.1,0.5,-11.4
503,Kyle Finnegan,WSH,RP,RP,-13.1,24,-3.0,-3.2,-3.8,-11.9,-0.3,-1.1,-6.0,0.0,3.8,-2.4,-14.3
504,Cole Sulser,BAL,RP,RP,-13.1,24,-3.1,-3.5,-3.8,-11.9,-0.6,-0.9,-5.7,0.0,3.6,-2.4,-14.3
505,Rogelio Armenteros,HOU,SP,SP,-13.1,60,-7.2,-7.0,0.0,0.0,1.1,1.3,-9.4,-8.6,10.5,0.6,0.6
506,Geoff Hartlieb,PIT,RP,RP,-13.1,24,-3.0,-3.2,-3.8,-11.9,-0.2,-1.2,-6.0,0.0,3.6,-0.5,-12.4
507,Dan Otero,NYY,RP,RP,-13.1,36,-2.0,-2.2,-3.8,-11.9,-0.9,-1.5,-6.0,0.0,2.7,-0.5,-12.4
508,Michael Fulmer,DET,SP,SP,-13.2,55,-7.6,-7.3,0.0,0.0,1.9,1.8,-10.4,-7.8,10.9,-0.1,-0.1
509,Luke Bard,LAA,RP,RP,-13.2,24,-3.0,-3.2,-3.8,-11.9,-0.7,-0.8,-6.0,0.0,3.6,-2.4,-14.3
510,Enderson Franco,SF,RP,RP,-13.2,24,-3.1,-3.5,-3.8,-11.9,-0.5,-0.7,-6.1,0.0,3.5,-2.4,-14.3
511,Kent Emanuel,HOU,RP,RP,-13.2,24,-2.8,-3.1,-3.8,-11.9,-0.4,-0.9,-6.4,0.0,3.8,-2.4,-14.3
512,Reyes Moronta,SF,RP,RP,-13.2,19,-3.4,-3.8,-3.8,-11.9,-0.1,-0.7,-6.1,0.0,4.2,-0.5,-12.4
513,James Kaprielian,OAK,RP,RP,-13.2,24,-3.0,-3.2,-3.8,-11.9,-0.7,-0.6,-6.2,0.0,3.6,-2.4,-14.3
514,Austen Williams,WSH,RP,RP,-13.2,24,-3.0,-3.2,-3.8,-11.9,-0.5,-0.9,-6.1,0.0,3.6,-2.4,-14.3
515,Asher Wojciechowski,BAL,SP,SP,-13.3,132,-4.1,-4.0,0.0,0.0,-4.2,-2.3,-3.8,-4.1,0.9,-0.1,-0.1
516,Randy Rosario,KC,RP,RP,-13.3,41,-1.8,-2.0,-3.8,-11.9,-0.9,-2.6,-5.2,0.0,2.0,-0.5,-12.4
517,Jonathan Holder,NYY,RP,RP,-13.3,24,-3.0,-3.2,-3.8,-11.9,-0.8,-0.8,-6.0,0.0,3.6,-0.5,-12.4
518,J.P. Feyereisen,MIL,RP,RP,-13.3,24,-3.0,-3.2,-3.8,-11.9,-0.6,-1.3,-5.6,0.0,3.6,-2.4,-14.3
519,Josh D. Smith,CIN,RP,RP,-13.3,24,-3.0,-3.2,-3.8,-11.9,-0.6,-1.3,-5.7,0.0,3.6,-2.4,-14.3
520,Sam Howard,PIT,RP,RP,-13.3,24,-3.1,-3.5,-3.8,-11.9,-0.4,-1.1,-5.9,0.0,3.6,-2.4,-14.3
521,Edgar Santana,PIT,RP,RP,-13.3,24,-3.1,-3.5,-3.8,-11.9,-0.4,-0.8,-6.2,0.0,3.6,-2.4,-14.3
522,Richard Lovelady,KC,RP,RP,-13.3,24,-3.0,-3.2,-3.8,-11.9,-0.3,-1.1,-6.2,0.0,3.6,-2.4,-14.3
523,James Hoyt,CLE,RP,RP,-13.4,22,-3.1,-3.5,-3.8,-11.9,-0.4,-0.8,-6.2,0.0,4.0,-1.4,-13.3
524,Grant Holmes,OAK,RP,RP,-13.4,24,-3.0,-3.2,-3.8,-11.9,-0.5,-1.0,-6.1,0.0,3.8,-2.4,-14.3
525,Justin Shafer,CIN,RP,RP,-13.4,34,-2.5,-2.8,-3.8,-11.9,-1.2,-2.1,-4.8,0.0,2.5,-2.4,-14.3
526,Cy Sneed,HOU,RP,RP,-13.4,24,-2.8,-3.1,-3.8,-11.9,-0.7,-1.0,-6.2,0.0,3.8,-2.4,-14.3
527,Patrick Weigel,ATL,RP,RP,-13.4,24,-3.0,-3.2,-3.8,-11.9,-0.6,-1.1,-5.9,0.0,3.6,-2.4,-14.3
528,Ryan Hendrix,CIN,RP,RP,-13.4,24,-3.0,-3.2,-3.8,-11.9,-0.5,-1.4,-5.8,0.0,3.6,-2.4,-14.3
529,Yohan Ramirez,SEA,RP,RP,-13.4,31,-2.6,-2.9,-3.8,-11.9,-0.8,-2.4,-4.8,0.0,2.9,-1.4,-13.3
530,Nick Vincent,SF,RP,RP,-13.4,22,-3.3,-3.6,-3.8,-11.9,-0.3,-0.5,-6.5,0.0,3.8,-2.4,-14.3
531,Jerad Eickhoff,SD,SP,SP,-13.5,49,-8.3,-6.1,0.0,0.0,2.1,2.4,-10.7,-9.1,12.1,2.4,2.4
532,Dillon Maples,CHC,RP,RP,-13.5,17,-3.4,-3.8,-3.8,-11.9,0.1,-1.2,-6.1,0.0,4.6,-2.4,-14.3
533,James Bourque,WSH,RP,RP,-13.5,24,-3.0,-3.2,-3.8,-11.9,-0.4,-1.5,-5.8,0.0,3.6,-2.4,-14.3
534,Devin Williams,MIL,RP,RP,-13.5,24,-3.0,-3.2,-3.8,-11.9,-0.6,-1.4,-5.7,0.0,3.6,-2.4,-14.3
535,Jonathan Hernandez,TEX,RP,RP,-13.5,24,-3.0,-3.2,-3.8,-11.9,-0.5,-1.3,-5.9,0.0,3.6,-2.4,-14.3
536,Jake McGee,COL,RP,RP,-13.5,36,-2.1,-2.4,-3.8,-11.9,-1.6,-2.0,-5.0,0.0,2.3,2.4,-9.5
537,Tyler Lyons,NYY,RP,RP,-13.6,25,-3.0,-3.2,-3.8,-11.9,-1.0,-1.1,-5.8,0.0,3.6,-0.5,-12.4
538,Dan Winkler,CHC,RP,RP,-13.6,28,-2.8,-3.1,-3.8,-11.9,-0.8,-1.6,-5.6,0.0,3.3,0.5,-11.4
539,Daniel Poncedeleon,STL,SP,SP,-13.6,65,-7.0,-6.8,0.0,0.0,1.1,0.2,-8.8,-7.4,9.6,-0.1,-0.1
540,Philip Pfeifer,ATL,RP,RP,-13.6,24,-3.0,-3.2,-3.8,-11.9,-0.6,-1.4,-5.9,0.0,3.6,-2.4,-14.3
541,Cole Irvin,PHI,SP,SP,-13.6,55,-8.1,-7.9,0.0,0.0,1.8,2.2,-10.6,-11.0,11.7,1.2,1.2
542,James Norwood,CHC,RP,RP,-13.6,24,-3.0,-3.2,-3.8,-11.9,-0.7,-1.5,-5.6,0.0,3.6,-2.4,-14.3
543,Kyle Wright,ATL,SP,SP,-13.6,44,-8.2,-8.0,0.0,0.0,2.4,2.0,-10.9,-9.5,12.6,0.6,0.6
544,Garrett Cleavinger,PHI,RP,RP,-13.6,24,-3.0,-3.2,-3.8,-11.9,-0.5,-1.7,-5.7,0.0,3.6,-2.4,-14.3
545,Alex Vesia,MIA,RP,RP,-13.6,19,-3.4,-3.8,-3.8,-11.9,-0.2,-0.6,-6.5,0.0,4.0,-2.4,-14.3
546,Tony Sipp,FA,RP,RP,-13.6,25,-3.0,-3.2,-3.8,-11.9,-0.7,-1.2,-6.0,0.0,3.6,0.5,-11.4
547,Austin Brice,BOS,RP,RP,-13.7,27,-2.8,-3.1,-3.8,-11.9,-0.9,-1.2,-6.0,0.0,3.5,-2.4,-14.3
548,Kyle Bird,TEX,RP,RP,-13.7,31,-2.6,-2.9,-3.8,-11.9,-1.0,-2.0,-5.3,0.0,2.9,-1.4,-13.3
549,Ben Bowden,COL,RP,RP,-13.7,24,-3.0,-3.2,-3.8,-11.9,-0.8,-1.4,-5.7,0.0,3.6,-2.4,-14.3
550,Ian Hamilton,CHW,RP,RP,-13.7,19,-3.3,-3.6,-3.8,-11.9,-0.4,-0.7,-6.6,0.0,4.2,-2.4,-14.3
551,Demarcus Evans,TEX,RP,RP,-13.7,24,-3.0,-3.2,-3.8,-11.9,-0.7,-1.8,-5.4,0.0,3.6,-2.4,-14.3
552,Danny Hultzen,CHC,RP,RP,-13.8,15,-3.6,-4.0,-3.8,-11.9,-0.1,-0.4,-6.9,0.0,4.8,-3.4,-15.2
553,Jason Adam,CHC,RP,RP,-13.8,19,-3.3,-3.6,-3.8,-11.9,-0.6,-0.8,-6.3,0.0,4.2,-1.4,-13.3
554,Reggie McClain,PHI,RP,RP,-13.8,24,-3.0,-3.2,-3.8,-11.9,-0.5,-1.1,-6.4,0.0,3.6,-2.4,-14.3
555,Josh Staumont,KC,RP,RP,-13.8,24,-3.1,-3.5,-3.8,-11.9,-0.7,-1.8,-5.5,0.0,3.6,-2.4,-14.3
556,Scott Moss,CLE,RP,RP,-13.8,24,-3.0,-3.2,-3.8,-11.9,-0.8,-1.4,-5.9,0.0,3.6,-2.4,-14.3
557,Melvin Adon,SF,RP,RP,-13.8,24,-3.1,-3.5,-3.8,-11.9,-0.3,-1.5,-6.1,0.0,3.6,-2.4,-14.3
558,Jeremy Walker,ATL,RP,RP,-13.8,24,-3.0,-3.2,-3.8,-11.9,-0.5,-1.1,-6.5,0.0,3.6,-2.4,-14.3
559,Jerry Blevins,SF,RP,RP,-13.8,22,-3.3,-3.6,-3.8,-11.9,-0.5,-1.1,-6.2,0.0,3.8,0.5,-11.4
560,Mike Morin,MIL,RP,RP,-13.9,32,-2.5,-2.8,-3.8,-11.9,-1.3,-1.5,-5.9,0.0,2.7,0.5,-11.4
561,Matt Bowman,CIN,RP,RP,-13.9,24,-3.0,-3.2,-3.8,-11.9,-0.5,-1.5,-6.2,0.0,3.6,-2.4,-14.3
562,Taylor Williams,MIL,RP,RP,-13.9,24,-3.1,-3.5,-3.8,-11.9,-0.6,-1.3,-6.1,0.0,3.5,-2.4,-14.3
563,Dovydas Neverauskas,PIT,RP,RP,-13.9,22,-3.3,-3.6,-3.8,-11.9,-0.5,-1.2,-6.1,0.0,3.8,-1.4,-13.3
564,Angel Perdomo,MIL,RP,RP,-13.9,24,-3.0,-3.2,-3.8,-11.9,-0.8,-1.8,-5.6,0.0,3.6,-2.4,-14.3
565,Matt Foster,CHW,RP,RP,-13.9,24,-3.0,-3.2,-3.8,-11.9,-0.9,-1.2,-6.1,0.0,3.6,-2.4,-14.3
566,Cody Ponce,PIT,RP,RP,-13.9,24,-3.1,-3.5,-3.8,-11.9,-0.6,-1.1,-6.3,0.0,3.5,-2.4,-14.3
567,Cory Gearrin,FA,RP,RP,-13.9,37,-2.0,-2.2,-3.8,-11.9,-1.5,-2.4,-5.2,0.0,2.5,1.4,-10.4
568,James Pazos,COL,RP,RP,-14.0,32,-2.5,-2.8,-3.8,-11.9,-1.1,-2.3,-5.4,0.0,2.9,1.4,-10.4
569,Yency Almonte,COL,RP,RP,-14.0,39,-2.0,-2.2,-3.8,-11.9,-1.9,-2.9,-4.4,0.0,2.1,-0.5,-12.4
570,Zack Burdi,CHW,RP,RP,-14.0,24,-3.0,-3.2,-3.8,-11.9,-0.9,-1.4,-6.0,0.0,3.6,-2.4,-14.3
571,Jose Suarez,LAA,SP,SP,-14.0,39,-8.7,-8.5,0.0,0.0,2.5,2.4,-11.2,-11.3,13.3,0.6,0.6
572,Rony Garcia,DET,RP,RP,-14.0,41,-2.1,-2.4,-3.8,-11.9,-2.1,-2.2,-4.8,0.0,1.8,-0.5,-12.4
573,Matthew Festa,SEA,RP,RP,-14.0,24,-3.1,-3.5,-3.8,-11.9,-0.8,-1.1,-6.2,0.0,3.5,-2.4,-14.3
574,Adalberto Mejia,CHW,RP,RP,-14.1,20,-3.3,-3.6,-3.8,-11.9,-0.6,-1.0,-6.4,0.0,4.0,-2.4,-14.3
575,Jesse Hahn,KC,SP,SP,-14.1,53,-7.9,-7.8,0.0,0.0,2.1,1.5,-10.8,-9.6,11.5,1.2,1.2
576,Carson Fulmer,CHW,RP,RP,-14.1,32,-2.5,-2.8,-3.8,-11.9,-1.4,-2.5,-5.0,0.0,2.9,-2.4,-14.3
577,A.J. Ramos,FA,RP,RP,-14.1,28,-2.8,-3.1,-3.8,-11.9,-1.1,-1.9,-5.5,0.0,3.1,-0.5,-12.4
578,Joe Biagini,HOU,RP,RP,-14.2,24,-3.0,-3.2,-3.8,-11.9,-0.7,-1.4,-6.3,0.0,3.8,-0.5,-12.4
579,Cody Carroll,BAL,RP,RP,-14.2,27,-3.0,-3.2,-3.8,-11.9,-1.1,-1.7,-5.6,0.0,3.3,-2.4,-14.3
580,Evan Phillips,BAL,RP,RP,-14.2,25,-3.1,-3.5,-3.8,-11.9,-0.8,-1.7,-5.8,0.0,3.5,0.5,-11.4
581,Franklyn Kilome,NYM,RP,RP,-14.2,24,-3.1,-3.5,-3.8,-11.9,-0.7,-1.4,-6.1,0.0,3.6,-2.4,-14.3
582,Ljay Newsome,SEA,SP,SP,-14.2,67,-7.6,-7.3,0.0,0.0,0.2,2.2,-10.1,-7.6,8.7,-0.1,-0.1
583,J.D. Hammer,PHI,RP,RP,-14.2,24,-3.1,-3.5,-3.8,-11.9,-0.9,-1.4,-6.0,0.0,3.6,-2.4,-14.3
584,Tyson Ross,SF,SP,SP,-14.2,70,-6.8,-6.6,0.0,0.0,1.5,-0.3,-9.6,-6.6,9.0,-0.1,-0.1
585,Bryan Shaw,COL,RP,RP,-14.2,37,-2.1,-2.4,-3.8,-11.9,-1.5,-2.7,-5.1,0.0,2.3,1.4,-10.4
586,Jhoulys Chacin,MIN,SP,SP,-14.3,97,-4.1,-4.0,0.0,0.0,-1.2,-2.3,-7.7,-5.6,6.7,-0.1,-0.1
587,Hector Santiago,DET,RP,RP,-14.3,28,-3.0,-3.2,-3.8,-11.9,-1.2,-1.7,-5.7,0.0,3.1,-2.4,-14.3
588,Michael Rucker,BAL,RP,RP,-14.3,31,-2.8,-3.1,-3.8,-11.9,-1.4,-1.6,-5.6,0.0,2.7,-1.4,-13.3
589,Daniel Zamora,NYM,RP,RP,-14.3,17,-3.6,-4.0,-3.8,-11.9,-0.3,-0.8,-6.8,0.0,4.4,-2.4,-14.3
590,Robert Dugger,MIA,SP,SP,-14.3,83,-6.7,-6.5,0.0,0.0,0.2,-0.2,-8.6,-7.1,7.3,0.6,0.6
591,Phillip Diehl,COL,RP,RP,-14.3,24,-3.0,-3.2,-3.8,-11.9,-1.0,-1.5,-6.0,0.0,3.6,-2.4,-14.3
592,Greg Holland,KC,RP,RP,-14.3,36,-2.3,-2.5,-3.8,-11.9,-1.4,-2.8,-5.0,0.0,2.3,2.4,-9.5
593,Ty Bashlor,NYM,RP,RP,-14.4,24,-3.1,-3.5,-3.8,-11.9,-1.0,-1.6,-5.9,0.0,3.5,-2.4,-14.3
594,Mike Shawaryn,BOS,RP,RP,-14.4,24,-3.0,-3.2,-3.8,-11.9,-1.1,-1.5,-6.2,0.0,3.6,-2.4,-14.3
595,Jeanmar Gomez,FA,RP,RP,-14.4,24,-3.0,-3.2,-3.8,-11.9,-0.7,-1.4,-6.5,0.0,3.6,-2.4,-14.3
596,Wei-Yin Chen,SEA,SP,SP,-14.5,70,-7.6,-7.3,0.0,0.0,0.5,0.9,-9.3,-9.4,9.1,1.8,1.8
597,Edinson Volquez,TEX,RP,RP,-14.5,19,-3.4,-3.8,-3.8,-11.9,-0.5,-1.1,-6.7,0.0,4.2,-2.4,-14.3
598,Eric Yardley,MIL,RP,RP,-14.5,24,-3.0,-3.2,-3.8,-11.9,-0.5,-1.5,-6.8,0.0,3.6,-2.4,-14.3
599,Wily Peralta,FA,RP,RP,-14.5,32,-2.5,-2.8,-3.8,-11.9,-1.2,-2.5,-5.6,0.0,2.7,0.5,-11.4
600,Thomas Hatch,TOR,RP,RP,-14.6,24,-3.1,-3.5,-3.8,-11.9,-1.1,-1.4,-6.3,0.0,3.5,-2.4,-14.3
601,Yacksel Rios,PIT,RP,RP,-14.7,24,-3.1,-3.5,-3.8,-11.9,-0.9,-1.8,-6.1,0.0,3.5,-2.4,-14.3
602,Ivan Nova,DET,SP,SP,-14.8,161,-2.3,-2.2,0.0,0.0,-4.1,-4.3,-5.2,-1.4,-1.9,-0.1,-0.1
603,Fernando Abad,WSH,RP,RP,-14.8,15,-3.8,-4.2,-3.8,-11.9,-0.3,-0.7,-7.2,0.0,4.6,-3.4,-15.2
604,Branden Kline,BAL,RP,RP,-14.8,24,-3.1,-3.5,-3.8,-11.9,-1.0,-1.6,-6.2,0.0,3.5,-0.5,-12.4
605,Brooks Kriske,NYY,RP,RP,-14.8,24,-3.1,-3.5,-3.8,-11.9,-1.3,-1.6,-6.1,0.0,3.6,-2.4,-14.3
606,Gabe Speier,KC,RP,RP,-14.8,24,-3.1,-3.5,-3.8,-11.9,-0.8,-1.7,-6.3,0.0,3.5,-2.4,-14.3
607,Jorge Alcala,MIN,RP,RP,-14.8,24,-3.0,-3.2,-3.8,-11.9,-1.2,-1.6,-6.2,0.0,3.6,-2.4,-14.3
608,Xavier Cedeno,FA,RP,RP,-14.9,22,-3.3,-3.6,-3.8,-11.9,-0.6,-1.6,-6.7,0.0,3.8,-1.4,-13.3
609,Dylan Covey,TB,SP,SP,-14.9,45,-8.6,-8.4,0.0,0.0,2.3,1.8,-11.3,-11.0,12.6,1.2,1.2
610,Blake Taylor,HOU,RP,RP,-14.9,24,-3.0,-3.2,-3.8,-11.9,-0.8,-2.1,-6.3,0.0,3.8,-2.4,-14.3
611,MacKenzie Gore,SD,SP,SP,-14.9,32,-9.1,-8.9,0.0,0.0,2.6,2.6,-12.0,-9.6,13.5,-0.1,-0.1
612,Jonny Venters,FA,RP,RP,-14.9,17,-3.4,-3.8,-3.8,-11.9,-0.3,-1.4,-7.0,0.0,4.4,-0.5,-12.4
613,Trevor Rosenthal,KC,RP,RP,-15.1,15,-3.8,-4.2,-3.8,-11.9,-0.4,-1.2,-7.0,0.0,4.6,-3.4,-15.2
614,Chad Kuhl,PIT,SP,SP,-15.1,38,-8.8,-8.6,0.0,0.0,2.2,2.1,-11.5,-9.2,12.6,-0.1,-0.1
615,Brett Cecil,STL,RP,RP,-15.1,19,-3.4,-3.8,-3.8,-11.9,-0.7,-1.2,-7.0,0.0,4.0,-2.4,-14.3
616,Trevor Hildenberger,BOS,RP,RP,-15.1,19,-3.3,-3.6,-3.8,-11.9,-0.8,-1.2,-7.1,0.0,4.2,-1.4,-13.3
617,Jake Newberry,KC,RP,RP,-15.2,24,-3.1,-3.5,-3.8,-11.9,-1.2,-1.8,-6.3,0.0,3.5,-2.4,-14.3
618,Forrest Whitley,HOU,SP,SP,-15.2,43,-8.1,-7.9,0.0,0.0,1.5,1.2,-10.9,-9.0,12.6,-0.1,-0.1
619,Zach Duke,FA,RP,RP,-15.3,17,-3.6,-4.0,-3.8,-11.9,-0.4,-1.3,-7.2,0.0,4.4,-0.5,-12.4
620,Seth Elledge,STL,RP,RP,-15.3,15,-3.8,-4.2,-3.8,-11.9,-0.5,-1.1,-7.2,0.0,4.6,-3.4,-15.2
621,Zack Godley,DET,RP,RP,-15.4,19,-3.4,-3.8,-3.8,-11.9,-0.8,-1.5,-6.9,0.0,4.0,-3.4,-15.2
622,Lewis Thorpe,MIN,SP,SP,-15.4,25,-9.7,-9.5,0.0,0.0,2.7,3.0,-12.5,-11.6,14.5,1.2,1.2
623,Tyler Kinley,COL,RP,RP,-15.4,25,-3.1,-3.5,-3.8,-11.9,-1.3,-2.3,-5.9,0.0,3.5,-1.4,-13.3
624,Peter Lambert,COL,SP,SP,-15.4,114,-3.7,-3.6,0.0,0.0,-2.2,-3.3,-7.2,-4.7,4.2,-0.1,-0.1
625,Travis Lakins,BAL,RP,RP,-15.4,24,-3.1,-3.5,-3.8,-11.9,-1.2,-1.9,-6.4,0.0,3.5,-2.4,-14.3
626,Tyler Thornburg,CIN,RP,RP,-15.5,15,-3.8,-4.2,-3.8,-11.9,-0.8,-1.1,-7.0,0.0,4.4,-3.4,-15.2
627,Tyler Alexander,DET,SP,SP,-15.5,43,-8.8,-8.6,0.0,0.0,1.7,2.3,-11.7,-10.4,12.3,1.2,1.2
628,Elvis Luciano,TOR,RP,RP,-15.5,24,-3.1,-3.5,-3.8,-11.9,-1.3,-2.0,-6.4,0.0,3.5,-2.4,-14.3
629,Matt Harvey,FA,SP,SP,-15.6,68,-7.0,-6.8,0.0,0.0,0.3,0.1,-10.0,-7.4,9.3,-0.1,-0.1
630,Cd Pelham,CHC,RP,RP,-15.6,19,-3.4,-3.8,-3.8,-11.9,-0.7,-2.1,-6.6,0.0,4.0,-2.4,-14.3
631,Yennsy Diaz,TOR,RP,RP,-15.6,24,-3.1,-3.5,-3.8,-11.9,-1.4,-1.8,-6.4,0.0,3.5,-2.4,-14.3
632,J.T. Brubaker,PIT,SP,SP,-15.6,27,-10.1,-10.0,0.0,0.0,3.1,3.8,-13.4,-10.6,14.1,0.6,0.6
633,Kodi Whitley,STL,RP,RP,-15.6,15,-3.8,-4.2,-3.8,-11.9,-0.6,-1.1,-7.4,0.0,4.4,-3.4,-15.2
634,Jose Ruiz,CHW,RP,RP,-15.7,17,-3.6,-4.0,-3.8,-11.9,-0.9,-1.4,-7.0,0.0,4.2,-2.4,-14.3
635,Alex Wilson,DET,RP,RP,-15.8,19,-3.4,-3.8,-3.8,-11.9,-0.9,-1.5,-7.2,0.0,4.0,-2.4,-14.3
636,Mike Dunn,FA,RP,RP,-15.8,17,-3.6,-4.0,-3.8,-11.9,-0.9,-1.4,-7.1,0.0,4.2,-0.5,-12.4
637,Jeff Hoffman,COL,SP,SP,-15.9,65,-7.0,-6.8,0.0,0.0,0.0,-0.6,-9.2,-7.8,9.6,-0.1,-0.1
638,Blake Cederlind,PIT,RP,RP,-15.9,24,-3.3,-3.6,-3.8,-11.9,-1.1,-2.3,-6.4,0.0,3.5,-2.4,-14.3
639,J.T. Chargois,FA,RP,RP,-16.0,8,-4.2,-4.7,-3.8,-11.9,-0.3,-0.7,-7.9,0.0,5.2,-3.4,-15.2
640,Donnie Hart,OAK,RP,RP,-16.0,18,-3.6,-4.0,-3.8,-11.9,-0.7,-1.5,-7.5,0.0,4.2,-2.4,-14.3
641,Clayton Richard,FA,SP,SP,-16.1,60,-7.2,-7.0,0.0,0.0,1.6,-0.4,-11.1,-7.6,10.5,-0.1,-0.1
642,Alex Young,ARI,SP,SP,-16.1,31,-9.5,-9.2,0.0,0.0,2.5,2.1,-12.2,-10.9,13.6,0.6,0.6
643,Jaime Barria,LAA,SP,SP,-16.1,32,-9.4,-9.1,0.0,0.0,1.9,2.5,-12.2,-11.2,13.6,1.2,1.2
644,Trevor Oaks,SF,RP,RP,-16.1,15,-3.8,-4.2,-3.8,-11.9,-0.7,-1.1,-7.7,0.0,4.4,-3.4,-15.2
645,Trevor Kelley,PHI,RP,RP,-16.1,24,-3.1,-3.5,-3.8,-11.9,-1.7,-1.9,-6.7,0.0,3.5,-2.4,-14.3
646,Wyatt Mills,SEA,RP,RP,-16.1,10,-4.2,-4.7,-3.8,-11.9,-0.4,-0.8,-7.9,0.0,5.0,-3.4,-15.2
647,Kyle Barraclough,SD,RP,RP,-16.2,9,-4.2,-4.7,-3.8,-11.9,-0.4,-1.0,-7.8,0.0,5.2,-3.4,-15.2
648,Daniel Mengden,OAK,SP,SP,-16.2,46,-8.6,-8.4,0.0,0.0,1.5,1.5,-11.6,-10.9,12.4,1.2,1.2
649,Felix Hernandez,ATL,SP,SP,-16.2,41,-8.5,-8.3,0.0,0.0,1.7,1.3,-11.7,-9.2,12.3,-0.1,-0.1
650,Dillon Peters,LAA,SP,SP,-16.2,33,-9.2,-9.0,0.0,0.0,2.3,2.2,-12.4,-11.3,13.6,0.6,0.6
651,Bobby Poyner,BOS,RP,RP,-16.2,11,-4.1,-4.6,-3.8,-11.9,-0.7,-0.9,-7.7,0.0,5.0,-3.4,-15.2
652,Jesus Tinoco,COL,RP,RP,-16.2,24,-3.1,-3.5,-3.8,-11.9,-1.6,-2.3,-6.5,0.0,3.5,-2.4,-14.3
653,Taylor Clarke,ARI,SP,SP,-16.2,35,-9.2,-9.0,0.0,0.0,1.9,2.0,-11.9,-11.2,13.2,0.6,0.6
654,Kyle Dohy,PHI,RP,RP,-16.2,10,-4.1,-4.6,-3.8,-11.9,-0.5,-1.3,-7.5,0.0,5.0,-3.4,-15.2
655,Marco Estrada,FA,SP,SP,-16.3,106,-5.0,-4.8,0.0,0.0,-2.8,-2.3,-7.3,-5.6,4.5,-0.1,-0.1
656,Aaron Sanchez,FA,SP,SP,-16.3,39,-8.8,-8.6,0.0,0.0,2.1,1.1,-11.7,-10.4,12.7,0.6,0.6
657,Williams Jerez,PIT,RP,RP,-16.3,9,-4.2,-4.7,-3.8,-11.9,-0.4,-0.9,-7.9,0.0,5.2,-3.4,-15.2
658,Brian Duensing,FA,RP,RP,-16.3,16,-3.8,-4.2,-3.8,-11.9,-0.8,-1.4,-7.5,0.0,4.4,-2.4,-14.3
659,Manuel Rodriguez,CHC,RP,RP,-16.3,24,-3.1,-3.5,-3.8,-11.9,-1.3,-2.7,-6.4,0.0,3.5,-2.4,-14.3
660,Luis Patino,SD,SP,SP,-16.3,32,-9.2,-9.0,0.0,0.0,2.1,2.0,-12.1,-9.7,13.2,-0.1,-0.1
661,Austin Gomber,STL,SP,SP,-16.4,28,-9.5,-9.2,0.0,0.0,2.4,2.2,-12.6,-10.0,13.6,-0.1,-0.1
662,Andrew Cashner,FA,SP,SP,-16.4,61,-7.3,-7.1,0.0,0.0,0.8,-0.4,-10.5,-7.8,10.0,-0.1,-0.1
663,Edubray Ramos,LAD,RP,RP,-16.5,8,-4.2,-4.7,-3.8,-11.9,-0.5,-0.8,-8.1,0.0,5.2,-3.4,-15.2
664,Erick Fedde,WSH,SP,SP,-16.5,39,-8.8,-8.6,0.0,0.0,2.0,1.3,-12.1,-10.4,12.9,0.6,0.6
665,Alexander Guillen,COL,RP,RP,-16.5,10,-4.1,-4.6,-3.8,-11.9,-0.7,-1.1,-7.8,0.0,5.0,-3.4,-15.2
666,Jordan Holloway,MIA,RP,RP,-16.5,24,-3.3,-3.6,-3.8,-11.9,-1.1,-2.8,-6.5,0.0,3.3,-2.4,-14.3
667,Conner Menez,SF,SP,SP,-16.5,23,-10.0,-9.7,0.0,0.0,2.7,2.4,-12.6,-10.9,14.2,0.6,0.6
668,Joe Barlow,TEX,RP,RP,-16.5,10,-4.1,-4.6,-3.8,-11.9,-0.6,-1.4,-7.7,0.0,5.0,-3.4,-15.2
669,Brian Shaffer,TB,RP,RP,-16.5,10,-4.2,-4.7,-3.8,-11.9,-0.7,-0.9,-8.0,0.0,5.0,-3.4,-15.2
670,Shelby Miller,MIL,SP,SP,-16.6,57,-7.6,-7.3,0.0,0.0,0.6,-0.3,-10.4,-8.3,10.2,-0.1,-0.1
671,Zach Thompson,CHW,RP,RP,-16.6,10,-4.1,-4.6,-3.8,-11.9,-0.6,-1.1,-7.9,0.0,5.0,-3.4,-15.2
672,Alec Hansen,CHW,RP,RP,-16.6,15,-3.8,-4.2,-3.8,-11.9,-1.0,-1.9,-7.1,0.0,4.4,-3.4,-15.2
673,Ian Anderson,ATL,SP,SP,-16.6,30,-9.2,-9.0,0.0,0.0,2.1,1.6,-12.1,-9.8,13.5,-0.1,-0.1
674,A.J. Cole,TOR,RP,RP,-16.7,6,-4.4,-4.9,-3.8,-11.9,-0.5,-0.8,-8.2,0.0,5.3,-4.4,-16.3
675,Ryan Burr,CHW,RP,RP,-16.7,6,-4.4,-4.9,-3.8,-11.9,-0.4,-0.8,-8.2,0.0,5.3,-4.4,-16.3
676,Heath Fillmyer,KC,RP,RP,-16.7,10,-4.2,-4.7,-3.8,-11.9,-0.6,-1.1,-8.0,0.0,5.0,-3.4,-15.2
677,Stephen Nogosek,NYM,RP,RP,-16.7,10,-4.2,-4.7,-3.8,-11.9,-0.7,-1.2,-7.8,0.0,5.0,-3.4,-15.2
678,Taylor Guerrieri,TEX,RP,RP,-16.8,5,-4.4,-4.9,-3.8,-11.9,-0.4,-0.9,-8.4,0.0,5.3,-4.4,-16.3
679,Adbert Alzolay,CHC,SP,SP,-16.8,24,-9.9,-9.6,0.0,0.0,2.3,2.4,-12.6,-10.9,14.2,-0.1,-0.1
680,Stephen Woods Jr.,KC,RP,RP,-16.8,31,-2.8,-3.1,-3.8,-11.9,-1.8,-3.2,-6.3,0.0,2.7,-1.4,-13.3
681,Blaine Hardy,MIN,RP,RP,-16.8,5,-4.4,-4.9,-3.8,-11.9,-0.4,-0.8,-8.4,0.0,5.3,-4.4,-16.3
682,Kolby Allard,TEX,SP,SP,-16.8,33,-9.1,-8.9,0.0,0.0,2.0,1.7,-12.4,-9.7,13.2,-0.1,-0.1
683,Nate Pearson,TOR,SP,SP,-16.8,27,-9.6,-9.4,0.0,0.0,2.0,2.5,-12.7,-10.2,13.8,-0.1,-0.1
684,Chad Bettis,FA,SP,SP,-16.9,57,-7.8,-7.7,0.0,0.0,0.7,0.2,-11.1,-10.6,11.4,2.4,2.4
685,Kodi Medeiros,CHW,RP,RP,-16.9,10,-4.2,-4.7,-3.8,-11.9,-0.7,-1.3,-7.9,0.0,5.0,-3.4,-15.2
686,Kyle McGowin,WSH,SP,SP,-17.0,20,-10.0,-9.7,0.0,0.0,2.6,2.6,-13.2,-10.9,14.5,-0.1,-0.1
687,Javy Guerra,WSH,RP,RP,-17.0,5,-4.4,-4.9,-3.8,-11.9,-0.5,-0.9,-8.4,0.0,5.3,-4.4,-16.3
688,Sixto Sanchez,MIA,SP,SP,-17.1,27,-9.7,-9.5,0.0,0.0,2.4,2.3,-13.1,-10.1,13.6,-0.1,-0.1
689,Edward Cabrera,MIA,SP,SP,-17.1,32,-9.5,-9.2,0.0,0.0,2.1,1.6,-12.4,-9.7,13.0,-0.1,-0.1
690,Colin Rea,CHC,SP,SP,-17.2,44,-8.6,-8.4,0.0,0.0,1.3,0.7,-11.6,-9.8,12.1,0.6,0.6
691,Antonio Senzatela,COL,SP,SP,-17.2,132,-2.7,-2.6,0.0,0.0,-3.0,-6.2,-6.4,-3.5,2.2,-0.1,-0.1
692,Danny Salazar,FA,SP,SP,-17.3,84,-6.4,-6.2,0.0,0.0,-0.8,-1.9,-9.2,-7.8,7.8,1.2,1.2
693,Justin Lawrence,COL,RP,RP,-17.3,10,-4.2,-4.7,-3.8,-11.9,-0.8,-1.5,-8.0,0.0,5.0,-3.4,-15.2
694,Dean Kremer,BAL,SP,SP,-17.3,63,-7.8,-7.7,0.0,0.0,-0.2,-0.4,-9.8,-8.0,9.1,-0.1,-0.1
695,Cody Anderson,FA,SP,SP,-17.4,17,-10.1,-10.0,0.0,0.0,2.5,2.8,-13.6,-10.9,14.8,-0.1,-0.1
696,Anthony Kay,TOR,SP,SP,-17.6,42,-8.8,-8.6,0.0,0.0,1.0,0.7,-11.5,-9.4,11.8,-0.1,-0.1
697,Casey Mize,DET,SP,SP,-17.6,35,-9.4,-9.1,0.0,0.0,1.4,1.8,-12.5,-9.7,12.4,-0.1,-0.1
698,Hector Velazquez,BOS,SP,SP,-17.8,31,-9.2,-9.0,0.0,0.0,1.7,1.4,-12.7,-10.6,13.3,-0.1,-0.1
699,Walker Lockett,NYM,SP,SP,-17.8,18,-10.4,-10.2,0.0,0.0,2.6,2.7,-13.6,-11.6,14.8,0.6,0.6
700,Matt Manning,DET,SP,SP,-17.8,34,-9.4,-9.1,0.0,0.0,1.5,1.2,-12.2,-9.7,12.6,-0.1,-0.1
701,Jefry Rodriguez,CLE,SP,SP,-17.9,32,-9.5,-9.2,0.0,0.0,1.8,1.3,-12.5,-11.0,13.5,0.6,0.6
702,Enyel De Los Santos,PHI,SP,SP,-17.9,26,-9.7,-9.5,0.0,0.0,1.8,1.9,-12.8,-10.4,13.6,-0.1,-0.1
703,Nick Neidert,MIA,SP,SP,-18.1,21,-10.3,-10.1,0.0,0.0,2.3,2.3,-13.4,-10.6,14.1,-0.1,-0.1
704,Edwin Jackson,ARI,SP,SP,-18.4,41,-9.0,-8.8,0.0,0.0,0.9,0.4,-11.8,-9.6,11.8,-0.1,-0.1
705,Damon Jones,PHI,SP,SP,-18.4,16,-10.4,-10.2,0.0,0.0,2.5,2.0,-13.5,-10.9,14.8,-0.1,-0.1
706,Josiah Gray,LAD,SP,SP,-18.4,11,-10.6,-10.4,0.0,0.0,2.5,2.8,-14.1,-11.3,15.3,-0.1,-0.1
707,Logan Gilbert,SEA,SP,SP,-18.5,11,-10.8,-10.6,0.0,0.0,2.5,2.8,-14.1,-11.3,15.1,-0.1,-0.1
708,Tarik Skubal,DET,SP,SP,-18.5,11,-10.8,-10.6,0.0,0.0,2.6,2.7,-14.0,-11.3,15.1,-0.1,-0.1
709,Spencer Howard,PHI,SP,SP,-18.5,10,-10.8,-10.6,0.0,0.0,2.6,2.7,-14.1,-11.4,15.3,-0.1,-0.1
710,Tommy Milone,BAL,SP,SP,-18.5,51,-8.6,-8.4,0.0,0.0,0.0,0.5,-11.4,-9.0,10.3,-0.1,-0.1
711,Kohl Stewart,BAL,SP,SP,-18.6,83,-6.8,-6.6,0.0,0.0,-0.7,-2.7,-9.4,-8.0,7.5,0.6,0.6
712,Brock Burke,TEX,SP,SP,-18.6,16,-10.4,-10.2,0.0,0.0,2.3,2.3,-13.8,-11.0,14.7,-0.1,-0.1
713,James Shields,FA,SP,SP,-18.6,50,-8.6,-8.4,0.0,0.0,0.1,0.1,-11.2,-8.9,10.8,-0.1,-0.1
714,Alex Faedo,DET,SP,SP,-18.7,21,-10.3,-10.1,0.0,0.0,1.7,2.2,-13.4,-10.9,13.9,-0.1,-0.1
715,Brandon Bailey,BAL,SP,SP,-18.7,86,-6.9,-6.7,0.0,0.0,-2.0,-2.8,-8.1,-7.7,6.4,0.6,0.6
716,Keegan Akin,BAL,SP,SP,-18.7,61,-8.1,-7.9,0.0,0.0,-0.5,-1.3,-9.8,-8.4,9.3,-0.1,-0.1
717,Ronald Bolanos,SD,SP,SP,-18.7,17,-10.4,-10.2,0.0,0.0,2.3,2.0,-13.6,-10.9,14.7,-0.1,-0.1
718,Ervin Santana,FA,SP,SP,-18.8,41,-9.0,-8.8,0.0,0.0,0.8,0.8,-12.4,-9.6,12.0,-0.1,-0.1
719,Glenn Sparkman,KC,SP,SP,-18.8,66,-7.6,-7.3,0.0,0.0,-0.6,-0.6,-11.1,-7.9,8.7,-0.1,-0.1
720,Brandon Bielak,HOU,SP,SP,-18.8,10,-10.6,-10.4,0.0,0.0,2.5,2.5,-14.2,-11.5,15.4,-0.1,-0.1
721,Chi Chi Gonzalez,COL,SP,SP,-18.9,21,-10.1,-10.0,0.0,0.0,2.0,1.7,-13.4,-11.2,14.2,-0.1,-0.1
722,Cristian Javier,HOU,SP,SP,-19.0,10,-10.8,-10.6,0.0,0.0,2.4,2.4,-14.0,-11.5,15.4,-0.1,-0.1
723,Eric Skoglund,KC,SP,SP,-19.1,26,-10.0,-9.7,0.0,0.0,1.7,1.7,-13.5,-11.3,13.6,-0.1,-0.1
724,Anthony Misiewicz,SEA,SP,SP,-19.1,10,-10.9,-10.7,0.0,0.0,2.5,2.6,-14.3,-11.5,15.1,-0.1,-0.1
725,Brian Johnson,BOS,SP,SP,-19.2,16,-10.4,-10.2,0.0,0.0,2.1,2.0,-13.9,-11.2,14.7,-0.1,-0.1
726,Phillips Valdez,SEA,SP,SP,-19.2,18,-10.3,-10.1,0.0,0.0,2.1,1.7,-13.8,-10.9,14.5,-0.1,-0.1
727,Ashton Goudeau,COL,SP,SP,-19.2,10,-10.8,-10.6,0.0,0.0,2.4,2.4,-14.3,-11.5,15.3,-0.1,-0.1
728,Bernardo Flores,CHW,SP,SP,-19.2,8,-11.0,-10.8,0.0,0.0,2.6,2.7,-14.5,-11.9,15.6,-0.1,-0.1
729,Trey Supak,MIL,SP,SP,-19.2,16,-10.5,-10.3,0.0,0.0,2.0,2.2,-13.9,-11.2,14.5,-0.1,-0.1
730,Sean Poppen,MIN,SP,SP,-19.2,8,-10.9,-10.7,0.0,0.0,2.5,2.5,-14.4,-11.6,15.4,-0.1,-0.1
731,Parker Dunshee,OAK,SP,SP,-19.2,10,-10.8,-10.6,0.0,0.0,2.3,2.5,-14.3,-11.5,15.3,-0.1,-0.1
732,Ariel Jurado,TEX,SP,SP,-19.3,8,-10.9,-10.7,0.0,0.0,2.5,2.6,-14.5,-11.6,15.4,-0.1,-0.1
733,Tanner Houck,BOS,SP,SP,-19.3,16,-10.4,-10.2,0.0,0.0,2.1,1.8,-13.9,-11.2,14.7,-0.1,-0.1
734,Brady Singer,KC,SP,SP,-19.3,8,-11.0,-10.8,0.0,0.0,2.6,2.6,-14.5,-11.6,15.6,-0.1,-0.1
735,Kyle Hart,BOS,SP,SP,-19.5,10,-10.8,-10.6,0.0,0.0,2.3,2.3,-14.3,-11.5,15.3,-0.1,-0.1
736,Joey Wentz,DET,SP,SP,-19.5,32,-9.7,-9.5,0.0,0.0,1.0,0.8,-12.6,-10.2,12.6,-0.1,-0.1
737,Zac Lowther,BAL,SP,SP,-19.5,21,-10.3,-10.1,0.0,0.0,1.7,1.5,-13.4,-10.9,13.9,-0.1,-0.1
738,T.J. Zeuch,TOR,SP,SP,-19.6,17,-10.4,-10.2,0.0,0.0,2.0,1.8,-14.1,-11.2,14.5,-0.1,-0.1
739,Jackson Kowar,KC,SP,SP,-19.6,6,-11.2,-10.9,0.0,0.0,2.6,2.7,-14.7,-11.8,15.7,-0.1,-0.1
740,Wade LeBlanc,BAL,SP,SP,-19.7,69,-7.7,-7.6,0.0,0.0,-1.1,-1.4,-10.6,-7.9,8.1,-0.1,-0.1
741,Foster Griffin,KC,SP,SP,-19.7,10,-10.9,-10.7,0.0,0.0,2.3,2.3,-14.4,-11.5,15.1,-0.1,-0.1
742,Bruce Zimmermann,BAL,SP,SP,-19.8,24,-10.1,-10.0,0.0,0.0,1.5,1.2,-13.4,-10.7,13.6,-0.1,-0.1
743,Antonio Santillan,CIN,SP,SP,-19.9,5,-11.3,-11.0,0.0,0.0,2.5,2.6,-14.7,-11.9,15.7,-0.1,-0.1
744,Scott Blewett,KC,SP,SP,-20.0,10,-10.9,-10.7,0.0,0.0,2.1,2.2,-14.4,-11.6,15.1,-0.1,-0.1
745,Ryan Castellani,COL,SP,SP,-20.1,10,-10.9,-10.7,0.0,0.0,2.1,2.0,-14.3,-11.6,15.1,-0.1,-0.1
746,Michael Baumann,BAL,SP,SP,-20.1,10,-11.0,-10.8,0.0,0.0,2.1,2.1,-14.3,-11.6,15.1,-0.1,-0.1