#,Name,Team,Pos,MVPos,5×5 $,PA,$R,$HR,$RBI,$SB,$AVG (no OBP),$AVG (w/ OBP),$OBP (no AVG),$OBP (w/ AVG),$OPS,$SLG,$K,$TB
1,Christian Yelich,MIL,OF,OF,41.3,245,7.1,5.9,7.1,10.0,10.3,10.2,12.7,12.4,8.9,8.4,0.7,6.9
2,Ronald Acuna Jr.,ATL,OF,OF,40.4,251,8.1,6.7,5.2,15.0,4.4,4.3,5.0,4.7,4.9,5.6,-3.4,6.2
3,Cody Bellinger,LAD,1B/OF,OF,39.8,245,7.6,8.5,11.8,5.0,5.9,5.9,9.3,9.0,8.6,9.3,2.7,7.4
4,Francisco Lindor,CLE,SS,SS,37.2,250,7.4,5.8,6.2,9.8,7.0,7.0,4.8,4.4,5.4,6.6,5.9,7.1
5,Jose Ramirez,CLE,3B,3B,34.2,241,6.0,4.6,6.7,11.1,4.7,4.7,6.6,6.2,5.3,5.8,7.4,5.5
6,Trevor Story,COL,SS,SS,33.7,247,7.1,6.4,7.0,8.7,3.6,3.6,2.3,1.9,4.7,6.5,-5.1,6.9
7,Trea Turner,WSH,SS,SS,33.1,245,5.2,1.0,1.5,18.5,5.8,5.9,3.6,3.2,1.5,1.5,2.3,4.0
8,Nolan Arenado,COL,3B,3B,31.7,240,6.5,7.4,10.7,-1.2,7.3,7.6,6.7,6.4,7.3,8.6,4.3,7.4
9,Mookie Betts,LAD,OF,OF,31.1,255,9.3,4.6,4.5,7.9,3.7,4.0,6.5,6.1,4.7,4.8,5.2,5.8
10,Rafael Devers,BOS,3B,3B,31.1,246,6.9,5.4,7.1,2.7,7.9,8.0,3.8,3.5,5.4,7.0,2.4,7.3
11,J.D. Martinez,BOS,OF,OF,30.8,239,5.9,7.4,10.2,-1.5,7.7,7.7,7.4,7.1,7.5,8.4,-1.4,7.1
12,Mike Trout,LAA,OF,OF,29.3,221,6.4,6.6,4.9,4.3,6.0,6.0,15.6,15.4,9.8,8.9,2.5,4.3
13,Juan Soto,WSH,OF,OF,28.8,249,6.0,5.9,7.5,2.4,6.0,6.0,12.3,11.9,7.6,6.8,1.8,5.8
14,Giancarlo Stanton,NYY,OF,OF,28.6,221,5.5,10.1,10.6,-1.5,2.9,2.9,5.1,4.8,7.7,9.7,-4.5,6.3
15,Alex Bregman,HOU,SS/3B,SS,28.5,252,7.9,5.2,7.8,0.9,5.6,5.6,11.2,10.9,7.0,6.4,6.7,6.0
16,Javier Baez,CHC,SS,SS,26.6,244,4.1,5.1,7.0,6.1,3.4,3.4,-1.7,-2.0,2.0,4.5,-4.5,6.3
17,Bryce Harper,PHI,OF,OF,26.3,247,5.8,7.6,7.1,3.8,0.8,1.0,9.5,9.1,6.6,6.4,-3.7,5.4
18,Starling Marte,ARI,OF,OF,25.7,229,3.9,1.8,1.7,12.2,5.1,5.0,0.8,0.5,1.6,2.8,3.3,3.9
19,George Springer,HOU,OF,OF,24.7,248,9.1,5.6,4.0,1.9,3.1,3.1,5.6,5.3,4.2,4.5,0.8,5.2
20,Gleyber Torres,NYY,2B/SS,SS,24.6,242,5.1,6.4,7.7,1.1,3.4,3.6,2.4,2.0,3.5,4.8,0.7,5.6
21,Ozzie Albies,ATL,2B,2B,24.4,247,5.6,2.5,4.1,5.3,5.9,5.9,2.4,2.0,2.5,3.4,4.7,5.3
22,Jose Altuve,HOU,2B,2B,24.3,241,5.7,1.9,3.9,4.2,7.6,7.6,5.1,4.8,3.0,2.9,5.7,4.4
23,Charlie Blackmon,COL,OF,OF,24.2,236,5.2,3.8,5.9,1.1,7.2,7.2,4.1,3.8,4.4,5.4,2.7,5.6
24,Freddie Freeman,ATL,1B,1B,24.1,233,4.8,4.7,6.4,0.8,6.5,6.5,8.8,8.5,6.3,6.2,2.3,5.0
25,Fernando Tatis Jr.,SD,SS,SS,23.9,235,4.4,3.6,2.2,10.8,1.9,1.9,1.1,0.7,1.9,3.1,-3.4,4.1
26,Keston Hiura,MIL,2B,2B,23.8,245,4.4,4.4,5.8,5.1,3.1,3.1,1.3,0.8,2.4,3.8,-4.4,5.5
27,Adalberto Mondesi,KC,SS,SS,23.5,224,0.2,0.3,-0.5,23.9,-1.4,-1.3,-5.1,-5.5,-2.7,-0.8,-3.2,1.9
28,Ketel Marte,ARI,2B/OF,2B,23.3,246,6.3,2.0,3.5,2.2,8.3,8.2,5.4,5.0,3.9,4.2,6.4,5.5
29,Manny Machado,SD,SS/3B,SS,23.0,245,4.3,6.4,7.0,1.1,3.2,3.1,3.0,2.6,4.0,5.3,3.0,6.0
30,Luis Robert,CHW,OF,OF,22.9,221,2.3,2.9,2.7,10.5,3.5,3.5,-1.1,-1.4,1.3,3.2,-1.3,3.6
31,Nelson Cruz,MIN,DH,DH,22.4,226,4.5,6.6,8.1,-2.2,4.3,4.3,5.7,5.4,5.6,6.5,-1.0,5.0
32,Pete Alonso,NYM,1B,1B,21.8,244,5.5,9.1,8.7,-1.8,-0.7,-0.6,2.7,2.4,4.9,6.6,-3.6,6.1
33,Yoan Moncada,CHW,3B,3B,21.3,249,6.4,3.5,3.3,4.2,2.9,2.9,2.8,2.4,2.3,2.9,-5.5,4.8
34,Josh Donaldson,MIN,3B,3B,20.9,235,5.5,5.8,7.4,-0.7,2.0,1.9,8.4,8.2,5.5,5.3,-0.8,4.2
35,Kris Bryant,CHC,3B/OF,3B,20.7,248,7.7,4.2,4.0,0.3,3.5,3.5,8.8,8.5,5.0,4.4,-1.2,4.7
36,J.T. Realmuto,PHI,C,C,20.5,206,3.6,4.1,3.8,2.7,5.3,5.0,3.2,2.5,3.1,4.8,5.1,4.1
37,Bo Bichette,TOR,SS,SS,20.4,233,3.1,0.7,0.5,11.6,3.5,3.2,0.0,-0.4,0.2,0.8,1.1,3.0
38,Xander Bogaerts,BOS,SS,SS,20.1,242,4.2,2.7,5.7,0.6,5.9,5.9,5.9,5.5,3.6,3.4,2.8,4.6
39,Tim Anderson,CHW,SS,SS,19.9,239,3.8,1.2,1.3,8.2,4.5,4.4,-2.5,-2.9,-1.1,0.3,-0.4,3.8
40,Tommy Pham,SD,OF,OF,19.8,236,3.9,2.0,2.2,7.7,3.0,3.1,6.2,5.9,2.4,1.6,0.6,2.7
41,Anthony Rizzo,CHC,1B,1B,19.7,227,5.8,4.0,4.1,0.1,4.7,4.7,9.4,9.1,5.7,5.1,6.9,3.6
42,Mike Moustakas,CIN,2B/3B,2B,19.7,236,4.1,6.7,8.3,-1.3,0.9,1.0,0.7,0.4,3.0,4.8,3.8,5.3
43,Eloy Jimenez,CHW,OF,OF,19.7,222,3.4,5.4,6.8,-2.2,5.2,5.3,1.1,0.8,3.7,5.6,0.6,5.0
44,Jose Abreu,CHW,1B,1B,19.4,239,3.9,4.6,6.6,-1.3,4.6,4.7,1.6,1.2,3.0,4.4,0.5,5.4
45,Aaron Judge,NYY,OF,OF,18.9,225,5.4,6.7,5.2,0.4,0.2,0.2,7.2,6.8,5.3,5.5,-6.0,3.5
46,Yordan Alvarez,HOU,DH,DH,18.7,206,3.2,5.8,6.2,-1.0,3.5,3.5,5.4,5.2,5.6,6.6,0.7,3.4
47,Marcell Ozuna,ATL,OF,OF,18.5,225,3.0,4.3,6.1,1.1,3.0,3.1,2.3,1.9,2.6,3.5,1.6,3.7
48,Kyle Schwarber,CHC,OF,OF,18.1,232,4.8,7.2,6.8,-0.5,-1.1,-1.1,4.2,3.8,4.3,5.2,-3.7,4.2
49,Lorenzo Cain,MIL,OF,OF,17.5,245,4.7,-0.8,-0.4,8.7,4.2,4.2,3.9,3.5,-0.7,-1.8,3.5,1.9
50,Carlos Correa,HOU,SS,SS,17.4,222,3.7,4.6,6.1,-1.2,3.1,3.1,4.9,4.6,4.3,4.9,1.3,3.7
51,Andrew Benintendi,BOS,OF,OF,16.7,251,5.8,0.7,1.6,5.4,2.2,2.3,3.3,3.0,0.8,0.4,0.4,3.5
52,Anthony Rendon,LAA,3B,3B,16.6,241,3.6,3.0,5.0,-0.5,4.4,4.4,7.0,6.7,4.0,3.7,5.7,4.4
53,Whit Merrifield,KC,2B/OF,2B,16.2,247,3.6,-1.5,-1.8,10.6,4.4,4.3,0.7,0.4,-1.3,-1.4,3.6,2.8
54,Eugenio Suarez,CIN,3B,3B,16.1,238,3.8,6.0,6.0,-0.9,0.1,0.1,4.3,4.0,3.4,4.0,-3.1,4.3
55,Yuli Gurriel,HOU,1B/3B,3B,16.1,227,2.9,1.9,4.5,0.0,5.9,5.9,0.9,0.5,1.6,2.7,8.5,4.0
56,Austin Meadows,TB,OF,OF,16.0,213,2.6,2.8,1.3,5.1,3.3,3.2,2.0,1.7,2.6,3.6,3.2,2.9
57,Eddie Rosario,MIN,OF,OF,15.7,219,2.6,3.4,4.5,-0.2,4.4,4.4,-1.0,-1.3,1.6,3.5,5.6,3.9
58,Carlos Santana,CLE,1B,1B,15.7,239,4.3,3.9,6.6,-1.3,1.2,1.3,8.8,8.5,4.0,3.1,5.3,3.1
59,Nick Castellanos,CIN,OF,OF,15.3,231,3.1,3.0,5.0,-1.2,4.4,4.3,1.6,1.2,2.7,4.1,-0.2,4.7
60,Andrew McCutchen,PHI,OF,OF,15.3,230,5.3,3.5,1.9,2.4,1.2,1.2,5.2,4.8,2.8,2.6,0.2,2.6
61,Michael Brantley,HOU,OF,OF,15.1,234,3.3,0.8,4.1,0.3,5.7,5.8,3.2,2.9,1.4,1.4,8.5,3.3
62,Rhys Hoskins,PHI,1B,1B,15.1,235,4.4,5.7,6.8,-0.9,-1.9,-1.9,6.1,5.8,4.0,4.0,-1.4,3.4
63,Max Kepler,MIN,OF,OF,14.9,239,6.4,4.1,3.0,0.8,-0.4,-0.4,2.1,1.7,2.0,2.7,4.0,3.8
64,Franmil Reyes,CLE,OF,OF,14.8,221,2.9,6.4,6.2,-2.3,0.7,0.7,0.9,0.6,3.2,4.9,-1.3,4.0
65,Oscar Mercado,CLE,OF,OF,14.8,244,2.5,-0.6,0.0,12.1,-0.2,-0.1,-1.9,-2.3,-3.0,-2.8,2.0,1.8
66,Yasmani Grandal,CHW,C/1B,C,14.7,201,3.4,4.9,4.0,1.0,0.4,0.2,7.2,6.6,3.9,4.3,3.5,2.3
67,Jorge Polanco,MIN,SS,SS,14.7,249,4.7,0.3,2.7,1.6,4.4,4.4,2.6,2.3,0.5,0.4,4.1,3.6
68,Paul Goldschmidt,STL,1B,1B,14.7,241,3.1,4.1,4.2,0.1,2.2,2.2,6.8,6.5,3.7,3.3,-1.8,3.8
69,Jeff McNeil,NYM,2B/3B/ OF,2B,14.6,236,4.3,0.4,0.8,2.2,5.9,5.9,3.1,2.8,1.1,1.0,7.0,3.2
70,Gary Sanchez,NYY,C,C,14.5,169,1.7,6.5,4.5,0.0,0.9,1.0,2.9,2.4,4.4,6.7,5.1,2.1
71,Marcus Semien,OAK,SS,SS,14.5,245,5.3,1.9,0.8,4.3,1.2,1.2,2.2,1.8,0.7,0.9,3.7,3.3
72,Vladimir Guerrero Jr.,TOR,3B,3B,14.4,221,2.2,1.8,3.6,-1.5,7.4,6.8,5.3,5.0,3.5,3.3,5.6,3.2
73,David Dahl,COL,OF,OF,14.0,219,3.2,1.8,2.2,2.9,3.0,3.0,0.3,0.0,1.3,2.5,-1.8,2.9
74,Shohei Ohtani,LAA,DH,DH,14.0,194,0.4,2.7,2.8,4.0,3.1,3.0,3.0,2.8,3.3,4.1,0.6,1.7
75,Josh Bell,PIT,1B,1B,13.7,235,2.7,4.0,5.2,-1.7,2.5,2.5,6.5,6.1,3.9,3.7,2.4,3.7
76,Michael Conforto,NYM,OF,OF,13.7,234,3.5,4.9,5.3,0.1,-1.1,-1.0,4.9,4.6,3.0,3.0,-1.8,3.2
77,Justin Turner,LAD,3B,3B,13.7,226,3.3,2.5,4.5,-1.5,3.9,4.0,5.4,5.0,3.0,2.8,5.8,2.9
78,DJ LeMahieu,NYY,1B/2B/ 3B,2B,13.6,240,5.5,0.0,0.1,1.1,5.9,5.6,2.5,2.2,-0.1,-0.5,5.8,2.6
79,Jonathan Villar,MIA,2B/SS,SS,13.4,239,0.6,-0.5,-2.6,16.8,-1.8,-1.7,-1.2,-1.6,-3.1,-3.2,-3.7,0.9
80,Victor Robles,WSH,OF,OF,13.3,218,0.9,-0.5,-0.8,12.6,0.2,0.2,-0.5,-0.8,-1.5,-1.3,2.3,0.6
81,Amed Rosario,NYM,SS,SS,12.8,226,1.2,-1.2,-0.8,9.3,3.3,3.2,-1.5,-1.9,-2.1,-1.4,3.8,1.6
82,Matt Chapman,OAK,3B,3B,12.5,243,4.4,5.2,4.7,-1.5,-1.3,-1.3,1.6,1.3,2.5,3.7,-2.3,4.6
83,Joey Votto,CIN,1B,1B,12.5,242,5.1,1.5,2.1,-0.9,3.7,3.7,10.0,9.7,3.2,1.4,2.8,2.4
84,Byron Buxton,MIN,OF,OF,12.4,187,0.6,0.0,-0.9,10.6,1.0,1.1,-0.7,-1.0,0.4,1.6,1.8,0.0
85,Corey Seager,LAD,SS,SS,11.9,225,3.0,1.7,3.5,-1.5,4.2,4.2,3.4,3.1,2.3,2.7,4.0,3.1
86,Adam Eaton,WSH,OF,OF,10.7,237,3.4,-1.4,-0.4,3.8,4.2,4.2,5.3,4.9,0.1,-1.2,3.8,1.4
87,Jorge Soler,KC,OF,OF,10.6,228,2.0,5.1,4.6,-0.9,-1.3,-1.2,2.8,2.4,2.6,3.4,-3.5,3.3
88,Matt Olson,OAK,1B,1B,10.4,231,2.7,5.8,5.8,-2.3,-2.6,-2.5,1.2,0.8,2.1,3.2,-2.3,3.5
89,Howie Kendrick,WSH,1B/2B,2B,10.2,198,0.3,-0.2,0.7,-0.2,8.7,8.5,4.7,4.4,2.8,2.8,7.1,1.5
90,Ramon Laureano,OAK,OF,OF,9.8,219,1.1,1.5,0.6,5.4,0.2,0.2,-0.6,-1.0,-0.4,0.5,-1.5,1.6
91,Willson Contreras,CHC,C,C,9.6,172,0.5,2.2,1.8,1.0,3.1,2.9,4.9,4.3,2.8,3.6,6.1,0.4
92,Edwin Encarnacion,CHW,1B,1B,9.5,200,1.8,4.9,4.5,-2.0,-0.7,-0.7,3.5,3.2,3.3,4.0,2.2,1.5
93,Eduardo Escobar,ARI,2B/3B,2B,9.5,237,2.3,2.5,4.4,-0.5,-0.2,-0.1,-1.2,-1.6,0.2,1.6,1.8,3.8
94,Paul DeJong,STL,SS,SS,9.2,233,1.7,3.6,4.0,0.9,-1.9,-1.9,-0.8,-1.2,0.1,1.2,-0.9,3.0
95,Lourdes Gurriel Jr.,TOR,OF,OF,8.9,211,0.1,2.1,2.1,2.1,1.6,1.3,-2.5,-2.9,-0.2,1.4,0.5,2.0
96,Shogo Akiyama,CIN,OF,OF,8.7,214,2.2,-0.9,-1.6,3.8,4.1,4.1,4.3,4.0,0.5,-0.3,4.1,0.4
97,Max Muncy,LAD,1B/2B/ 3B,2B,8.6,231,3.8,4.1,3.6,-0.7,-3.2,-3.2,3.9,3.6,1.6,1.4,-3.0,1.8
98,David Peralta,ARI,OF,OF,8.6,217,1.4,0.9,3.0,-1.7,4.0,4.0,2.1,1.8,1.4,1.9,2.9,2.3
99,Alex Verdugo,BOS,OF,OF,8.5,191,1.1,-1.3,-1.1,0.4,8.3,8.3,5.1,4.9,2.6,2.4,8.7,0.6
100,Mitch Garver,MIN,C,C,7.7,173,1.3,2.7,0.7,0.0,2.1,1.8,3.6,3.0,2.5,3.7,5.8,0.7
101,Avisail Garcia,MIL,OF,OF,7.3,201,0.0,1.4,1.1,1.4,2.5,2.5,0.4,0.1,0.7,1.6,1.7,1.1
102,Khris Davis,OAK,DH,DH,7.3,225,2.1,6.2,4.4,-2.3,-4.1,-4.0,-1.5,-1.9,0.9,2.7,-4.4,3.1
103,Eric Hosmer,SD,1B,1B,7.2,226,1.1,1.5,3.1,-1.0,1.5,1.6,0.7,0.4,-0.3,0.2,1.0,2.1
104,Tommy Edman,STL,2B/3B,2B,7.2,217,0.3,-1.7,-2.1,7.1,2.7,2.8,-0.8,-1.1,-1.7,-1.4,5.5,0.8
105,Daniel Murphy,COL,1B,1B,7.0,196,0.6,0.5,1.3,-1.7,5.4,5.3,1.8,1.6,1.9,2.7,7.4,1.4
106,Jean Segura,PHI,SS,SS,7.0,200,0.1,-1.8,-1.5,3.5,5.8,5.6,1.4,1.1,-0.3,-0.3,9.2,0.2
107,Elvis Andrus,TEX,SS,SS,6.8,229,-0.4,-1.7,-1.3,9.2,0.1,0.1,-2.7,-3.1,-3.6,-3.2,5.2,0.8
108,Gavin Lux,LAD,2B,2B,6.7,211,1.3,-0.2,-0.2,3.3,1.4,1.4,0.1,-0.2,-0.7,-0.3,3.0,0.7
109,Luis Arraez,MIN,2B/OF,2B,6.2,210,1.2,-4.0,-2.1,0.3,9.9,9.8,6.1,5.9,0.3,-1.4,11.9,0.0
110,Kyle Tucker,HOU,OF,OF,6.2,177,-0.7,1.4,-1.1,7.1,-1.4,-1.4,-1.0,-1.3,0.3,1.6,3.2,-0.8
111,Ryan Braun,MIL,OF,OF,6.0,174,-1.3,1.2,1.0,1.7,2.4,2.4,1.2,1.0,1.9,2.9,5.6,-0.3
112,Nick Senzel,CIN,OF,OF,5.9,198,0.0,-0.8,-1.6,5.8,1.6,1.7,0.4,0.1,-0.3,0.1,2.5,-0.2
113,Wilson Ramos,NYM,C,C,5.8,155,-1.0,1.4,-0.7,-0.3,5.4,5.2,3.8,3.2,2.2,3.3,11.6,-0.4
114,Bryan Reynolds,PIT,OF,OF,5.7,216,0.7,-0.4,-0.9,0.4,4.9,4.8,3.1,2.8,0.8,0.6,2.0,1.4
115,Didi Gregorius,PHI,SS,SS,5.4,212,0.3,1.5,1.9,0.3,0.4,0.4,-2.3,-2.6,-0.9,0.5,7.2,1.5
116,Salvador Perez,KC,C,C,5.4,163,-1.2,3.3,0.7,0.5,1.2,1.0,-1.5,-2.2,0.9,3.6,8.7,0.7
117,Danny Santana,TEX,1B/OF,OF,5.1,223,-0.9,0.8,0.0,7.9,-3.6,-3.5,-5.9,-6.2,-3.5,-1.6,-4.6,1.4
118,Ryan McMahon,COL,2B/3B,2B,5.1,204,0.5,1.1,0.9,0.1,1.5,1.4,1.1,0.8,0.8,1.4,-1.2,0.9
119,Kolten Wong,STL,2B,2B,4.8,213,0.3,-2.1,-2.6,6.9,1.4,1.3,2.8,2.5,-1.1,-1.9,6.6,-0.6
120,Starlin Castro,WSH,2B/3B,2B,4.7,208,-0.4,-0.3,1.0,-1.0,4.5,4.3,-0.2,-0.5,-0.6,-0.1,5.2,1.0
121,Cesar Hernandez,CLE,2B,2B,4.6,217,1.9,-2.5,-2.6,2.5,4.3,4.3,4.9,4.6,-0.6,-2.1,5.5,-0.3
122,C.J. Cron,DET,1B,1B,4.6,201,-0.3,3.3,2.2,-2.2,0.5,0.5,-0.2,-0.5,1.5,3.0,2.1,1.7
123,J.D. Davis,NYM,3B/OF,3B,4.5,203,0.2,1.9,1.2,-1.2,1.4,1.3,0.7,0.4,0.8,1.6,1.5,1.1
124,Kevin Newman,PIT,2B/SS,SS,4.4,204,-0.8,-3.2,-3.9,7.1,4.3,4.3,0.4,0.0,-2.1,-2.3,8.7,-0.7
125,Joc Pederson,LAD,1B/OF,OF,4.2,174,0.8,3.3,0.4,-1.3,0.0,0.0,2.4,2.2,3.3,4.5,5.3,0.0
126,Joey Gallo,TEX,OF,OF,4.2,195,0.1,5.7,2.8,0.6,-6.0,-5.9,1.3,1.0,2.5,3.7,-7.1,0.8
127,Aaron Hicks,NYY,OF,OF,3.9,199,1.1,1.8,-0.2,1.9,-1.7,-1.6,3.1,2.8,1.1,0.9,2.3,-0.4
128,Christian Walker,ARI,1B,1B,3.8,217,0.6,2.4,2.3,0.0,-2.4,-2.3,-0.9,-1.2,-0.3,0.7,-2.2,1.5
129,Nick Madrigal,CHW,2B,2B,3.8,170,-1.7,-4.4,-4.5,8.2,5.2,5.2,1.8,1.6,-1.1,-1.7,14.7,-2.9
130,Anthony Santander,BAL,OF,OF,3.7,203,-1.0,1.4,0.9,0.0,1.5,1.7,-2.1,-2.4,-0.1,1.3,3.3,1.4
131,Christian Vazquez,BOS,C,C,3.7,160,-1.1,0.4,-1.4,1.8,3.0,2.8,0.8,0.2,0.2,1.6,9.5,-0.8
132,Miguel Sano,MIN,3B,3B,3.5,184,0.4,4.2,1.6,-2.2,-1.6,-1.6,1.7,1.4,2.9,4.1,-3.8,0.5
133,Brandon Lowe,TB,2B,2B,3.4,208,0.2,1.8,0.1,1.6,-1.3,-1.2,-0.5,-0.8,-0.1,0.8,-1.8,0.9
134,Austin Hays,BAL,OF,OF,3.4,193,-0.8,1.5,-1.4,2.9,0.2,0.1,-3.4,-3.7,-0.9,0.9,2.9,0.4
135,Justin Upton,LAA,OF,OF,3.3,212,0.2,3.0,2.3,0.1,-3.4,-3.2,-0.3,-0.6,-0.1,0.7,-4.3,0.9
136,Andrelton Simmons,LAA,SS,SS,3.2,216,-0.4,-2.4,-1.6,3.0,3.5,3.6,-0.1,-0.5,-2.3,-2.5,10.9,0.1
137,Randal Grichuk,TOR,OF,OF,2.9,198,-0.3,3.4,2.0,-1.2,-2.1,-2.0,-3.5,-3.8,0.7,2.8,-1.0,1.6
138,Hanser Alberto,BAL,2B/3B,2B,2.7,216,-0.4,-2.1,-2.1,0.6,5.7,5.4,-1.8,-2.0,-2.6,-2.1,10.3,0.8
139,Robinson Cano,NYM,2B,2B,2.7,201,-0.2,0.4,1.2,-2.5,2.8,3.0,0.7,0.4,0.3,0.9,6.7,0.7
140,Dansby Swanson,ATL,SS,SS,2.5,218,0.6,-0.2,-0.2,2.9,-1.6,-1.6,-0.4,-0.7,-1.7,-1.5,1.0,0.3
141,Shin-Soo Choo,TEX,OF,OF,2.4,229,2.3,0.7,-2.0,2.5,-2.2,-2.2,2.5,2.2,-0.8,-1.4,-2.6,0.5
142,Cavan Biggio,TOR,2B,2B,2.3,220,1.1,0.2,-0.9,4.6,-3.8,-3.5,3.1,2.8,-0.6,-1.9,-2.3,-0.7
143,Jonathan Schoop,DET,2B,2B,2.2,203,-0.7,2.5,0.8,-1.8,0.5,0.5,-2.7,-3.0,0.0,2.0,2.0,1.7
144,Nomar Mazara,CHW,OF,OF,2.2,181,-0.7,1.9,0.1,-1.0,0.9,1.0,0.0,-0.4,1.2,2.4,4.1,-0.1
145,Nick Solak,TEX,DH,DH,2.0,211,-0.8,0.8,-0.6,1.4,0.2,0.2,0.1,-0.2,-0.8,-0.5,1.2,0.4
146,Mallex Smith,SEA,OF,OF,1.6,182,-4.2,-4.3,-6.5,17.3,-1.6,-1.6,-1.6,-1.9,-3.8,-4.2,3.4,-3.7
147,Kurt Suzuki,WSH,C,C,1.6,131,-2.2,1.1,-2.0,-0.2,3.9,3.7,3.0,2.5,2.4,3.8,14.2,-1.9
148,Carson Kelly,ARI,C,C,1.5,148,-0.8,0.9,-1.9,0.5,1.8,1.6,4.0,3.5,1.8,2.5,10.4,-1.9
149,Sam Hilliard,COL,OF,OF,1.5,183,-1.8,0.2,-1.2,5.0,-1.7,-1.6,-2.8,-3.1,-1.3,-0.1,-1.5,-1.2
150,Will Smith,LAD,C,C,1.5,150,-1.0,2.7,-0.7,1.1,-1.6,-1.8,0.4,-0.1,1.0,2.8,7.2,-1.3
151,Jason Heyward,CHC,OF,OF,1.4,207,1.0,-0.9,-1.1,0.6,0.8,0.8,2.5,2.3,-0.6,-1.1,5.8,-0.5
152,Austin Riley,ATL,OF,OF,1.4,189,-0.6,3.0,1.1,-1.5,-1.6,-1.6,-2.4,-2.6,0.3,2.1,-1.3,0.6
153,Miguel Andujar,NYY,DH,DH,1.2,173,-1.4,0.8,-0.4,-1.2,2.4,2.3,-1.1,-1.3,0.7,2.2,8.0,-0.3
154,Garrett Hampson,COL,2B/OF,2B,1.1,161,-2.8,-3.2,-4.5,7.9,2.7,2.6,0.8,0.6,-0.8,-0.8,6.0,-3.2
155,Omar Narvaez,MIL,C,C,1.0,145,-1.3,0.2,-2.5,-0.3,4.0,3.7,5.3,4.8,2.0,2.3,10.9,-2.1
156,Ian Happ,CHC,OF,OF,1.0,192,0.1,1.3,-0.7,1.9,-2.5,-2.5,1.4,1.1,0.3,0.5,-1.4,-0.9
157,Yadier Molina,STL,C,C,1.0,153,-2.4,0.0,-2.2,1.4,3.2,3.1,1.3,0.7,0.2,1.4,12.2,-1.4
158,Luke Voit,NYY,1B,1B,0.7,199,0.4,1.6,0.4,-2.3,-0.4,-0.5,2.6,2.3,0.8,0.8,-0.3,-0.2
159,Jackie Bradley Jr.,BOS,OF,OF,0.6,200,0.3,0.3,-0.8,3.0,-3.1,-3.0,-0.7,-1.0,-0.9,-0.5,-0.7,-0.7
160,Hunter Dozier,KC,3B/OF,3B,0.6,228,0.0,1.0,1.5,-0.7,-2.2,-2.2,-1.5,-1.8,-1.1,-0.2,-3.7,1.9
161,Mark Canha,OAK,OF,OF,0.3,207,0.3,1.6,0.3,-0.9,-2.0,-1.9,1.7,1.4,0.4,0.7,0.7,0.3
162,Renato Nunez,BAL,1B,1B,0.3,210,-0.7,2.6,1.7,-1.8,-2.5,-2.5,-2.6,-2.9,-1.1,0.3,-1.2,1.0
163,Rougned Odor,TEX,2B,2B,0.2,196,-1.6,2.4,-0.7,4.3,-5.2,-5.2,-4.2,-4.6,-1.6,0.3,-1.3,-0.1
164,Miguel Cabrera,DET,1B,1B,0.1,200,-1.4,-0.3,0.0,-2.5,3.3,3.2,3.5,3.2,0.6,0.2,3.7,-0.1
165,Matt Carpenter,STL,3B,3B,0.1,220,1.5,1.7,0.1,-0.2,-4.0,-3.8,3.7,3.4,0.6,0.0,-0.9,0.2
166,Travis D’Arnaud,ATL,C/1B,C,-0.1,131,-2.7,0.7,-1.9,0.2,2.7,2.4,2.0,1.6,1.6,3.1,10.8,-2.3
167,Brandon Belt,SF,1B,1B,-0.2,221,0.2,0.5,-0.3,0.0,-1.5,-1.4,4.0,3.7,0.6,-0.1,1.1,0.6
168,Jesse Winker,CIN,OF,OF,-0.2,169,-0.9,-0.9,-2.6,-1.5,4.6,4.7,6.1,5.9,2.5,1.8,8.8,-1.8
169,Brett Gardner,NYY,OF,OF,-0.2,185,0.3,-0.4,-2.5,2.5,-1.1,-1.1,0.6,0.4,-0.5,-0.4,5.4,-1.6
170,Willy Adames,TB,SS,SS,-0.3,210,-0.3,-0.3,-1.4,1.1,-0.4,-0.4,0.0,-0.4,-1.6,-1.5,0.5,-0.1
171,Wil Myers,SD,OF,OF,-0.4,190,-1.8,0.5,-1.6,5.4,-3.8,-4.1,-1.3,-1.6,-1.4,-0.8,-2.1,-1.4
172,Trent Grisham,SD,OF,OF,-0.4,196,-0.6,-0.1,-1.5,2.4,-1.5,-1.7,1.6,1.3,-0.4,-0.4,3.6,-1.0
173,Francisco Mejia,SD,C,C,-0.5,138,-2.6,0.2,-2.7,0.3,3.3,3.0,1.4,0.8,1.1,2.7,10.7,-1.9
174,Hunter Renfroe,TB,OF,OF,-0.6,194,-1.1,3.5,1.4,-0.9,-4.4,-4.3,-4.1,-4.4,-0.7,1.4,-1.4,0.5
175,Brian Anderson,MIA,3B/OF,3B,-0.6,232,0.1,0.3,-0.6,-0.2,-1.2,-1.2,0.5,0.2,-1.3,-1.4,0.5,1.2
176,Ender Inciarte,ATL,OF,OF,-0.7,184,-1.1,-3.1,-4.0,5.3,1.3,1.3,0.7,0.4,-2.1,-2.5,8.0,-2.6
177,Justin Smoak,MIL,1B,1B,-0.7,182,-0.2,2.5,-0.1,-2.5,-1.4,-1.4,4.2,4.0,2.5,2.5,3.3,-0.8
178,Willie Calhoun,TEX,OF,OF,-1.0,177,-2.0,1.0,-0.6,-1.8,1.4,1.4,0.4,0.1,0.8,1.8,8.1,-0.6
179,Scott Kingery,PHI,3B/OF,3B,-1.0,191,-1.7,-0.9,-2.2,5.0,-2.1,-2.2,-3.5,-3.8,-2.6,-1.6,0.3,-1.2
180,Carter Kieboom,WSH,SS,SS,-1.0,201,0.0,-1.0,-2.0,0.8,0.2,0.2,0.8,0.5,-1.2,-1.4,2.1,-1.0
181,Adam Frazier,PIT,2B,2B,-1.1,215,-0.1,-2.8,-3.3,1.2,2.8,2.9,1.7,1.4,-1.6,-2.2,7.8,-0.1
182,Nico Hoerner,CHC,SS,SS,-1.1,182,-0.8,-2.5,-3.1,1.4,2.9,2.9,-0.2,-0.5,-1.1,-0.8,10.1,-1.5
183,Corey Dickerson,MIA,OF,OF,-1.3,199,-2.2,0.0,-0.6,-0.7,1.2,1.2,-2.0,-2.3,-0.7,0.6,3.6,0.7
184,Mauricio Dubon,SF,2B,2B,-1.3,193,-2.8,-1.8,-3.5,4.5,1.3,1.3,-2.9,-3.2,-2.8,-2.1,7.4,-1.1
185,Sean Murphy,OAK,C,C,-1.3,134,-2.7,0.6,-2.3,0.3,1.7,1.4,1.4,0.8,1.2,2.7,10.1,-2.4
186,Kyle Seager,SEA,3B,3B,-1.4,218,-1.1,2.2,1.0,-1.0,-3.4,-3.2,-2.5,-2.8,-1.4,-0.2,2.0,1.2
187,Gio Urshela,NYY,3B,3B,-1.8,187,-1.2,-0.6,-1.3,-2.0,2.4,2.2,-1.4,-1.7,-1.1,-0.2,6.4,-0.7
188,Jurickson Profar,SD,2B,2B,-1.9,195,-0.9,-0.3,-1.6,1.4,-1.6,-1.6,0.5,0.2,-0.8,-0.6,8.1,-1.0
189,Niko Goodrum,DET,2B/SS/ OF,SS,-1.9,217,-0.9,-0.5,-1.5,4.0,-3.9,-3.8,-2.8,-3.1,-3.1,-2.5,-2.4,-0.2
190,Nick Ahmed,ARI,SS,SS,-2.1,215,0.0,-0.2,-1.1,0.9,-2.7,-2.6,-3.5,-3.8,-2.6,-1.6,3.8,0.3
191,David Fletcher,LAA,2B/SS/ 3B/OF,SS,-2.2,203,-0.8,-4.1,-4.0,1.7,4.0,4.0,0.6,0.2,-2.6,-3.3,10.3,-1.3
192,Raimel Tapia,COL,OF,OF,-2.5,160,-3.1,-3.2,-3.5,2.7,3.6,3.6,-0.3,-0.6,-0.8,-0.2,6.0,-2.6
193,Teoscar Hernandez,TOR,OF,OF,-2.6,191,-1.5,1.4,-0.9,1.6,-4.1,-4.2,-2.9,-3.2,-1.2,0.0,-3.0,-0.8
194,Domingo Santana,CLE,OF,OF,-2.7,170,-2.2,0.0,-2.0,0.8,-0.3,-0.2,1.9,1.7,0.7,0.8,0.1,-2.2
195,Gregory Polanco,PIT,OF,OF,-2.7,183,-2.1,0.3,-1.7,1.6,-1.7,-1.7,0.1,-0.2,-0.3,0.3,3.4,-1.3
196,Mike Yastrzemski,SF,OF,OF,-2.8,227,0.5,0.0,-2.0,1.2,-3.5,-3.4,-2.3,-2.6,-2.5,-1.9,-2.6,0.7
197,Jose Peraza,BOS,2B/SS/ OF,SS,-3.0,152,-2.6,-3.6,-5.3,3.8,3.6,3.5,0.0,-0.2,-1.4,-1.2,11.1,-3.8
198,Tucker Barnhart,CIN,C,C,-3.4,144,-2.2,-0.9,-3.2,0.8,1.1,0.8,3.1,2.6,0.3,0.7,10.1,-2.9
199,Yandy Diaz,TB,1B/3B,3B,-3.4,189,-1.6,-2.3,-2.9,-0.5,2.9,2.9,4.4,4.1,-0.2,-1.4,5.6,-2.0
200,Colin Moran,PIT,3B,3B,-3.5,199,-2.1,-0.8,-1.1,-1.8,1.4,1.4,0.2,-0.1,-1.2,-1.1,3.2,-0.6
201,Roberto Perez,CLE,C,C,-3.5,147,-2.0,1.1,-1.8,-0.2,-1.6,-1.8,0.9,0.4,0.1,1.4,5.6,-2.4
202,Danny Jansen,TOR,C,C,-3.6,118,-3.3,-0.3,-4.0,0.6,2.4,2.0,3.0,2.5,1.7,2.7,12.6,-3.7
203,Stephen Piscotty,OAK,OF,OF,-3.8,173,-2.1,0.0,-1.9,-1.5,0.6,0.6,0.9,0.7,0.7,1.2,5.2,-1.5
204,Jorge Alfaro,MIA,C,C,-3.9,158,-3.4,0.4,-2.8,1.4,-0.5,-0.7,-1.5,-2.0,-1.5,0.2,2.0,-1.7
205,Yoshitomo Tsutsugo,TB,OF,OF,-4.1,161,-2.3,0.9,-1.8,-2.2,0.3,0.4,3.8,3.6,2.3,2.3,3.8,-2.3
206,Freddy Galvis,CIN,2B/SS,SS,-4.1,204,-0.6,-0.7,-1.9,0.3,-2.1,-2.2,-4.3,-4.7,-3.6,-2.5,2.1,-0.7
207,Michael Chavis,BOS,1B/2B,2B,-4.2,167,-2.2,0.9,-1.5,-1.2,-1.3,-1.2,-1.4,-1.7,-0.2,1.0,1.1,-1.8
208,Kole Calhoun,ARI,OF,OF,-4.3,179,-1.4,0.6,-1.8,-0.9,-1.8,-1.8,0.9,0.6,0.2,0.6,3.2,-1.6
209,Cameron Maybin,DET,OF,OF,-4.3,170,-3.1,-2.7,-5.4,5.9,0.0,0.0,1.7,1.4,-1.3,-1.8,4.5,-3.5
210,Jose Iglesias,BAL,SS,SS,-4.4,196,-2.2,-3.1,-4.0,2.1,1.9,1.9,-2.5,-2.8,-3.3,-3.0,9.1,-1.4
211,Kevin Kiermaier,TB,OF,OF,-4.4,165,-3.5,-1.4,-4.0,5.4,-1.8,-1.7,-2.0,-2.3,-1.4,-0.6,5.0,-2.8
212,Eric Thames,WSH,1B,1B,-4.5,180,-1.8,0.8,-0.8,-0.2,-3.5,-3.5,0.2,-0.1,-0.2,0.3,-1.0,-1.8
213,Jacob Stallings,PIT,C,C,-4.6,144,-3.5,-1.4,-3.8,0.2,3.0,2.8,1.8,1.3,-0.2,0.6,10.5,-2.7
214,Tony Wolters,COL,C,C,-4.8,134,-2.0,-2.3,-4.6,0.6,2.5,2.3,3.8,3.2,0.3,0.4,11.8,-3.9
215,Albert Pujols,LAA,1B,1B,-4.8,176,-2.4,0.5,-1.3,-1.8,-0.8,-0.5,-1.8,-2.2,-1.1,-0.1,9.1,-1.6
216,Nicky Lopez,KC,2B/SS,SS,-4.9,189,-2.3,-4.0,-4.7,2.4,2.8,2.5,0.3,0.0,-2.6,-3.1,10.8,-2.4
217,Harrison Bader,STL,OF,OF,-5.2,173,-2.8,-0.8,-3.7,4.0,-2.9,-2.8,-0.7,-1.0,-1.5,-1.2,1.2,-3.0
218,Alex Gordon,KC,OF,OF,-5.3,186,-2.6,-1.4,-2.3,0.0,0.2,0.2,1.2,0.8,-1.1,-1.4,5.5,-2.0
219,Jake Fraley,SEA,OF,OF,-5.3,189,-3.5,-1.5,-4.3,5.6,-2.6,-2.8,-4.1,-4.4,-3.3,-2.3,2.0,-1.9
220,Adam Haseley,PHI,OF,OF,-5.3,173,-2.1,-2.0,-3.9,1.4,0.3,0.4,-1.1,-1.3,-1.8,-1.4,5.4,-2.7
221,Asdrubal Cabrera,WSH,2B/3B,2B,-5.4,164,-2.8,-1.3,-2.4,-1.7,1.7,1.8,1.4,1.2,0.3,0.6,6.9,-2.3
222,Austin Romine,DET,C,C,-5.4,117,-4.6,-0.8,-4.3,0.3,2.9,2.8,1.4,0.8,0.8,2.3,11.2,-3.6
223,Shed Long Jr.,SEA,2B,2B,-5.4,197,-2.2,-1.1,-4.2,3.5,-2.4,-2.4,-2.6,-2.9,-2.9,-2.3,0.7,-1.4
224,Jay Bruce,PHI,OF,OF,-5.5,152,-3.0,1.5,-1.3,-1.7,-2.1,-2.0,-1.7,-1.9,0.7,2.4,5.0,-2.2
225,Brandon Nimmo,NYM,OF,OF,-5.8,190,-0.3,-1.3,-3.3,1.6,-3.5,-3.5,4.3,4.0,-0.4,-1.6,0.0,-2.8
226,Wilmer Flores,SF,2B,2B,-5.8,157,-3.8,-1.1,-3.3,-2.2,3.5,3.5,0.9,0.6,0.7,1.4,11.4,-2.2
227,Victor Caratini,CHC,C/1B,C,-5.8,102,-4.5,-1.4,-4.9,-0.2,4.2,4.0,4.3,3.8,2.1,2.8,12.9,-4.8
228,A.J. Pollock,LAD,OF,OF,-5.8,141,-3.2,-1.0,-3.8,0.9,0.2,0.2,-0.3,-0.5,0.3,1.2,7.8,-3.6
229,Mike Zunino,TB,C,C,-6.0,142,-2.6,1.7,-2.5,0.3,-3.8,-4.0,-1.9,-2.4,-0.8,1.2,3.4,-2.6
230,Stephen Vogt,ARI,C,C,-6.0,98,-4.9,-0.6,-4.5,0.6,2.4,2.2,2.0,1.6,1.9,3.5,12.5,-4.5
231,Evan Longoria,SF,3B,3B,-6.0,178,-3.0,-0.2,-1.8,-1.3,-0.7,-0.6,-1.7,-2.0,-0.9,0.1,4.9,-1.4
232,Jarrod Dyson,PIT,OF,OF,-6.2,158,-4.0,-3.9,-7.0,10.1,-2.4,-2.4,-0.7,-1.0,-3.4,-3.9,8.1,-5.3
233,Evan White,SEA,1B,1B,-6.2,199,-2.6,0.1,-2.3,-1.2,-1.2,-1.1,-2.6,-3.0,-2.2,-1.3,2.1,-0.6
234,Dexter Fowler,STL,OF,OF,-6.3,194,-1.0,-0.8,-3.4,1.4,-3.5,-3.5,1.7,1.4,-1.3,-1.9,1.9,-2.2
235,Tommy La Stella,LAA,2B/3B,2B,-6.5,168,-2.2,-1.9,-4.1,-1.5,2.2,2.3,1.0,0.7,-0.6,-0.6,10.6,-2.6
236,Tyler O’Neill,STL,OF,OF,-6.5,164,-3.4,1.2,-1.9,-0.4,-3.1,-3.0,-2.9,-3.1,-0.9,0.7,0.2,-2.2
237,Jason Castro,LAA,C,C,-6.5,133,-3.2,-0.1,-3.3,0.6,-1.5,-1.7,1.4,1.0,-0.1,0.8,5.7,-3.8
238,JaCoby Jones,DET,OF,OF,-6.6,189,-1.9,-1.4,-4.2,4.0,-4.1,-4.0,-3.5,-3.7,-3.1,-2.3,-1.2,-2.1
239,Luis Urias,MIL,2B/SS,SS,-6.6,174,-1.6,-2.0,-3.8,0.0,-0.1,-0.1,1.4,1.1,-0.9,-1.2,5.8,-3.0
240,Yan Gomes,WSH,C,C,-6.6,114,-4.1,-0.2,-4.2,-0.2,1.0,0.8,1.6,1.1,0.9,2.3,10.3,-4.1
241,Robinson Chirinos,TEX,C,C,-6.7,126,-3.5,0.3,-3.6,0.3,-1.3,-1.4,2.2,1.7,0.9,1.9,6.9,-3.8
242,Martin Maldonado,HOU,C,C,-6.7,131,-3.2,-0.3,-3.1,0.2,-1.3,-1.4,-0.4,-0.8,-0.9,0.6,8.8,-3.6
243,Tom Murphy,SEA,C,C,-6.9,146,-3.8,1.3,-2.8,0.6,-3.2,-3.4,-2.9,-3.5,-1.4,0.9,1.8,-2.1
244,Josh Naylor,SD,OF,OF,-7.0,151,-3.3,-1.7,-4.0,-1.2,2.3,2.3,1.4,1.2,0.3,0.5,9.0,-3.3
245,Pedro Severino,BAL,C,C,-7.2,108,-5.1,-0.9,-5.0,1.0,1.9,1.7,1.6,1.2,0.8,2.0,11.9,-4.6
246,Ji-Man Choi,TB,1B,1B,-7.2,161,-3.2,-0.4,-2.6,-1.5,-0.5,-0.4,3.1,2.9,1.0,0.8,4.2,-2.9
247,Yoenis Cespedes,NYM,OF,OF,-7.5,118,-4.9,-0.1,-3.5,-1.2,1.2,1.2,1.3,1.1,2.2,3.2,7.4,-4.3
248,Victor Reyes,DET,OF,OF,-7.5,147,-4.8,-3.6,-6.4,4.0,2.3,2.3,-1.6,-1.8,-1.9,-1.3,8.3,-4.1
249,Chance Sisco,BAL,C,C,-7.6,114,-4.7,-0.7,-4.8,0.2,1.5,1.3,3.4,2.9,1.3,2.1,8.7,-4.4
250,Reese McGuire,TOR,C,C,-7.8,107,-4.7,-1.5,-5.3,0.8,2.0,1.9,1.9,1.4,0.7,1.6,12.7,-4.9
251,Steven Souza Jr.,CHC,OF,OF,-7.8,139,-4.0,-0.5,-4.0,0.8,-1.0,-1.0,1.5,1.3,0.9,1.4,4.1,-4.1
252,Josh Reddick,HOU,OF,OF,-8.0,143,-3.6,-2.1,-4.4,-0.7,1.9,1.9,0.7,0.5,-0.1,0.2,10.8,-4.0
253,Maikel Franco,KC,3B,3B,-8.1,142,-4.1,-0.6,-3.7,-2.5,1.7,1.8,0.9,0.7,1.3,2.1,11.1,-3.2
254,Hunter Pence,SF,OF,OF,-8.1,157,-4.6,-1.4,-3.6,0.0,0.5,0.5,-0.9,-1.2,-0.9,-0.2,5.0,-3.0
255,Brandon Crawford,SF,SS,SS,-8.2,204,-2.4,-1.5,-2.7,-0.4,-2.1,-1.9,-1.5,-1.8,-2.8,-2.6,3.0,-1.2
256,Curt Casali,CIN,C,C,-8.4,95,-5.1,-1.1,-5.1,-0.2,2.1,1.9,3.0,2.5,1.5,2.5,12.4,-5.4
257,Manny Pina,MIL,C,C,-8.5,97,-5.2,-1.4,-5.2,0.0,2.3,2.2,2.3,1.9,1.2,2.3,12.3,-5.2
258,Travis Shaw,TOR,3B,3B,-8.6,165,-2.9,0.2,-2.7,-1.2,-3.0,-2.6,1.2,1.0,0.3,0.1,3.4,-3.0
259,Alex Dickerson,SF,OF,OF,-8.8,151,-4.6,-2.1,-3.8,-1.5,2.2,2.2,1.2,1.0,0.5,0.8,6.9,-3.1
260,Rowdy Tellez,TOR,1B,1B,-8.8,142,-4.1,-0.5,-3.9,-1.3,0.0,0.4,0.4,0.2,0.9,1.4,5.6,-3.5
261,Jon Berti,MIA,SS/3B/ OF,SS,-8.9,159,-4.9,-3.6,-7.0,8.0,-2.4,-2.3,-1.7,-1.9,-3.3,-3.4,5.3,-4.9
262,Christin Stewart,DET,OF,OF,-9.0,175,-2.9,-0.2,-2.8,-2.2,-2.0,-1.9,0.1,-0.1,-0.6,-0.3,3.5,-2.3
263,Manuel Margot,TB,OF,OF,-9.2,134,-5.2,-2.9,-6.2,4.3,-0.2,-0.2,-0.7,-1.0,-1.1,-0.6,9.3,-5.1
264,Kevin Pillar,BOS,OF,OF,-9.3,120,-5.2,-2.8,-5.8,1.2,2.3,2.2,-0.7,-0.8,0.0,0.9,11.2,-5.0
265,Johan Camargo,ATL,SS,SS,-9.6,137,-4.2,-2.1,-4.6,-1.8,2.0,2.0,0.7,0.5,0.4,0.9,8.7,-4.0
266,Todd Frazier,TEX,3B,3B,-9.6,155,-3.7,0.2,-3.4,-1.2,-2.5,-2.4,0.2,0.0,0.1,0.7,5.7,-3.2
267,Jose Osuna,PIT,1B/OF,OF,-9.9,154,-4.4,-1.9,-4.1,-1.5,1.0,1.0,-0.5,-0.7,-0.5,0.3,7.6,-3.0
268,Austin Allen,OAK,C,C,-9.9,98,-5.5,-1.3,-5.3,-0.2,1.4,1.2,1.1,0.6,0.6,2.0,12.3,-5.2
269,Austin Hedges,SD,C,C,-10.1,101,-5.0,-0.3,-5.0,0.0,-0.7,-0.8,-0.3,-0.7,0.2,2.0,10.1,-5.0
270,Mitch Moreland,BOS,1B,1B,-10.1,132,-4.3,-0.6,-3.6,-2.3,-0.2,-0.1,0.6,0.4,1.1,1.9,7.1,-4.0
271,Miguel Rojas,MIA,SS,SS,-10.2,165,-4.4,-3.8,-6.2,1.2,1.9,1.9,-0.3,-0.5,-2.4,-2.5,10.7,-3.7
272,Tyler Flowers,ATL,C,C,-10.3,96,-5.0,-1.3,-5.6,-0.3,1.0,0.7,2.9,2.5,1.2,2.1,10.3,-5.7
273,James McCann,CHW,C,C,-10.6,79,-6.3,-1.7,-6.2,0.0,2.6,2.4,2.4,2.0,1.4,2.6,12.7,-6.3
274,Isan Diaz,MIA,2B,2B,-10.7,194,-3.2,-0.5,-3.5,0.6,-5.0,-4.9,-2.7,-3.0,-3.0,-2.6,0.4,-2.1
275,Tyler Heineman,SF,C,C,-10.8,96,-5.9,-2.4,-6.6,0.6,2.6,2.0,2.2,1.8,0.6,1.5,14.2,-5.7
276,Enrique Hernandez,LAD,2B/OF,2B,-10.9,136,-4.0,-1.2,-4.4,-1.3,-1.0,-1.0,0.2,0.0,0.2,0.9,8.5,-4.4
277,Kevin Cron,ARI,1B,1B,-10.9,116,-5.3,-0.3,-4.2,-2.0,-0.1,-0.1,0.2,0.0,1.5,2.7,7.0,-4.7
278,J.P. Crawford,SEA,SS,SS,-11.5,214,-2.0,-2.1,-4.5,1.4,-5.3,-5.2,-1.3,-1.7,-3.9,-4.5,1.6,-1.9
279,Garrett Cooper,MIA,1B/OF,OF,-11.5,169,-4.3,-1.7,-4.1,-2.5,0.1,0.1,-0.4,-0.6,-1.3,-1.0,3.0,-2.7
280,Austin Barnes,LAD,C,C,-11.6,82,-6.0,-2.3,-6.5,1.0,1.2,1.0,3.1,2.6,1.1,1.8,13.5,-6.9
281,Isiah Kiner-Falefa,TEX,C/3B,C,-11.6,85,-6.3,-3.1,-7.6,1.4,2.9,2.6,2.7,2.3,0.6,1.3,14.8,-6.6
282,Ryan Mountcastle,BAL,1B,1B,-11.6,120,-6.1,-1.6,-5.2,-2.0,2.4,2.4,-0.8,-1.0,0.5,1.6,7.8,-4.6
283,Jeimer Candelario,DET,1B/3B,3B,-11.8,161,-3.5,-1.4,-4.5,-1.3,-2.0,-1.9,0.6,0.4,-0.5,-0.4,4.4,-3.4
284,Marwin Gonzalez,MIN,1B/3B/ OF,3B,-11.8,123,-5.0,-2.5,-5.3,-2.0,1.9,1.9,1.6,1.3,0.7,1.0,9.1,-5.1
285,Alex Avila,MIN,C,C,-11.8,81,-5.6,-1.6,-5.9,-0.2,0.4,0.2,4.4,4.0,1.7,2.2,11.1,-7.0
286,Rob Brantly,SF,C,C,-12.0,96,-6.0,-2.2,-6.6,-0.3,2.2,2.0,1.7,1.3,0.3,1.4,14.2,-5.7
287,Jesus Aguilar,MIA,1B,1B,-12.4,157,-4.5,-0.2,-3.6,-2.6,-2.5,-2.4,-0.5,-0.7,-0.6,0.0,4.1,-3.4
288,Albert Almora Jr.,CHC,OF,OF,-12.6,125,-5.3,-3.3,-6.1,-1.0,2.1,2.2,-0.5,-0.7,-0.6,-0.1,10.4,-5.3
289,Kyle Lewis,SEA,OF,OF,-12.6,199,-3.7,-1.0,-3.2,-1.0,-4.7,-4.6,-4.7,-5.0,-4.3,-3.4,-2.7,-1.7
290,DJ Stewart,BAL,OF,OF,-12.7,116,-6.1,-2.2,-6.3,0.3,0.6,0.6,1.8,1.7,0.9,1.1,8.9,-5.7
291,Dylan Carlson,STL,OF,OF,-12.7,122,-5.9,-2.8,-6.3,1.1,0.3,0.4,0.4,0.2,-0.2,0.2,9.2,-5.7
292,Franchy Cordero,KC,OF,OF,-12.9,137,-5.8,-2.4,-5.9,2.4,-2.2,-2.2,-2.6,-2.8,-1.8,-0.9,2.6,-5.0
293,Jordan Luplow,CLE,OF,OF,-12.9,109,-5.6,-2.3,-6.5,-0.4,0.8,0.8,2.0,1.8,1.3,1.6,9.7,-6.0
294,Adam Duvall,ATL,OF,OF,-13.0,123,-5.2,-0.4,-4.3,-2.2,-2.0,-1.9,-1.4,-1.6,0.3,1.6,6.7,-4.8
295,Matt Beaty,LAD,1B/OF,OF,-13.0,106,-6.0,-3.3,-6.3,-1.2,2.8,2.8,1.3,1.2,0.8,1.2,12.8,-6.0
296,Joey Bart,SF,C,C,-13.0,71,-7.3,-2.1,-7.4,0.6,2.2,2.0,1.4,1.0,1.1,2.6,14.7,-6.9
297,Francisco Cervelli,MIA,C,C,-13.1,91,-6.4,-2.2,-6.9,0.2,1.3,0.8,3.6,3.1,0.9,1.4,12.3,-6.5
298,Kyle Higashioka,NYY,C,C,-13.1,60,-7.3,-1.6,-6.9,-0.3,2.0,1.8,1.9,1.6,1.9,3.4,14.8,-7.4
299,Dee Gordon,SEA,2B,2B,-13.4,113,-7.6,-5.4,-9.2,5.6,2.1,2.2,-1.0,-1.2,-2.1,-2.0,12.0,-7.0
300,Rio Ruiz,BAL,3B,3B,-13.5,149,-5.1,-2.2,-4.9,-2.0,-0.4,-0.2,-0.1,-0.4,-1.1,-0.9,6.2,-4.1
301,Matt Wieters,STL,C,C,-13.5,65,-7.3,-1.9,-7.4,-0.2,2.2,2.0,2.5,2.2,1.7,3.0,15.2,-7.3
302,Tyler Naquin,CLE,OF,OF,-13.8,97,-6.6,-3.2,-7.3,-0.9,3.1,3.1,1.4,1.3,1.2,1.7,10.3,-6.5
303,Garrett Stubbs,HOU,C,C,-14.0,57,-7.8,-3.1,-7.9,1.3,2.4,2.2,3.0,2.6,1.4,2.4,16.1,-8.1
304,Willians Astudillo,MIN,C,C,-14.1,36,-8.6,-3.0,-8.6,-0.3,5.4,5.2,4.2,3.8,3.2,4.3,19.4,-8.5
305,Max Stassi,LAA,C,C,-14.2,84,-6.5,-1.9,-6.6,0.0,-0.2,-0.4,1.2,0.7,0.2,1.3,11.3,-6.8
306,Guillermo Heredia,PIT,OF,OF,-14.2,156,-4.8,-3.6,-6.6,0.4,-0.5,-0.5,0.6,0.4,-2.2,-2.7,7.2,-4.8
307,Sandy Leon,CLE,C,C,-14.3,77,-6.9,-2.3,-6.9,0.0,0.9,0.7,1.4,1.0,0.4,1.5,13.4,-7.0
308,Michael Perez,TB,C,C,-14.3,63,-7.5,-2.4,-7.6,-0.2,2.4,2.2,2.5,2.0,1.6,2.7,14.8,-7.6
309,Roman Quinn,PHI,OF,OF,-14.4,97,-7.0,-4.3,-8.4,4.3,0.1,0.1,0.3,0.2,-0.6,-0.4,8.9,-7.7
310,Kevin Plawecki,BOS,C,C,-14.5,56,-7.6,-2.7,-7.8,-0.3,3.0,2.8,3.4,3.0,2.0,3.0,16.1,-7.9
311,Jake Lamb,ARI,1B/3B,3B,-14.6,125,-5.3,-1.8,-5.5,-1.7,-1.4,-1.3,1.6,1.3,0.6,0.8,6.7,-5.6
312,Eric Sogard,MIL,2B,2B,-14.6,118,-5.3,-3.9,-7.3,-0.2,1.2,1.2,2.0,1.8,-0.2,-0.6,11.6,-6.5
313,Daniel Vogelbach,SEA,1B,1B,-14.7,144,-4.9,-0.5,-4.9,-2.6,-2.7,-2.6,2.5,2.3,0.4,0.2,5.1,-4.6
314,Ronald Guzman,TEX,1B,1B,-14.8,138,-5.1,-1.8,-5.6,-1.5,-1.8,-1.7,-0.6,-0.8,-0.8,-0.4,5.1,-4.9
315,Derek Fisher,TOR,OF,OF,-14.9,112,-6.2,-2.5,-6.8,1.1,-1.6,-1.3,0.3,0.1,0.0,0.2,5.6,-6.6
316,Jedd Gyorko,MIL,3B,3B,-15.0,97,-6.5,-2.1,-6.5,-1.5,0.5,0.5,1.5,1.3,1.2,1.7,10.4,-6.8
317,Drew Butera,COL,C,C,-15.0,51,-8.0,-2.9,-8.0,-0.3,3.2,3.0,3.4,3.0,2.1,3.1,15.8,-8.2
318,David Bote,CHC,2B/3B,2B,-15.3,113,-5.9,-3.0,-6.5,-0.7,-0.3,-0.2,1.2,1.1,-0.1,0.0,7.9,-6.5
319,Jake Bauers,CLE,1B/OF,OF,-15.4,104,-6.6,-3.0,-7.4,0.6,0.0,0.1,2.2,2.0,0.7,0.8,9.5,-6.8
320,Dustin Garneau,HOU,C,C,-15.5,60,-7.5,-2.3,-7.4,-0.3,1.1,0.8,2.1,1.7,1.3,2.5,14.5,-7.8
321,Joey Wendle,TB,2B/3B,2B,-15.7,114,-6.7,-4.5,-7.7,1.2,1.0,1.1,-0.1,-0.4,-1.1,-0.9,10.5,-6.5
322,Chris Taylor,LAD,2B/SS/ OF,SS,-15.8,113,-5.8,-3.6,-6.8,-0.2,-0.5,-0.4,0.3,0.1,-0.4,-0.1,7.2,-6.5
323,Jake Marisnick,NYM,OF,OF,-15.9,113,-6.5,-2.5,-6.8,1.9,-3.0,-2.9,-2.4,-2.6,-1.6,-0.5,5.5,-6.5
324,Dominic Smith,NYM,1B/OF,OF,-16.1,111,-6.5,-2.5,-6.2,-1.7,-0.3,-0.2,-0.5,-0.6,-0.2,0.5,8.9,-6.2
325,Tomas Nido,NYM,C,C,-16.1,62,-7.6,-2.7,-8.1,-0.5,1.8,1.6,1.4,1.0,0.8,2.1,15.1,-7.7
326,Tony Kemp,OAK,2B/OF,2B,-16.3,102,-6.8,-4.7,-8.5,1.6,1.1,1.1,1.2,1.0,-0.6,-0.7,12.9,-7.5
327,Nate Lowe,TB,1B,1B,-16.3,90,-7.1,-2.6,-7.1,-2.5,2.1,2.2,2.8,2.8,1.9,2.1,10.8,-7.1
328,Phillip Ervin,CIN,OF,OF,-16.5,93,-7.2,-3.6,-7.8,0.9,0.3,0.4,1.1,1.0,0.4,0.7,10.4,-7.4
329,Jose Martinez,TB,OF,OF,-16.6,98,-7.4,-3.5,-7.0,-2.0,2.2,2.2,2.2,2.0,0.8,0.9,10.8,-6.9
330,Franklin Barreto,OAK,2B,2B,-16.7,106,-6.4,-2.9,-7.5,0.3,-1.2,-1.1,-1.3,-1.4,-0.8,0.0,6.6,-6.7
331,Aristides Aquino,CIN,OF,OF,-16.7,76,-8.1,-2.0,-7.1,-1.3,0.8,0.8,0.2,0.1,1.6,2.7,10.8,-7.5
332,Grayson Greiner,DET,C,C,-16.7,58,-8.2,-2.8,-8.2,-0.5,1.9,1.7,2.5,2.0,1.3,2.4,14.8,-8.0
333,Brian Goodwin,LAA,OF,OF,-16.8,125,-5.8,-2.8,-6.9,0.1,-2.4,-2.3,-1.7,-1.9,-1.7,-1.1,5.4,-6.0
334,Cam Gallagher,KC,C,C,-16.9,41,-9.0,-3.3,-9.1,-0.2,3.6,3.4,3.6,3.2,2.2,3.2,17.5,-8.9
335,Elias Diaz,COL,C,C,-17.0,27,-9.4,-3.4,-9.5,-0.7,4.9,4.7,4.5,4.2,3.1,4.1,18.5,-9.4
336,Ryan O’Hearn,KC,1B,1B,-17.2,117,-6.4,-1.7,-6.3,-2.3,-1.6,-1.6,-0.2,-0.4,0.1,0.8,7.1,-5.8
337,Meibrys Viloria,KC,C,C,-17.7,41,-9.1,-3.4,-9.2,-0.3,3.4,3.2,3.2,2.9,1.9,2.9,16.7,-9.0
338,Dom Nunez,COL,C,C,-17.8,29,-9.3,-3.1,-9.3,-0.3,3.1,2.9,3.8,3.5,2.7,3.8,17.4,-9.5
339,Andrew Knapp,PHI,C,C,-17.9,42,-8.7,-3.2,-8.9,-0.5,2.5,2.3,3.6,3.2,2.0,2.9,15.5,-9.0
340,Edward Olivares,SD,OF,OF,-17.9,93,-8.1,-4.4,-8.5,2.2,-0.2,-0.1,-1.1,-1.2,-1.3,-0.7,12.0,-7.9
341,Jason Kipnis,CHC,2B,2B,-17.9,96,-7.1,-3.6,-7.5,-1.2,0.5,0.5,0.9,0.7,0.3,0.6,11.8,-7.3
342,Mike Tauchman,NYY,OF,OF,-18.0,90,-7.4,-3.9,-7.9,-0.4,0.6,0.7,1.2,1.1,0.3,0.4,11.0,-7.8
343,Lane Thomas,STL,OF,OF,-18.0,86,-8.1,-3.5,-8.2,0.6,0.2,0.2,0.2,0.1,0.2,0.8,10.4,-7.9
344,Jonathan Lucroy,BOS,C,C,-18.0,27,-9.5,-3.4,-9.5,-0.7,4.1,3.8,4.3,4.0,2.8,3.8,18.7,-9.5
345,Leury Garcia,CHW,OF,OF,-18.1,87,-7.7,-4.7,-8.9,0.4,1.8,1.8,-0.1,-0.2,-0.7,-0.3,11.0,-8.1
346,Mike Ford,NYY,1B,1B,-18.1,71,-7.8,-2.7,-7.7,-2.6,1.7,1.8,2.4,2.3,2.3,2.8,13.3,-8.1
347,Jeff Mathis,TEX,C,C,-18.3,85,-7.5,-2.9,-7.7,0.2,-1.3,-1.6,-0.8,-1.3,-1.5,-0.2,10.2,-7.4
348,Deivy Grullon,PHI,C,C,-18.6,20,-9.9,-3.2,-9.8,-0.7,4.0,3.7,3.8,3.5,3.0,4.2,18.1,-9.9
349,Andrew Knizner,STL,C,C,-18.7,20,-10.0,-3.5,-10.0,-0.5,4.3,4.1,4.2,3.8,3.0,4.1,19.0,-9.9
350,Chris Iannetta,NYY,C,C,-18.7,21,-9.7,-3.2,-9.7,-0.7,3.7,3.5,4.2,3.8,3.0,4.0,17.9,-10.0
351,Dwight Smith Jr.,BAL,OF,OF,-18.8,84,-8.2,-3.7,-8.2,-1.2,1.6,1.7,1.5,1.3,0.8,1.1,11.9,-7.8
352,Taylor Ward,LAA,C,C,-18.8,20,-9.9,-3.4,-10.0,-0.3,3.9,3.7,4.3,4.0,3.0,4.0,18.3,-10.0
353,Josh VanMeter,CIN,OF,OF,-18.8,70,-8.5,-4.0,-8.8,0.0,1.5,1.6,1.7,1.6,1.1,1.5,13.1,-8.7
354,Ty France,SD,2B/3B,2B,-19.0,80,-8.0,-3.4,-8.2,-2.3,1.8,1.8,1.4,1.3,1.2,1.7,12.7,-7.8
355,Brandon Drury,TOR,3B/OF,3B,-19.2,108,-6.8,-3.4,-7.3,-2.2,-0.5,-0.6,-0.8,-1.0,-0.7,-0.1,8.7,-6.7
356,Orlando Arcia,MIL,SS,SS,-19.3,82,-8.3,-4.2,-8.4,-0.4,1.0,1.0,0.5,0.5,0.0,0.3,12.6,-8.4
357,Ben Gamel,MIL,OF,OF,-19.4,89,-7.7,-4.7,-8.7,-1.2,1.8,1.8,2.2,2.2,0.4,0.2,10.6,-8.1
358,Rene Rivera,NYM,C,C,-19.4,20,-10.0,-3.3,-9.9,-0.7,3.5,3.2,3.5,3.1,2.7,4.0,18.1,-10.0
359,Alec Bohm,PHI,3B,3B,-19.4,71,-8.6,-3.7,-8.5,-1.8,2.3,2.3,1.6,1.6,1.3,1.8,13.8,-8.4
360,Brendan Rodgers,COL,2B,2B,-19.5,67,-8.8,-4.1,-8.7,-2.0,3.0,3.0,1.5,1.4,1.5,2.0,13.2,-8.6
361,Joe Panik,TOR,2B,2B,-19.6,88,-7.8,-4.6,-8.7,-1.5,1.9,2.0,1.8,1.7,0.5,0.3,14.8,-8.0
362,Jose Trevino,TEX,C,C,-19.6,20,-10.2,-3.7,-10.2,-0.5,4.0,3.7,3.5,3.1,2.6,3.8,18.9,-10.1
363,John Hicks,ARI,C/1B,C,-19.7,20,-10.1,-3.5,-10.0,-0.7,3.5,3.2,3.5,3.2,2.7,3.9,18.0,-10.0
364,Tres Barrera,WSH,C,C,-19.7,20,-10.1,-3.7,-10.1,-0.7,3.8,3.6,4.0,3.6,2.7,3.8,18.8,-10.0
365,Harold Ramirez,MIA,OF,OF,-19.8,90,-8.4,-4.2,-8.8,-1.7,2.3,2.3,0.3,0.1,0.0,0.4,11.9,-7.6
366,Steven Duggar,SF,OF,OF,-19.8,105,-7.4,-4.7,-9.0,0.6,-0.2,-0.2,-0.4,-0.6,-1.3,-1.1,7.8,-7.5
367,Aledmys Diaz,HOU,1B/2B,2B,-20.1,71,-8.4,-3.9,-8.6,-2.0,1.8,1.8,1.2,1.1,1.1,1.6,14.2,-8.5
368,Greg Allen,CLE,OF,OF,-20.2,72,-8.9,-5.1,-9.7,1.6,0.9,1.0,1.0,0.8,-0.2,-0.1,12.7,-9.3
369,Matt Joyce,MIA,OF,OF,-20.2,113,-7.0,-2.9,-7.4,-2.2,-1.7,-1.7,1.7,1.6,-0.1,-0.3,9.2,-6.9
370,Tyler Stephenson,CIN,C,C,-20.2,13,-10.4,-3.8,-10.4,-0.7,4.1,3.8,4.3,4.0,3.0,4.1,19.2,-10.4
371,Jo Adell,LAA,OF,OF,-20.2,86,-8.2,-3.6,-8.6,-1.0,0.2,0.2,-0.5,-0.6,-0.2,0.5,9.4,-8.0
372,Josh Rojas,ARI,OF,OF,-20.2,59,-9.4,-4.8,-9.8,0.8,2.1,2.0,2.0,1.9,1.3,1.5,14.0,-9.4
373,Chris Davis,BAL,1B,1B,-20.3,131,-6.0,-0.9,-5.9,-2.5,-6.1,-6.0,-2.6,-2.8,-1.9,-1.1,-0.1,-5.8
374,Luis Rengifo,LAA,2B,2B,-20.5,84,-8.3,-4.7,-9.1,0.3,0.4,0.5,0.7,0.6,-0.3,-0.1,12.2,-8.5
375,Josh Phegley,CHC,C,C,-20.5,9,-10.6,-3.8,-10.6,-0.7,4.2,4.0,4.2,4.0,3.2,4.3,19.5,-10.7
376,Bryan Holaday,BAL,C,C,-20.6,9,-10.7,-3.9,-10.7,-0.7,4.3,4.1,4.3,4.0,3.2,4.3,19.6,-10.7
377,Dawel Lugo,DET,3B,3B,-20.6,82,-8.8,-4.7,-8.9,-1.7,2.4,2.4,0.0,-0.1,-0.1,0.5,13.1,-8.0
378,Tim Locastro,ARI,OF,OF,-20.6,70,-9.0,-5.1,-10.0,1.4,1.1,1.2,1.2,1.1,0.1,0.2,13.4,-9.4
379,Yermin Mercedes,CHW,C,C,-20.7,6,-10.8,-3.9,-10.8,-0.8,4.5,4.3,4.4,4.1,3.4,4.4,19.7,-10.8
380,John Ryan Murphy,PIT,C,C,-20.8,14,-10.5,-3.7,-10.5,-0.7,3.5,3.4,3.7,3.4,2.8,3.9,18.8,-10.4
381,Chris Herrmann,TB,C,C,-20.8,9,-10.7,-3.8,-10.7,-0.7,4.0,3.7,4.3,4.0,3.1,4.2,19.3,-10.7
382,David Freitas,MIL,C,C,-20.9,6,-10.8,-4.0,-10.8,-0.8,4.5,4.3,4.5,4.2,3.3,4.4,19.7,-10.9
383,Myles Straw,HOU,SS,SS,-20.9,62,-9.4,-5.8,-10.4,1.9,1.8,1.8,2.2,2.0,0.1,-0.2,13.9,-10.2
384,Michael A. Taylor,WSH,OF,OF,-21.0,70,-9.3,-4.4,-9.4,1.2,-0.1,-0.1,0.0,-0.1,-0.1,0.4,10.5,-9.1
385,Jacob Nottingham,MIL,C,C,-21.0,6,-10.8,-3.9,-10.9,-0.7,4.2,4.0,4.2,4.0,3.2,4.3,19.5,-10.9
386,Eric Haase,DET,C,C,-21.0,6,-10.8,-3.8,-10.8,-0.8,4.2,4.0,4.2,4.0,3.3,4.4,19.5,-10.9
387,Jake Rogers,DET,C,C,-21.0,9,-10.7,-3.8,-10.7,-0.7,3.9,3.7,4.1,3.7,3.1,4.2,19.3,-10.7
388,Jonah Heim,OAK,C,C,-21.1,6,-10.9,-4.0,-10.9,-0.8,4.4,4.2,4.3,4.0,3.2,4.3,19.8,-10.9
389,Raudy Read,WSH,C,C,-21.1,6,-10.8,-3.9,-10.8,-0.8,4.2,4.1,4.3,4.0,3.2,4.3,19.7,-10.8
390,Luis Torrens,SD,C,C,-21.1,6,-10.8,-4.0,-10.9,-0.8,4.4,4.2,4.3,4.0,3.2,4.3,19.8,-10.9
391,Austin Wynns,BAL,C,C,-21.1,6,-10.9,-4.0,-10.9,-0.8,4.4,4.2,4.4,4.1,3.2,4.3,19.7,-10.9
392,Daulton Varsho,ARI,C,C,-21.1,4,-10.9,-4.0,-10.9,-0.7,4.4,4.2,4.5,4.2,3.4,4.4,19.9,-10.9
393,Seby Zavala,CHW,C,C,-21.1,6,-10.8,-3.9,-10.8,-0.8,4.3,4.1,4.3,4.0,3.2,4.3,19.5,-10.9
394,Blake Swihart,TEX,C,C,-21.2,5,-10.9,-4.0,-10.9,-0.7,4.3,4.1,4.3,4.0,3.2,4.3,19.6,-11.0
395,Joe Hudson,SEA,C,C,-21.2,14,-10.6,-3.8,-10.6,-0.7,3.4,3.2,3.8,3.5,2.6,3.7,18.6,-10.5
396,Beau Taylor,CLE,C,C,-21.2,5,-10.9,-4.0,-10.9,-0.8,4.4,4.2,4.5,4.2,3.3,4.3,19.6,-11.0
397,Keibert Ruiz,LAD,C,C,-21.2,6,-10.8,-4.0,-10.8,-0.8,4.2,4.1,4.4,4.2,3.2,4.3,20.0,-10.8
398,Brock Holt,MIL,2B,2B,-21.2,89,-7.9,-4.7,-9.0,-1.5,0.9,1.0,2.0,1.9,0.0,-0.3,11.6,-8.4
399,Erik Kratz,NYY,C,C,-21.3,5,-10.9,-3.9,-10.9,-0.8,4.2,4.0,4.4,4.1,3.3,4.4,19.8,-10.9
400,Robbie Grossman,OAK,OF,OF,-21.3,84,-8.0,-4.7,-9.1,-1.2,0.7,0.7,2.7,2.6,0.3,-0.1,12.5,-8.7
401,Miguel Amaya,CHC,C,C,-21.3,6,-10.8,-4.0,-10.9,-0.8,4.2,4.0,4.3,4.0,3.2,4.2,19.7,-10.9
402,Delino DeShields,CLE,OF,OF,-21.4,66,-9.2,-5.4,-10.3,2.4,0.2,0.2,1.1,1.1,-0.3,-0.3,12.6,-10.0
403,Brian O’Keefe,SEA,C,C,-21.4,5,-11.0,-4.0,-10.9,-0.8,4.3,4.1,4.3,4.0,3.2,4.3,19.7,-11.0
404,Ronaldo Hernandez,TB,C,C,-21.4,6,-10.9,-4.0,-10.9,-0.7,4.0,3.8,4.2,3.8,3.1,4.2,19.7,-10.9
405,William Contreras,ATL,C,C,-21.4,6,-10.8,-4.0,-10.9,-0.8,4.1,4.0,4.4,4.1,3.2,4.2,19.7,-10.8
406,Juan Centeno,BOS,C,C,-21.4,5,-10.9,-4.0,-10.9,-0.8,4.2,4.0,4.4,4.1,3.2,4.3,19.8,-10.9
407,Rocky Gale,LAD,C,C,-21.5,5,-10.9,-4.0,-10.9,-0.8,4.2,4.0,4.3,4.0,3.1,4.2,19.8,-10.9
408,Chad Wallach,MIA,C,C,-21.5,5,-11.0,-4.0,-11.0,-0.8,4.3,4.1,4.3,4.1,3.2,4.3,19.6,-11.0
409,Ali Sanchez,NYM,C,C,-21.5,6,-10.9,-4.0,-10.9,-0.8,4.1,4.0,4.3,4.0,3.1,4.2,19.8,-10.9
410,Billy Hamilton,SF,OF,OF,-21.6,72,-9.8,-5.8,-10.6,3.8,-0.3,-0.2,0.0,-0.1,-1.3,-1.2,12.0,-9.9
411,Caleb Joseph,TOR,C,C,-21.6,4,-11.0,-4.0,-11.0,-0.8,4.2,4.0,4.3,4.0,3.2,4.3,19.8,-11.0
412,Anthony Bemboom,LAA,C,C,-21.7,5,-10.9,-4.0,-10.9,-0.8,4.0,3.8,4.3,4.0,3.2,4.2,19.7,-10.9
413,Kevan Smith,TB,C,C,-21.8,0,-11.2,-4.1,-11.2,-0.8,4.5,4.2,4.5,4.2,,,20.2,
414,Aramis Garcia,SF,C,C,-21.8,1,-11.1,-4.1,-11.1,-0.8,4.4,4.2,4.5,4.2,3.4,4.5,20.1,-11.1
415,Donovan Solano,SF,2B,2B,-21.9,84,-8.8,-5.2,-9.6,-2.2,2.8,2.9,0.6,0.5,-0.4,-0.2,12.7,-8.3
416,Austin Nola,SEA,1B,1B,-22.0,111,-7.9,-4.1,-8.4,-1.8,-0.8,-0.7,-0.5,-0.7,-1.6,-1.5,9.3,-7.3
417,Pablo Sandoval,SF,1B/3B,3B,-22.0,74,-8.9,-3.6,-8.8,-2.3,0.7,0.7,0.1,0.0,0.4,1.1,12.3,-8.4
418,Monte Harrison,MIA,OF,OF,-22.0,81,-9.3,-4.1,-9.6,1.4,-1.4,-1.3,-1.3,-1.4,-1.1,-0.5,8.9,-8.9
419,Brad Miller,STL,3B,3B,-22.1,70,-8.8,-3.6,-9.0,-1.8,0.2,0.2,1.2,1.1,0.9,1.4,11.5,-8.9
420,Andrew Velazquez,BAL,SS,SS,-22.9,66,-9.7,-4.8,-10.0,0.3,0.5,0.5,-0.2,-0.2,-0.3,0.2,11.8,-9.5
421,Rangel Ravelo,STL,1B,1B,-23.0,67,-9.3,-4.6,-9.5,-2.5,1.9,1.9,1.5,1.3,0.8,1.0,13.5,-9.1
422,Willi Castro,DET,SS,SS,-23.3,65,-9.6,-5.0,-10.2,-0.9,1.4,1.4,0.3,0.2,0.1,0.5,13.1,-9.5
423,Jordy Mercer,DET,SS,SS,-23.3,74,-9.0,-4.6,-9.4,-2.5,1.2,1.2,1.0,0.8,0.2,0.5,13.2,-8.8
424,Josh Harrison,PHI,2B,2B,-23.5,65,-9.5,-4.7,-9.8,-1.3,0.9,0.8,0.5,0.4,0.0,0.5,13.5,-9.4
425,Tyler Wade,NYY,SS,SS,-23.6,58,-9.8,-5.4,-10.4,0.3,0.7,0.7,0.7,0.6,-0.1,0.2,13.2,-10.2
426,Chad Pinder,OAK,2B/OF,2B,-23.7,65,-9.3,-4.1,-9.5,-2.5,0.7,0.7,0.4,0.2,0.6,1.2,12.2,-9.1
427,Adeiny Hechavarria,ATL,2B/SS,SS,-23.8,64,-9.5,-4.9,-9.9,-1.8,1.3,1.1,0.2,0.1,-0.1,0.3,13.6,-9.6
428,Erik Gonzalez,PIT,SS,SS,-23.8,85,-9.3,-4.9,-9.6,-0.7,-0.3,-0.2,-1.4,-1.6,-1.5,-0.9,10.0,-8.6
429,Scott Heineman,TEX,OF,OF,-23.8,61,-9.7,-4.9,-10.3,-1.0,1.2,1.2,1.1,1.0,0.3,0.6,12.5,-9.8
430,Brett Phillips,KC,OF,OF,-23.9,74,-9.0,-4.4,-9.7,0.0,-1.7,-1.7,0.1,0.0,-0.4,0.0,9.2,-9.3
431,Josh Fuentes,COL,3b,3B,-24.0,57,-9.8,-4.7,-9.8,-2.3,1.7,1.7,0.2,0.1,0.6,1.3,12.9,-9.6
432,Travis Demeritte,DET,OF,OF,-24.1,60,-9.7,-4.1,-9.8,-2.0,0.5,0.6,1.0,1.0,0.9,1.5,12.1,-9.5
433,Neil Walker,PHI,1B/3B,3B,-24.1,58,-9.5,-4.5,-9.7,-2.5,1.1,1.1,1.8,1.7,0.9,1.1,13.5,-9.8
434,JT Riddle,PIT,OF,OF,-24.3,70,-9.5,-4.6,-9.7,-2.0,0.5,0.5,-0.4,-0.5,-0.3,0.3,12.8,-9.1
435,Ke’Bryan Hayes,PIT,3b,3B,-24.3,61,-10.0,-5.1,-10.3,-1.2,1.3,1.3,1.1,1.1,0.3,0.6,13.9,-9.8
436,Greg Bird,TEX,1B,1B,-24.5,61,-9.5,-3.7,-9.5,-2.5,-0.2,-0.2,1.3,1.2,1.0,1.5,12.3,-9.4
437,Seth Brown,OAK,OF,OF,-24.6,68,-9.5,-4.3,-9.3,-2.0,-0.5,-0.5,-0.7,-0.7,-0.2,0.6,11.2,-9.2
438,Magneuris Sierra,MIA,OF,OF,-24.7,55,-10.8,-5.7,-11.1,0.6,1.3,1.3,0.0,0.0,-0.3,0.0,14.4,-10.4
439,Lewis Brinson,MIA,OF,OF,-24.8,86,-9.2,-4.2,-9.3,-0.7,-2.3,-2.3,-2.0,-2.2,-1.6,-0.9,8.9,-8.7
440,Adam Engel,CHW,OF,OF,-24.9,56,-9.8,-5.0,-10.4,-0.7,0.1,0.1,0.2,0.1,-0.1,0.4,12.4,-10.2
441,Billy McKinney,TOR,OF,OF,-24.9,52,-9.9,-4.5,-10.1,-2.3,0.9,1.0,1.3,1.2,1.2,1.6,13.6,-9.9
442,Tim Lopes,SEA,OF,OF,-24.9,52,-10.8,-5.6,-11.3,0.4,1.3,1.3,0.8,0.7,0.1,0.3,14.2,-10.5
443,Matt Duffy,NYY,3B,3B,-25.0,47,-10.2,-5.4,-10.7,-2.2,2.5,2.4,2.0,1.9,1.1,1.1,15.2,-10.7
444,Jarred Kelenic,SEA,OF,OF,-25.1,48,-10.7,-4.7,-10.7,-1.2,1.1,1.1,0.8,0.7,0.8,1.4,13.8,-10.2
445,Anthony Alford,TOR,OF,OF,-25.2,50,-10.6,-5.3,-11.0,0.3,0.4,0.4,0.4,0.2,0.0,0.4,12.7,-10.7
446,Yolmer Sanchez,SF,2B,2B,-25.4,66,-9.9,-5.5,-10.5,-1.7,1.1,1.2,0.7,0.6,0.0,0.2,13.3,-9.6
447,Ildemaro Vargas,ARI,2B,2B,-25.4,44,-10.6,-5.5,-10.9,-2.2,2.7,2.8,1.6,1.6,1.0,1.4,16.4,-10.5
448,Mark Payton,CIN,OF,OF,-25.5,45,-10.5,-4.8,-10.6,-2.0,1.4,1.4,1.3,1.2,1.0,1.5,14.6,-10.5
449,Thairo Estrada,NYY,SS,SS,-25.5,44,-10.6,-5.1,-10.7,-1.8,1.8,1.7,0.8,0.8,0.7,1.2,15.1,-10.7
450,Kyle Farmer,CIN,2B,2B,-25.7,52,-10.3,-5.1,-10.4,-2.0,1.1,1.1,0.6,0.6,0.4,0.8,13.9,-10.3
451,Clint Frazier,NYY,OF,OF,-25.7,39,-10.7,-4.7,-10.6,-2.2,1.5,1.6,1.4,1.3,1.4,2.0,14.6,-10.7
452,Jake Cave,MIN,OF,OF,-25.8,44,-10.4,-4.9,-10.6,-2.5,1.6,1.6,1.4,1.3,1.1,1.6,13.7,-10.5
453,Greg Garcia,SD,2B,2B,-26.0,62,-9.6,-5.5,-10.6,-2.2,0.8,0.8,2.4,2.4,0.4,0.1,13.4,-10.2
454,Bubba Starling,KC,OF,OF,-26.1,60,-10.3,-5.1,-10.4,-1.7,0.4,0.5,-0.2,-0.4,-0.3,0.2,12.7,-10.0
455,Jon Jay,ARI,OF,OF,-26.1,56,-10.2,-5.8,-10.8,-2.3,2.0,2.0,1.4,1.3,0.2,0.3,14.4,-10.2
456,Pat Valaika,BAL,SS,SS,-26.2,54,-10.3,-4.5,-10.3,-2.3,0.1,0.2,-0.3,-0.5,0.1,0.9,12.6,-10.0
457,Christian Arroyo,CLE,SS,SS,-26.2,46,-10.5,-5.1,-10.7,-2.3,1.4,1.4,1.1,1.0,0.8,1.2,14.6,-10.5
458,Eduardo Nunez,NYM,2B,2B,-26.2,39,-11.0,-5.3,-11.1,-1.7,1.9,1.9,1.0,1.0,0.8,1.4,16.0,-10.8
459,Jonathan Davis,TOR,OF,OF,-26.3,49,-10.5,-5.3,-10.9,-1.0,0.4,0.4,0.8,0.7,0.3,0.6,13.7,-10.7
460,Matt Thaiss,LAA,3B,3B,-26.3,49,-10.4,-4.8,-10.5,-2.5,1.0,1.0,1.1,1.0,0.8,1.1,14.1,-10.5
461,Marco Hernandez,BOS,2B,2B,-26.4,40,-10.8,-5.7,-11.3,-2.0,2.3,2.3,1.3,1.3,0.9,1.3,14.8,-10.9
462,Ehire Adrianza,MIN,1B/SS/ 3B,SS,-26.7,43,-10.6,-5.5,-10.9,-2.3,1.7,1.7,1.6,1.6,0.9,1.2,15.1,-10.8
463,Ryan McBroom,KC,1B,1B,-26.9,43,-10.8,-5.0,-11.0,-2.6,1.5,1.6,1.4,1.4,1.0,1.4,14.1,-10.7
464,Yasiel Puig,ATL,OF,OF,-27.0,25,-11.6,-5.2,-11.4,-2.0,2.2,2.2,2.3,2.3,1.9,2.3,16.2,-11.5
465,Wilmer Difo,WSH,SS,SS,-27.0,44,-10.8,-5.7,-11.3,-1.5,1.3,1.3,1.3,1.2,0.4,0.6,14.9,-11.0
466,Edmundo Sosa,STL,SS,SS,-27.0,44,-10.8,-5.3,-11.1,-2.3,1.5,1.6,0.7,0.6,0.5,1.0,14.8,-10.7
467,Jed Lowrie,NYM,2B,2B,-27.2,47,-10.5,-5.0,-10.7,-2.8,0.8,0.8,1.5,1.4,0.8,1.1,14.6,-10.6
468,Harold Castro,DET,2B/OF,2B,-27.2,44,-11.0,-5.7,-11.3,-2.0,1.8,1.9,0.6,0.6,0.2,0.7,14.8,-10.8
469,Dylan Moore,SEA,SS/OF,SS,-27.2,40,-11.3,-5.3,-11.5,-0.5,0.4,0.5,0.8,0.7,0.5,0.9,14.4,-11.2
470,Luis Guillorme,NYM,SS,SS,-27.4,43,-10.8,-5.7,-11.3,-2.2,1.5,1.6,1.7,1.7,0.6,0.7,15.5,-11.1
471,Adolis Garcia,TEX,OF,OF,-27.4,37,-11.3,-4.9,-11.2,-1.7,0.6,0.6,0.2,0.1,0.7,1.5,13.9,-10.9
472,Daniel Descalso,CHC,2B,2B,-27.6,45,-10.5,-5.2,-10.9,-2.3,0.4,0.5,1.7,1.6,0.7,0.8,13.9,-11.0
473,Mitch Haniger,SEA,OF,OF,-27.8,33,-11.4,-5.0,-11.4,-2.5,1.5,1.4,1.9,1.9,1.6,2.0,15.1,-11.2
474,Ramon Urias,BAL,2b,2B,-28.0,37,-11.3,-5.4,-11.5,-2.5,1.6,1.6,1.5,1.4,1.0,1.3,15.0,-11.2
475,Edwin Rios,LAD,3b,3B,-28.1,29,-11.5,-4.9,-11.4,-2.6,1.3,1.3,1.1,1.1,1.3,2.0,14.4,-11.4
476,Jorge Bonifacio,DET,OF,OF,-28.2,35,-11.3,-5.1,-11.4,-2.5,1.0,1.1,1.2,1.2,1.0,1.5,14.7,-11.2
477,Alex Blandino,CIN,SS,SS,-28.2,40,-10.8,-5.5,-11.4,-2.5,1.0,1.0,2.0,1.9,0.9,1.0,14.4,-11.2
478,Austin Slater,SF,OF,OF,-28.3,33,-11.5,-5.6,-11.7,-2.3,1.8,1.8,2.2,2.2,1.2,1.5,14.9,-11.4
479,Kyle Garlick,PHI,OF,OF,-28.3,29,-11.5,-5.0,-11.4,-2.6,1.2,1.2,1.2,1.2,1.3,1.9,14.5,-11.4
480,Yonathan Daza,COL,OF,OF,-28.4,20,-12.0,-5.9,-12.1,-2.3,2.9,2.9,2.2,2.3,1.7,2.0,16.9,-12.0
481,Jaylin Davis,SF,OF,OF,-28.4,29,-11.7,-5.2,-11.6,-2.3,1.4,1.4,1.6,1.6,1.3,1.7,15.1,-11.5
482,Yonder Alonso,ATL,1B,1B,-28.5,26,-11.6,-5.3,-11.6,-2.8,1.7,1.7,2.0,1.9,1.5,1.9,16.0,-11.7
483,Jose Marmolejos,SEA,1B,1B,-28.5,38,-11.4,-5.3,-11.5,-2.8,1.5,1.6,1.1,1.1,0.8,1.3,14.9,-11.1
484,Matt Reynolds,KC,SS,SS,-28.6,34,-11.4,-5.7,-11.8,-2.3,1.5,1.6,1.7,1.7,1.0,1.2,15.0,-11.5
485,Jorge Mateo,SD,SS,SS,-28.7,29,-11.7,-5.8,-12.0,-1.3,1.1,1.1,0.8,0.7,0.7,1.3,15.2,-11.7
486,Daniel Johnson,CLE,OF,OF,-28.7,20,-11.9,-5.7,-12.1,-2.2,2.1,2.2,2.0,2.0,1.7,2.1,16.4,-11.9
487,Daniel Robertson,TB,2B/3B,2B,-28.8,34,-11.4,-5.6,-11.7,-2.5,1.4,1.3,2.0,1.9,1.0,1.2,15.3,-11.6
488,Max Schrock,STL,2b,2B,-28.8,30,-11.7,-5.9,-12.0,-2.0,1.8,1.8,1.5,1.4,0.9,1.1,16.5,-11.8
489,Stevie Wilkerson,BAL,OF,OF,-28.8,33,-11.6,-5.6,-11.7,-2.3,1.4,1.4,1.2,1.1,0.8,1.2,14.8,-11.5
490,Ronny Rodriguez,MIL,2B/SS,SS,-28.9,22,-12.0,-5.5,-11.8,-2.5,1.9,1.9,1.3,1.3,1.5,2.0,16.2,-11.9
491,Randy Arozarena,TB,OF,OF,-28.9,20,-12.1,-5.8,-12.3,-1.8,2.1,2.0,2.0,2.0,1.6,1.9,16.5,-12.1
492,Ryon Healy,MIL,3B,3B,-29.0,20,-12.0,-5.4,-11.9,-2.8,2.2,2.2,2.0,1.9,1.8,2.3,16.5,-11.9
493,Charlie Culberson,ATL,OF,OF,-29.0,29,-11.7,-5.6,-11.7,-2.5,1.4,1.4,1.2,1.2,0.9,1.4,15.3,-11.6
494,Austin Dean,STL,OF,OF,-29.0,20,-12.0,-5.6,-12.1,-2.6,2.4,2.4,2.0,2.0,1.7,2.1,16.6,-12.0
495,Bobby Bradley,CLE,DH,DH,-29.0,20,-11.9,-5.2,-11.8,-2.8,1.7,1.8,1.9,1.9,1.8,2.3,15.8,-11.9
496,Socrates Brito,PIT,OF,OF,-29.1,26,-11.9,-5.6,-12.0,-2.2,1.5,1.6,1.3,1.3,1.1,1.6,15.7,-11.8
497,Nick Heath,KC,OF,OF,-29.1,20,-12.4,-5.9,-12.5,-0.7,1.4,1.4,1.5,1.6,1.1,1.5,15.9,-12.3
498,Bobby Dalbec,BOS,3b,3B,-29.2,20,-11.9,-5.4,-12.0,-2.6,1.6,1.7,2.0,1.9,1.7,2.1,15.9,-12.0
499,Nick Williams,PHI,OF,OF,-29.3,20,-12.0,-5.5,-12.0,-2.8,1.9,1.9,1.7,1.7,1.6,2.1,16.0,-12.0
500,Jason Martin,PIT,OF,OF,-29.3,20,-12.1,-5.7,-12.2,-2.3,2.1,2.0,1.8,1.8,1.5,2.0,16.5,-12.1
501,Sean Rodriguez,MIA,3B,3B,-29.3,38,-11.4,-5.1,-11.6,-2.3,0.0,0.1,0.9,0.8,0.6,1.0,13.6,-11.4
502,Justin Williams,STL,OF,OF,-29.4,21,-12.1,-5.6,-12.1,-2.6,2.0,2.0,1.8,1.8,1.5,1.9,16.3,-12.0
503,Domingo Leyba,ARI,2B,2B,-29.5,20,-12.1,-5.8,-12.2,-2.8,2.3,2.3,1.9,1.9,1.5,1.9,16.8,-12.1
504,Travis Jankowski,CIN,OF,OF,-29.6,20,-12.1,-6.0,-12.5,-1.8,1.8,1.9,2.1,2.0,1.2,1.5,16.5,-12.3
505,Troy Stokes Jr.,DET,OF,OF,-29.6,21,-12.1,-5.7,-12.2,-2.2,1.5,1.6,1.6,1.7,1.4,1.8,16.3,-12.2
506,Jonathan Arauz,BOS,SS,SS,-29.6,24,-11.9,-5.8,-12.1,-2.5,1.7,1.7,1.5,1.4,1.1,1.5,16.3,-12.0
507,LaMonte Wade Jr.,MIN,OF,OF,-29.6,19,-12.0,-5.8,-12.3,-2.5,2.0,2.0,2.4,2.4,1.6,1.8,16.9,-12.2
508,Corey Ray,MIL,OF,OF,-29.7,22,-12.1,-5.6,-12.1,-2.2,1.3,1.3,1.2,1.2,1.2,1.7,15.5,-12.1
509,Santiago Espinal,TOR,2B,2B,-29.7,20,-12.2,-5.9,-12.4,-2.3,2.2,2.0,1.7,1.7,1.3,1.6,16.9,-12.2
510,Luke Raley,LAD,OF,OF,-29.7,20,-12.0,-5.6,-12.1,-2.6,1.6,1.6,1.7,1.7,1.4,1.9,16.1,-12.0
511,Michael Brosseau,TB,2B,2B,-29.7,20,-12.1,-5.7,-12.2,-2.6,1.9,1.9,1.7,1.7,1.5,1.9,16.5,-12.1
512,C.J. Chatham,BOS,SS,SS,-29.8,20,-12.1,-6.0,-12.3,-2.6,2.3,2.3,1.8,1.8,1.2,1.6,16.6,-12.2
513,Cole Tucker,PIT,SS,SS,-29.8,20,-12.2,-5.8,-12.4,-2.2,1.8,1.9,1.8,1.8,1.3,1.7,16.6,-12.2
514,Daniel Palka,CHW,OF,OF,-29.9,15,-12.3,-5.5,-12.2,-2.8,1.9,1.9,2.0,1.9,1.8,2.2,16.5,-12.3
515,Jack Mayfield,HOU,SS,SS,-29.9,21,-12.0,-5.6,-12.1,-2.6,1.5,1.4,1.2,1.2,1.3,1.8,16.3,-12.1
516,Alex Jackson,ATL,OF,OF,-30.0,20,-12.1,-5.4,-12.0,-2.8,1.2,1.2,1.3,1.3,1.3,1.9,15.6,-12.1
517,Daz Cameron,DET,OF,OF,-30.0,20,-12.2,-5.8,-12.4,-2.2,1.6,1.7,1.6,1.6,1.3,1.7,16.2,-12.3
518,Mark Mathias,MIL,2b,2B,-30.0,21,-12.1,-5.8,-12.3,-2.5,1.6,1.7,1.6,1.7,1.3,1.7,16.5,-12.2
519,Braden Bishop,SEA,OF,OF,-30.1,27,-12.0,-5.8,-12.3,-2.5,1.4,1.4,1.3,1.3,0.8,1.2,15.7,-12.0
520,Jose Siri,SF,OF,OF,-30.2,21,-12.4,-5.8,-12.4,-2.0,1.3,1.3,1.1,1.1,1.0,1.5,15.8,-12.2
521,Luis Alexander Basabe,CHW,OF,OF,-30.2,20,-12.1,-5.8,-12.3,-2.3,1.4,1.4,1.6,1.6,1.2,1.6,16.0,-12.3
522,Rafael Ortega,ATL,OF,OF,-30.3,15,-12.4,-5.9,-12.5,-2.3,1.9,1.9,2.1,2.2,1.5,1.9,17.0,-12.4
523,Abraham Almonte,SD,OF,OF,-30.3,16,-12.3,-5.8,-12.5,-2.5,1.8,1.8,2.0,2.0,1.6,2.0,16.7,-12.4
524,Erick Mejia,KC,SS,SS,-30.3,20,-12.4,-6.0,-12.5,-2.2,1.7,1.8,1.5,1.6,1.1,1.5,16.6,-12.3
525,Vimael Machin,OAK,SS,SS,-30.4,21,-12.1,-5.9,-12.4,-2.6,1.7,1.7,1.9,1.9,1.2,1.5,16.9,-12.2
526,Josh Ockimey,BOS,1B,1B,-30.5,14,-12.4,-5.7,-12.4,-2.8,1.8,1.8,2.1,2.2,1.7,2.1,16.5,-12.5
527,Rylan Bannon,BAL,3B,3B,-30.5,15,-12.5,-5.8,-12.6,-2.6,2.0,2.0,1.9,1.9,1.6,2.0,17.0,-12.5
528,Chris Owings,COL,2B,2B,-30.6,11,-12.7,-5.9,-12.7,-2.5,2.1,2.2,2.0,2.0,1.6,2.0,16.9,-12.7
529,Joe McCarthy,SF,OF,OF,-30.8,21,-12.2,-5.8,-12.4,-2.6,1.3,1.3,1.6,1.7,1.2,1.6,16.0,-12.3
530,Brendan McKay,TB,1B,1B,-30.8,15,-12.5,-5.8,-12.5,-2.8,1.7,1.7,1.8,1.8,1.5,2.0,16.5,-12.5
531,Sergio Alcantara,DET,SS,SS,-30.9,20,-12.4,-6.1,-12.6,-2.5,1.6,1.7,1.7,1.7,1.0,1.3,16.8,-12.4
532,Kevin Kramer,PIT,2b,2B,-31.0,15,-12.6,-5.9,-12.6,-2.6,1.7,1.8,1.9,1.9,1.4,1.8,16.6,-12.5
533,Cheslor Cuthbert,CHW,1B/3B,3B,-31.1,9,-12.8,-5.9,-12.7,-3.0,2.3,2.3,2.1,2.2,1.8,2.2,17.3,-12.8
534,Mike Freeman,CLE,2B,2B,-31.1,11,-12.7,-6.0,-12.8,-2.8,2.1,2.2,2.2,2.2,1.6,1.9,17.0,-12.7
535,Danny Mendick,CHW,SS,SS,-31.1,9,-12.8,-6.0,-12.8,-2.6,2.2,2.2,2.1,2.2,1.7,2.1,17.4,-12.8
536,Rob Refsnyder,TEX,2B,2B,-31.2,15,-12.6,-6.0,-12.7,-2.8,1.9,1.9,1.8,1.8,1.4,1.8,16.7,-12.6
537,Sheldon Neuse,OAK,2B,2B,-31.2,9,-12.8,-6.0,-12.8,-2.8,2.3,2.3,2.1,2.2,1.7,2.1,17.1,-12.8
538,Buddy Reed,OAK,OF,OF,-31.2,11,-12.8,-6.0,-12.8,-2.3,1.7,1.7,1.7,1.7,1.4,1.8,16.9,-12.8
539,Arquimedes Gamboa,PHI,SS,SS,-31.2,21,-12.3,-6.0,-12.5,-2.2,0.7,0.7,1.3,1.3,0.8,1.1,16.0,-12.4
540,Vidal Brujan,TB,2b,2B,-31.2,6,-13.0,-6.1,-13.0,-2.5,2.4,2.4,2.2,2.3,1.8,2.1,17.7,-13.0
541,Tyler Nevin,COL,3B,3B,-31.2,6,-12.9,-6.0,-12.9,-2.8,2.5,2.5,2.3,2.3,1.9,2.3,17.6,-13.0
542,Abraham Toro,HOU,3B,3B,-31.3,6,-12.9,-6.0,-12.9,-2.8,2.4,2.4,2.3,2.3,1.9,2.2,17.6,-13.0
543,Trayce Thompson,ARI,OF,OF,-31.3,15,-12.5,-5.8,-12.5,-2.6,1.1,1.1,1.4,1.4,1.3,1.8,16.1,-12.5
544,Robel Garcia,CHC,2B,2B,-31.4,6,-12.9,-5.9,-12.9,-2.8,2.2,2.2,2.2,2.2,1.9,2.3,17.3,-13.0
545,Yusniel Diaz,BAL,OF,OF,-31.4,9,-12.8,-5.9,-12.9,-2.8,2.1,2.0,2.1,2.0,1.8,2.1,17.4,-12.8
546,Jared Oliva,PIT,OF,OF,-31.4,6,-13.0,-6.1,-13.1,-2.6,2.4,2.4,2.2,2.3,1.8,2.2,17.6,-13.0
547,Yu Chang,CLE,3B,3B,-31.5,6,-12.9,-6.0,-13.0,-2.8,2.3,2.3,2.2,2.3,1.8,2.2,17.5,-13.0
548,Lucius Fox,TB,SS,SS,-31.5,6,-13.0,-6.1,-13.1,-2.5,2.2,2.2,2.2,2.2,1.7,2.0,17.5,-13.1
549,Breyvic Valera,TOR,2B,2B,-31.5,6,-13.0,-6.1,-13.0,-2.8,2.4,2.4,2.2,2.3,1.8,2.2,17.7,-13.0
550,Jake Cronenworth,SD,SS,SS,-31.5,6,-13.0,-6.1,-13.0,-2.8,2.4,2.4,2.3,2.3,1.8,2.1,17.7,-13.0
551,Cedric Mullins,BAL,OF,OF,-31.5,6,-13.0,-6.1,-13.1,-2.6,2.3,2.3,2.1,2.0,1.8,2.2,17.6,-13.0
552,Wander Franco,TB,SS,SS,-31.5,6,-13.0,-6.1,-13.0,-2.8,2.4,2.4,2.2,2.2,1.8,2.1,17.8,-13.0
553,Derek Dietrich,CIN,1B/2B,2B,-31.6,6,-12.9,-6.0,-12.9,-3.0,2.3,2.3,2.3,2.3,1.9,2.3,17.5,-13.0
554,Richard Urena,BAL,SS,SS,-31.6,9,-12.9,-6.1,-12.9,-2.8,2.2,2.2,1.9,1.8,1.6,2.0,17.3,-12.8
555,Nicky Delmonico,CHW,OF,OF,-31.6,5,-13.0,-6.0,-13.0,-3.0,2.4,2.4,2.3,2.4,1.9,2.3,17.6,-13.1
556,Matt Kemp,COL,OF,OF,-31.6,5,-13.0,-6.0,-12.9,-3.0,2.3,2.3,2.3,2.3,2.0,2.4,17.6,-12.9
557,Kean Wong,SF,2b,2B,-31.6,6,-13.0,-6.1,-13.1,-2.8,2.4,2.4,2.2,2.3,1.8,2.1,17.5,-13.0
558,Kelvin Gutierrez,KC,3b,3B,-31.6,6,-13.0,-6.1,-13.0,-2.8,2.4,2.4,2.2,2.2,1.8,2.2,17.5,-13.0
559,Micker Adolfo,CHW,OF,OF,-31.6,6,-13.0,-6.0,-13.0,-2.8,2.2,2.2,2.1,2.0,1.8,2.1,17.3,-13.0
560,Derek Hill,DET,OF,OF,-31.6,6,-13.0,-6.1,-13.0,-2.6,2.2,2.2,2.1,2.0,1.8,2.1,17.5,-13.0
561,Marcus Wilson,BOS,OF,OF,-31.6,6,-13.0,-6.0,-13.0,-2.8,2.2,2.2,2.1,2.0,1.8,2.2,17.4,-13.0
562,Brian O’Grady,TB,OF,OF,-31.6,6,-13.0,-6.0,-13.0,-2.8,2.2,2.2,2.2,2.2,1.8,2.2,17.4,-13.0
563,Travis Blankenhorn,MIN,2b,2B,-31.6,6,-12.9,-6.0,-13.0,-2.8,2.1,2.2,2.2,2.2,1.8,2.2,17.5,-12.9
564,Leody Taveras,TEX,OF,OF,-31.6,6,-13.0,-6.1,-13.1,-2.6,2.3,2.3,2.1,2.0,1.8,2.1,17.6,-13.1
565,Jazz Chisholm,MIA,SS,SS,-31.6,10,-12.9,-5.9,-12.8,-2.6,1.7,1.7,1.8,1.8,1.6,2.0,16.9,-12.8
566,Alex Kirilloff,MIN,OF,OF,-31.6,5,-13.0,-6.1,-13.0,-2.8,2.3,2.3,2.3,2.3,1.9,2.3,17.7,-13.0
567,Andy Young,ARI,2b,2B,-31.6,6,-12.9,-6.0,-12.9,-3.0,2.3,2.3,2.2,2.2,1.9,2.2,17.5,-13.0
568,Chris Shaw,SF,1B,1B,-31.7,6,-13.0,-6.0,-13.0,-3.0,2.3,2.3,2.2,2.2,1.8,2.2,17.4,-13.0
569,Hernan Perez,CHC,2B/SS,SS,-31.7,5,-13.0,-6.0,-13.0,-2.8,2.2,2.2,2.2,2.2,1.8,2.2,17.6,-13.0
570,Bradley Zimmer,CLE,OF,OF,-31.7,5,-13.0,-6.1,-13.0,-2.6,2.1,2.0,2.3,2.3,1.8,2.2,17.5,-13.0
571,Donovan Walton,SEA,SS,SS,-31.7,6,-13.0,-6.1,-13.1,-2.8,2.3,2.3,2.2,2.2,1.8,2.1,17.7,-13.0
572,Abiatal Avelino,SF,SS,SS,-31.7,6,-13.0,-6.1,-13.0,-2.6,2.1,2.2,2.1,2.0,1.7,2.1,17.6,-13.0
573,Nick Gordon,MIN,SS,SS,-31.7,6,-13.0,-6.1,-13.0,-2.6,2.1,2.2,2.2,2.2,1.7,2.1,17.6,-13.0
574,Michael Hermosillo,LAA,OF,OF,-31.7,6,-13.0,-6.0,-13.0,-2.8,2.2,2.2,2.1,2.0,1.8,2.1,17.4,-13.0
575,Luis Barrera,OAK,OF,OF,-31.7,6,-13.0,-6.1,-13.0,-2.6,2.1,2.2,2.1,2.0,1.8,2.1,17.6,-13.0
576,Kevin Padlo,TB,3b,3B,-31.7,6,-13.0,-6.0,-13.0,-2.8,2.1,2.0,2.2,2.2,1.8,2.2,17.4,-13.0
577,Jesus Sanchez,MIA,OF,OF,-31.7,6,-13.0,-6.1,-13.0,-2.8,2.3,2.3,2.0,2.0,1.8,2.2,17.6,-13.0
578,Jared Walsh,LAA,1B,1B,-31.7,6,-13.0,-6.0,-13.0,-3.0,2.3,2.3,2.2,2.3,1.9,2.2,17.4,-13.0
579,Andres Gimenez,NYM,SS,SS,-31.7,6,-13.0,-6.1,-13.0,-2.5,2.0,2.0,2.1,2.0,1.7,2.1,17.6,-13.0
580,Isaac Paredes,DET,SS,SS,-31.7,6,-13.0,-6.1,-13.0,-3.0,2.4,2.4,2.3,2.3,1.9,2.2,17.7,-13.0
581,Patrick Wisdom,SEA,3b,3B,-31.8,6,-13.0,-6.0,-13.0,-2.8,2.1,2.0,2.1,2.0,1.8,2.1,17.3,-13.0
582,Dustin Fowler,OAK,OF,OF,-31.8,6,-13.0,-6.0,-13.0,-2.8,2.0,2.0,2.0,2.0,1.8,2.2,17.5,-12.9
583,Yangervis Solarte,ATL,3B,3B,-31.8,5,-13.0,-6.0,-13.0,-3.0,2.2,2.2,2.2,2.2,1.9,2.2,17.7,-13.0
584,Esteban Quiroz,TB,SS,SS,-31.8,5,-13.0,-6.0,-13.0,-3.0,2.3,2.3,2.3,2.3,1.9,2.2,17.6,-13.1
585,Tyrone Taylor,MIL,OF,OF,-31.8,6,-13.0,-6.0,-13.0,-2.8,2.0,2.0,2.2,2.2,1.7,2.1,17.5,-13.0
586,Wyatt Mathisen,ARI,3b,3B,-31.8,6,-13.0,-6.0,-13.0,-3.0,2.2,2.2,2.2,2.2,1.8,2.2,17.5,-13.0
587,Zack Collins,CHW,DH,DH,-31.8,6,-12.9,-6.0,-13.0,-3.0,2.1,2.0,2.2,2.3,1.9,2.2,17.4,-13.0
588,Ian Miller,CHC,OF,OF,-31.8,5,-13.0,-6.1,-13.1,-2.6,2.1,2.0,2.3,2.3,1.7,2.1,17.6,-13.1
589,Will Craig,PIT,3b,3B,-31.8,6,-13.0,-6.0,-13.0,-3.0,2.2,2.2,2.1,2.0,1.8,2.2,17.5,-13.0
590,DJ Peters,LAD,OF,OF,-31.8,6,-13.0,-6.0,-13.0,-3.0,2.2,2.2,2.2,2.2,1.8,2.2,17.3,-13.0
591,Andrew Stevenson,WSH,OF,OF,-31.8,6,-13.0,-6.1,-13.0,-2.8,2.1,2.2,2.2,2.2,1.7,2.1,17.5,-13.0
592,Cristian Pache,ATL,OF,OF,-31.8,6,-13.0,-6.1,-13.0,-2.8,2.1,2.2,2.1,2.0,1.8,2.1,17.5,-13.0
593,Jake Noll,WSH,2b,2B,-31.8,6,-13.0,-6.1,-13.0,-2.8,2.1,2.2,2.2,2.2,1.7,2.1,17.6,-13.0
594,Andrew Vaughn,CHW,1B,1B,-31.8,6,-13.0,-6.0,-13.0,-3.0,2.2,2.2,2.1,2.0,1.7,2.1,17.6,-13.1
595,Drew Robinson,SF,OF,OF,-31.9,5,-13.1,-6.1,-13.1,-2.8,2.1,2.2,2.1,2.2,1.8,2.2,17.4,-13.1
596,Christian Lopes,MIA,2b,2B,-31.9,4,-13.1,-6.1,-13.2,-2.8,2.3,2.4,2.2,2.3,1.8,2.2,17.7,-13.2
597,Eric Filia,SEA,OF,OF,-31.9,5,-13.1,-6.1,-13.1,-3.0,2.4,2.4,2.3,2.3,1.9,2.2,17.8,-13.1
598,Skye Bolt,OAK,OF,OF,-31.9,6,-13.0,-6.1,-13.0,-2.8,2.1,2.0,1.9,1.9,1.7,2.1,17.4,-13.1
599,Taylor Jones,HOU,1B,1B,-31.9,6,-12.9,-6.0,-13.0,-3.0,2.0,2.0,2.3,2.3,1.8,2.1,17.4,-13.0
600,Brandon Dixon,DET,1B/OF,OF,-31.9,5,-13.1,-6.0,-13.0,-2.8,2.1,2.0,2.1,2.2,1.8,2.2,17.5,-13.0
601,Eli White,TEX,SS,SS,-31.9,5,-13.1,-6.1,-13.1,-2.8,2.3,2.3,2.1,2.2,1.8,2.2,17.5,-13.1
602,Zach McKinstry,LAD,2b,2B,-31.9,6,-13.0,-6.1,-13.0,-2.8,2.0,2.0,2.2,2.2,1.8,2.1,17.6,-13.0
603,Jahmai Jones,LAA,OF,OF,-31.9,6,-13.0,-6.1,-13.1,-2.8,2.2,2.2,2.0,2.0,1.7,2.1,17.6,-13.1
604,Ryan McKenna,BAL,OF,OF,-31.9,6,-13.0,-6.1,-13.1,-2.8,2.2,2.2,2.2,2.2,1.8,2.1,17.5,-13.0
605,Sam Haggerty,SEA,2b,2B,-31.9,6,-13.1,-6.1,-13.1,-2.6,2.1,2.0,2.1,2.0,1.7,2.0,17.5,-13.1
606,Gilberto Celestino,MIN,OF,OF,-31.9,6,-13.0,-6.1,-13.0,-2.8,2.0,2.0,2.0,2.0,1.6,2.0,17.6,-13.0
607,Blake Rutherford,CHW,OF,OF,-31.9,6,-13.0,-6.1,-13.0,-2.8,2.0,2.0,2.1,2.0,1.7,2.1,17.5,-13.0
608,Zack Short,CHC,SS,SS,-31.9,6,-13.0,-6.1,-13.0,-2.8,2.1,2.0,2.2,2.3,1.8,2.1,17.4,-13.0
609,Logan Morrison,MIL,OF,OF,-31.9,4,-13.0,-6.0,-13.0,-3.0,2.1,2.2,2.4,2.4,2.0,2.4,17.7,-13.0
610,Matt Adams,NYM,1B,1B,-31.9,5,-13.0,-5.9,-13.0,-3.0,2.0,2.0,2.1,2.2,1.9,2.3,17.5,-13.0
611,Humberto Arteaga,KC,SS,SS,-32.0,5,-13.1,-6.1,-13.1,-2.8,2.2,2.2,2.1,2.2,1.7,2.1,17.7,-13.1
612,Pablo Reyes,PIT,OF,OF,-32.0,5,-13.1,-6.1,-13.1,-2.8,2.1,2.0,2.2,2.2,1.8,2.2,17.7,-13.0
613,Tzu-Wei Lin,BOS,SS,SS,-32.0,5,-13.0,-6.1,-13.1,-2.8,2.1,2.0,2.2,2.2,1.8,2.1,17.6,-13.0
614,Lewin Diaz,MIA,1B,1B,-32.0,6,-13.0,-6.0,-13.0,-3.0,2.0,2.0,2.1,2.0,1.8,2.2,17.6,-12.9
615,Anderson Tejeda,TEX,SS,SS,-32.0,6,-13.0,-6.1,-13.1,-2.8,2.1,2.0,1.9,1.9,1.7,2.1,17.4,-13.1
616,Estevan Florial,NYY,OF,OF,-32.0,6,-13.0,-6.0,-13.0,-2.8,1.8,1.8,1.9,1.9,1.6,2.0,17.3,-13.0
617,Oneil Cruz,PIT,3b,3B,-32.0,6,-13.0,-6.1,-13.0,-2.8,2.0,2.0,2.1,2.0,1.7,2.1,17.5,-13.0
618,Mickey Moniak,PHI,OF,OF,-32.0,5,-13.1,-6.1,-13.1,-2.8,2.1,2.0,2.1,2.2,1.8,2.2,17.6,-13.0
619,Brent Rooker,MIN,OF,OF,-32.0,4,-13.1,-6.0,-13.1,-3.0,2.1,2.2,2.2,2.3,1.9,2.3,17.6,-13.0
620,Phil Gosselin,PHI,2B,2B,-32.1,5,-13.0,-6.1,-13.1,-3.0,2.1,2.0,2.2,2.2,1.8,2.2,17.6,-13.0
621,Elehuris Montero,STL,3b,3B,-32.1,6,-13.0,-6.0,-13.0,-3.0,2.0,2.0,2.1,2.0,1.7,2.1,17.5,-13.0
622,Sherten Apostel,TEX,3B,3B,-32.1,6,-13.0,-6.1,-13.1,-3.0,2.1,2.0,1.9,1.9,1.7,2.1,17.4,-13.1
623,Ronnie Dawson,HOU,OF,OF,-32.1,4,-13.1,-6.1,-13.1,-2.8,2.0,2.0,2.2,2.3,1.8,2.2,17.6,-13.1
624,Cesar Puello,BOS,OF,OF,-32.1,4,-13.1,-6.1,-13.1,-3.0,2.1,2.2,2.3,2.3,1.9,2.2,17.6,-13.1
625,Dustin Pedroia,BOS,2B,2B,-32.1,4,-13.1,-6.1,-13.1,-3.0,2.1,2.2,2.2,2.3,1.9,2.2,17.8,-13.1
626,Cristhian Adames,SF,SS,SS,-32.2,5,-13.1,-6.1,-13.1,-3.0,2.1,2.0,2.2,2.2,1.7,2.1,17.7,-13.1
627,Elliot Soto,LAA,SS,SS,-32.3,5,-13.1,-6.2,-13.1,-2.8,2.0,2.0,2.1,2.2,1.7,2.1,17.6,-13.1
628,Jeison Guzman,KC,SS,SS,-32.3,6,-13.1,-6.1,-13.1,-2.8,1.8,1.8,1.8,1.8,1.5,1.9,17.6,-13.1
629,Sam Travis,TEX,1B,1B,-32.5,1,-13.3,-6.2,-13.3,-3.0,2.3,2.3,2.3,2.3,1.9,2.3,17.9,-13.3
630,Adrian Sanchez,WSH,2b,2B,-32.5,0,-13.3,-6.2,-13.3,-3.0,2.3,2.4,2.3,2.4,,,18.0,
631,Nick Martini,PHI,OF,OF,-32.5,1,-13.3,-6.2,-13.3,-3.0,2.3,2.3,2.3,2.3,1.9,2.3,17.9,-13.3
632,Jonathan India,CIN,3B,3B,-32.5,1,-13.3,-6.2,-13.3,-3.0,2.3,2.3,2.3,2.3,1.9,2.3,17.9,-13.3
633,Royce Lewis,MIN,SS,SS,-32.5,1,-13.3,-6.2,-13.3,-3.0,2.3,2.3,2.3,2.3,1.9,2.3,17.9,-13.3
634,Julio Rodriguez,SEA,OF,OF,-32.5,1,-13.3,-6.2,-13.3,-3.0,2.3,2.3,2.2,2.3,1.9,2.3,17.9,-13.3