#,Name,Team,Pos,MVPos,5×5 $,IP,$W (no QS),$W (w/ QS),$SV (no HLD),$SV (w/ HLD),$ERA,$WHIP,$K,$QS,$L,$HLD,$SV+H
1,Gerrit Cole,NYY,SP,SP,36.1,72,8.0,8.0,0.0,0.0,6.3,9.5,11.2,6.4,4.7,0.0,0.0
2,Jacob deGrom,NYM,SP,SP,31.5,78,6.1,6.2,0.0,0.0,6.4,8.2,9.8,7.6,0.6,0.0,0.0
3,Justin Verlander,HOU,SP,SP,31.2,67,7.1,7.1,0.0,0.0,5.2,9.4,8.5,4.8,5.5,0.0,0.0
4,Max Scherzer,WSH,SP,SP,30.1,72,5.2,5.3,0.0,0.0,5.6,8.7,9.6,6.0,1.7,0.0,0.0
5,Josh Hader,MIL,RP,RP,25.4,25,2.3,2.5,6.1,7.3,3.6,5.1,7.3,0.0,1.3,-1.3,6.0
6,Mike Clevinger,CLE,SP,SP,24.8,71,6.5,6.5,0.0,0.0,4.4,5.1,7.8,5.3,2.8,0.0,0.0
7,Blake Snell,TB,SP,SP,23.4,65,5.2,5.3,0.0,0.0,5.5,5.0,6.6,4.6,3.2,0.0,0.0
8,Shane Bieber,CLE,SP,SP,21.7,66,5.2,5.3,0.0,0.0,4.5,6.6,4.5,4.3,4.0,0.0,0.0
9,Walker Buehler,LAD,SP,SP,21.3,67,4.9,5.0,0.0,0.0,4.8,5.8,4.9,4.8,2.8,0.0,0.0
10,Edwin Diaz,NYM,RP,RP,20.5,24,1.7,1.8,4.1,4.8,3.6,4.7,5.3,0.0,1.3,-3.1,1.7
11,Charlie Morton,TB,SP,SP,18.9,63,4.0,4.1,0.0,0.0,4.9,4.6,4.3,4.1,3.6,0.0,0.0
12,Kirby Yates,SD,RP,RP,18.3,24,1.7,1.8,6.1,7.3,2.6,3.7,3.2,0.0,0.5,-3.1,4.2
13,James Paxton,NYY,SP,SP,18.0,62,4.6,4.7,0.0,0.0,3.4,4.6,4.5,2.9,4.0,0.0,0.0
14,Corey Kluber,TEX,SP,SP,17.6,72,4.9,5.0,0.0,0.0,3.1,4.0,4.6,4.8,1.0,0.0,0.0
15,Liam Hendriks,OAK,RP,RP,17.6,22,1.7,1.8,6.1,7.3,2.8,4.1,1.9,0.0,2.7,-3.1,4.2
16,Stephen Strasburg,WSH,SP,SP,17.5,67,3.3,-7.6,0.0,0.0,4.0,4.3,4.9,-8.2,1.7,0.0,0.0
17,Patrick Corbin,WSH,SP,SP,17.4,70,4.3,4.3,0.0,0.0,4.2,2.6,5.3,5.0,1.0,0.0,0.0
18,Roberto Osuna,HOU,RP,RP,17.1,24,2.3,2.5,6.1,7.3,1.7,3.7,2.2,0.0,2.0,-3.1,4.2
19,Taylor Rogers,MIN,RP,RP,16.7,24,2.3,2.5,6.1,7.3,2.3,2.8,2.2,0.0,2.0,-3.1,4.2
20,Nick Anderson,TB,RP,RP,16.4,24,2.3,2.5,1.1,1.0,3.0,4.7,4.2,0.0,1.3,0.4,1.3
21,Clayton Kershaw,LAD,SP,SP,16.1,66,4.0,4.1,0.0,0.0,4.3,4.7,2.1,4.3,2.8,0.0,0.0
22,Brad Hand,CLE,RP,RP,16.0,24,2.3,2.5,6.1,7.3,1.5,2.3,2.8,0.0,1.3,-3.1,4.2
23,Carlos Carrasco,CLE,SP,SP,15.7,60,3.3,-7.2,0.0,0.0,3.6,5.0,2.8,-7.9,4.3,0.0,0.0
24,Aaron Nola,PHI,SP,SP,15.0,73,3.6,3.7,0.0,0.0,2.8,1.7,5.8,5.0,-0.5,0.0,0.0
25,Tyler Glasnow,TB,SP,SP,14.9,55,2.4,2.5,0.0,0.0,4.2,3.7,3.6,2.0,4.3,0.0,0.0
26,Andrew Heaney,LAA,SP,SP,14.9,61,3.6,3.7,0.0,0.0,2.8,4.5,3.0,2.5,3.2,0.0,0.0
27,Zack Greinke,HOU,SP,SP,14.8,72,5.8,5.9,0.0,0.0,1.7,3.3,2.9,4.3,2.5,0.0,0.0
28,Trevor Bauer,CIN,SP,SP,14.6,72,2.7,-7.8,0.0,0.0,2.4,1.9,6.6,-8.2,-0.9,0.0,0.0
29,Jack Flaherty,STL,SP,SP,14.6,62,1.8,1.9,0.0,0.0,3.9,4.0,3.9,3.1,2.1,0.0,0.0
30,Jose Leclerc,TEX,RP,RP,13.4,24,2.3,2.5,2.1,2.2,2.3,1.3,4.3,0.0,1.3,-3.1,-1.0
31,Diego Castillo,TB,RP,RP,13.3,26,2.9,3.1,-0.8,-1.7,3.2,3.0,4.0,0.0,0.5,7.2,5.5
32,Raisel Iglesias,CIN,RP,RP,12.9,26,1.7,1.8,6.1,7.3,0.4,1.0,2.8,0.0,-0.9,-3.1,4.2
33,Lance Lynn,TEX,SP,SP,12.2,58,2.4,2.5,0.0,0.0,3.6,3.0,2.2,2.5,4.0,0.0,0.0
34,Chris Paddack,SD,SP,SP,12.1,63,1.4,1.6,0.0,0.0,3.0,4.4,2.2,2.9,1.0,0.0,0.0
35,Shohei Ohtani,LAA,SP,SP,12.0,50,1.8,1.9,0.0,0.0,3.9,3.5,1.9,0.8,5.8,0.0,0.0
36,Lance McCullers Jr.,HOU,SP,SP,11.9,55,3.3,3.5,0.0,0.0,3.8,2.1,1.7,1.8,5.8,0.0,0.0
37,Kenley Jansen,LAD,RP,RP,11.7,22,1.1,1.2,6.1,7.3,0.6,2.8,0.1,0.0,1.3,-3.1,4.2
38,Jose Berrios,MIN,SP,SP,11.4,68,4.6,4.7,0.0,0.0,0.8,1.8,3.1,3.1,2.5,0.0,0.0
39,Dinelson Lamet,SD,SP,SP,11.4,56,1.1,1.3,0.0,0.0,3.3,2.9,3.0,1.8,2.5,0.0,0.0
40,Zack Wheeler,PHI,SP,SP,11.2,72,2.7,2.9,0.0,0.0,1.4,2.2,3.9,4.1,-0.9,0.0,0.0
41,Matthew Boyd,DET,SP,SP,11.1,63,1.8,1.9,0.0,0.0,1.5,3.2,3.6,2.3,1.3,0.0,0.0
42,Yu Darvish,CHC,SP,SP,10.6,57,1.1,1.3,0.0,0.0,2.7,3.2,2.5,1.8,3.2,0.0,0.0
43,Lucas Giolito,CHW,SP,SP,10.5,58,2.1,2.3,0.0,0.0,2.0,2.2,3.3,1.6,3.6,0.0,0.0
44,Luis Castillo,CIN,SP,SP,10.5,63,1.4,1.6,0.0,0.0,3.0,1.9,3.2,2.9,1.0,0.0,0.0
45,Ken Giles,TOR,RP,RP,10.4,20,0.5,0.6,4.1,4.8,1.6,2.5,0.6,0.0,2.7,-3.1,1.7
46,Craig Kimbrel,CHC,RP,RP,9.8,21,0.5,0.6,4.1,4.8,1.2,1.2,1.8,0.0,2.0,-3.1,1.7
47,Kwang-Hyun Kim,STL,RP,RP,9.5,27,2.3,2.5,-0.8,-1.7,2.3,2.9,1.9,0.0,-0.9,2.0,0.4
48,Max Fried,ATL,SP,SP,9.5,59,2.4,2.5,0.0,0.0,4.1,0.9,1.2,2.9,2.8,0.0,0.0
49,Dylan Bundy,LAA,SP,SP,9.3,63,3.0,3.1,0.0,0.0,0.9,2.3,2.1,2.0,2.1,0.0,0.0
50,Frankie Montas,OAK,SP,SP,9.3,63,3.3,3.5,0.0,0.0,2.4,1.5,1.1,2.8,3.2,0.0,0.0
51,Chad Green,NYY,RP,RP,9.3,24,2.3,2.5,-4.8,-6.8,2.2,4.8,3.8,0.0,2.0,2.0,-4.8
52,Aroldis Chapman,NYY,RP,RP,9.1,16,-0.1,-0.1,3.1,3.5,2.6,2.9,-0.4,0.0,4.2,-3.1,0.4
53,Kyle Gibson,TEX,SP,SP,9.0,70,4.3,4.3,0.0,0.0,2.2,-0.9,2.4,4.1,0.6,0.0,0.0
54,Brandon Woodruff,MIL,SP,SP,8.8,64,1.8,1.9,0.0,0.0,2.1,1.1,2.9,2.8,1.0,0.0,0.0
55,Brandon Workman,BOS,RP,RP,8.1,22,1.1,1.2,4.1,4.8,1.0,-0.3,1.3,0.0,2.0,-1.3,3.5
56,Hansel Robles,LAA,RP,RP,8.0,24,1.7,1.8,4.1,4.8,-0.1,0.4,0.9,0.0,0.5,-1.3,3.5
57,Tyler Duffey,MIN,RP,RP,8.0,29,4.1,4.4,-4.8,-6.8,1.3,2.3,4.1,0.0,-0.2,3.8,-3.0
58,Matt Barnes,BOS,RP,RP,7.9,24,2.3,2.5,-3.8,-5.5,2.4,1.4,4.6,0.0,2.0,7.2,1.7
59,Brendan McKay,TB,SP,SP,7.8,48,0.5,-7.8,0.0,0.0,3.3,3.4,-0.4,-8.4,5.1,0.0,0.0
60,German Marquez,COL,SP,SP,7.7,64,1.8,1.9,0.0,0.0,1.5,1.5,2.0,2.5,1.0,0.0,0.0
61,Mike Minor,TEX,SP,SP,7.6,64,2.1,2.3,0.0,0.0,1.4,1.7,1.4,2.5,1.7,0.0,0.0
62,Rich Hill,MIN,SP,SP,7.3,54,2.4,2.5,0.0,0.0,1.4,1.8,0.7,0.4,4.3,0.0,0.0
63,Joe Jimenez,DET,RP,RP,7.0,22,0.5,0.6,4.1,4.8,0.2,0.5,0.7,0.0,1.3,-1.3,3.5
64,Robbie Ray,ARI,SP,SP,6.5,59,0.8,1.0,0.0,0.0,1.6,-0.5,3.6,1.6,1.0,0.0,0.0
65,Mychal Givens,BAL,RP,RP,6.3,26,1.7,1.8,-0.8,-1.7,0.6,0.5,3.4,0.0,-0.2,0.4,-1.3
66,Eduardo Rodriguez,BOS,SP,SP,6.1,51,1.4,1.6,0.0,0.0,2.2,1.2,0.2,0.1,5.5,0.0,0.0
67,Emilio Pagan,SD,RP,RP,5.9,24,1.1,1.2,-3.8,-5.5,1.6,3.7,2.3,0.0,0.5,5.5,0.0
68,Nathan Eovaldi,BOS,SP,SP,5.9,53,2.1,2.3,0.0,0.0,2.0,1.3,-0.5,0.4,4.7,0.0,0.0
69,Alex Colome,CHW,RP,RP,5.5,24,1.1,1.2,4.1,4.8,-0.2,-0.8,0.2,0.0,0.5,-3.1,1.7
70,Tommy Kahnle,NYY,RP,RP,5.4,24,2.3,2.5,-4.8,-6.8,1.7,2.0,3.1,0.0,1.3,7.2,0.4
71,Seth Lugo,NYM,RP,RP,5.4,27,1.7,1.8,-3.8,-5.5,1.6,2.4,2.5,0.0,-0.2,3.8,-1.7
72,Ryan Pressly,HOU,RP,RP,5.4,22,1.7,1.8,-3.8,-5.5,2.3,2.9,1.2,0.0,2.7,7.2,1.7
73,Joe Musgrove,PIT,SP,SP,5.3,70,1.1,1.3,0.0,0.0,1.1,0.6,1.5,3.4,-2.0,0.0,0.0
74,Hyun-Jin Ryu,TOR,SP,SP,5.3,57,1.1,1.3,0.0,0.0,1.7,2.2,-0.8,1.3,3.2,0.0,0.0
75,Ty Buttrey,LAA,RP,RP,5.3,24,2.3,2.5,-3.8,-5.5,2.1,2.0,1.7,0.0,1.3,7.2,1.7
76,Jesus Luzardo,OAK,SP,SP,5.2,47,0.5,-7.6,0.0,0.0,3.2,2.3,-1.8,-8.4,6.2,0.0,0.0
77,Kenta Maeda,MIN,SP,SP,5.1,58,2.4,-7.6,0.0,0.0,0.1,0.4,1.2,-8.6,2.8,0.0,0.0
78,Dylan Cease,CHW,SP,SP,5.1,59,2.1,-7.6,0.0,0.0,1.2,-1.4,2.3,-8.4,2.5,0.0,0.0
79,Zac Gallen,ARI,SP,SP,5.1,57,0.2,0.4,0.0,0.0,1.8,1.0,1.1,1.3,1.7,0.0,0.0
80,Sean Doolittle,WSH,RP,RP,4.9,22,0.5,0.6,2.1,2.2,0.0,1.4,-0.1,0.0,0.5,-3.1,-1.0
81,Griffin Canning,LAA,SP,SP,4.9,50,0.8,1.0,0.0,0.0,1.8,2.0,-0.7,-0.4,4.7,0.0,0.0
82,Sonny Gray,CIN,SP,SP,4.8,56,0.2,0.4,0.0,0.0,2.5,0.4,0.7,1.3,2.1,0.0,0.0
83,Madison Bumgarner,ARI,SP,SP,4.8,71,1.1,1.3,0.0,0.0,-0.3,0.7,2.3,3.1,-2.0,0.0,0.0
84,Ian Kennedy,KC,RP,RP,4.8,24,1.1,1.2,2.1,2.2,-0.5,0.7,0.3,0.0,0.5,-1.3,0.8
85,Hector Neris,PHI,RP,RP,4.6,19,-0.7,-0.7,3.1,3.5,0.5,1.1,-0.4,0.0,2.0,-3.1,0.4
86,Mike Soroka,ATL,SP,SP,4.4,63,1.4,1.6,0.0,0.0,2.1,0.5,-0.6,2.5,1.3,0.0,0.0
87,Jake Odorizzi,MIN,SP,SP,4.3,52,1.1,-7.8,0.0,0.0,0.7,1.4,0.0,-8.6,4.7,0.0,0.0
88,Kyle Hendricks,CHC,SP,SP,4.1,68,2.1,2.3,0.0,0.0,0.6,0.7,-0.3,2.9,-0.5,0.0,0.0
89,Masahiro Tanaka,NYY,SP,SP,4.1,57,1.8,1.9,0.0,0.0,0.7,1.6,-0.9,0.8,3.2,0.0,0.0
90,Julio Urias,LAD,SP,SP,4.0,51,0.5,-7.8,0.0,0.0,2.4,0.9,-0.8,-8.4,4.0,0.0,0.0
91,Keone Kela,PIT,RP,RP,3.9,20,-0.1,-0.1,1.1,1.0,1.2,0.7,0.0,0.0,1.3,0.4,1.3
92,Will Smith,ATL,RP,RP,3.9,21,0.5,0.6,-2.8,-4.3,1.9,2.1,1.2,0.0,2.0,3.8,-0.5
93,Dellin Betances,NYM,RP,RP,3.5,20,0.5,0.6,-4.8,-6.8,2.6,2.1,1.9,0.0,2.0,3.8,-3.0
94,Archie Bradley,ARI,RP,RP,3.4,22,-0.1,-0.1,4.1,4.8,0.3,-1.1,-0.8,0.0,1.3,-1.3,3.5
95,Sean Manaea,OAK,SP,SP,3.4,61,2.4,2.5,0.0,0.0,0.7,0.4,-1.0,1.6,2.1,0.0,0.0
96,Cole Hamels,ATL,SP,SP,3.4,61,1.1,1.3,0.0,0.0,1.2,-0.5,0.6,1.8,0.6,0.0,0.0
97,Jon Gray,COL,SP,SP,3.2,61,0.8,1.0,0.0,0.0,0.9,-0.4,0.9,1.6,1.3,0.0,0.0
98,Mitch Keller,PIT,SP,SP,3.1,55,-0.4,-0.2,0.0,0.0,2.1,-0.1,0.5,1.1,1.3,0.0,0.0
99,Kevin Gausman,SF,SP,SP,3.0,60,-0.1,-7.8,0.0,0.0,1.8,0.9,-0.6,-8.4,-0.2,0.0,0.0
100,Reynaldo Lopez,CHW,SP,SP,3.0,64,1.8,1.9,0.0,0.0,-1.1,-0.1,1.5,1.3,0.6,0.0,0.0
101,Josh James,HOU,SP,SP,2.8,40,-0.7,-0.5,0.0,0.0,2.4,1.4,-1.3,-2.2,7.7,0.0,0.0
102,Dallas Keuchel,CHW,SP,SP,2.5,68,3.3,3.5,0.0,0.0,1.1,-2.5,-0.4,3.1,1.0,0.0,0.0
103,Ross Stripling,LAD,SP,SP,2.1,49,0.2,0.4,0.0,0.0,2.0,1.9,-3.0,-0.4,4.0,0.0,0.0
104,Miles Mikolas,STL,SP,SP,1.8,61,0.2,-7.8,0.0,0.0,1.4,1.5,-2.4,-8.2,0.6,0.0,0.0
105,Mark Melancon,ATL,RP,RP,1.7,21,0.5,0.6,2.1,2.2,1.0,-0.5,-2.5,0.0,1.3,-1.3,0.8
106,Zack Britton,NYY,RP,RP,1.6,24,2.3,2.5,-1.8,-3.0,2.4,-1.8,-0.5,0.0,1.3,7.2,4.2
107,J.A. Happ,NYY,SP,SP,1.5,54,1.1,1.3,0.0,0.0,0.1,0.4,-1.0,-0.4,3.2,0.0,0.0
108,Pablo Lopez,MIA,SP,SP,1.4,60,-0.4,-0.2,0.0,0.0,1.8,0.5,-1.4,1.8,-0.2,0.0,0.0
109,Lucas Sims,CIN,RP,RP,1.2,23,1.1,1.2,-4.8,-6.8,0.5,1.1,2.2,1.4,-0.2,2.0,-4.8
110,Chris Bassitt,OAK,SP,SP,1.0,50,0.2,0.4,0.0,0.0,1.3,1.0,-2.4,-0.5,4.3,0.0,0.0
111,Luke Weaver,ARI,SP,SP,0.9,50,-1.1,-7.8,0.0,0.0,1.4,1.0,-1.5,-8.6,2.8,0.0,0.0
112,Rick Porcello,NYM,SP,SP,0.9,65,0.5,0.7,0.0,0.0,-0.6,-0.1,0.1,1.8,-1.3,0.0,0.0
113,Anthony DeSclafani,CIN,SP,SP,0.7,56,-0.7,-0.5,0.0,0.0,0.2,0.8,-0.6,0.1,1.0,0.0,0.0
114,Matt Magill,SEA,RP,RP,0.5,22,0.5,0.6,-0.8,-1.7,0.0,-0.1,-0.1,0.0,0.5,2.0,0.4
115,Scott Barlow,KC,RP,RP,0.5,24,1.1,1.2,-2.8,-4.3,0.4,-0.7,1.5,0.0,0.5,3.8,-0.5
116,Matt Strahm,SD,RP,RP,0.4,24,1.1,1.2,-4.8,-6.8,0.8,2.0,0.2,0.0,0.5,3.8,-3.0
117,Freddy Peralta,MIL,SP,SP,0.4,51,-1.1,-0.8,0.0,0.0,0.5,-0.9,0.8,-0.7,2.5,0.0,0.0
118,Aaron Civale,CLE,SP,SP,0.4,55,0.8,-7.6,0.0,0.0,0.3,0.9,-2.7,-8.6,3.2,0.0,0.0
119,Johnny Cueto,SF,SP,SP,0.4,64,-0.4,-0.2,0.0,0.0,1.1,-0.2,-1.1,2.3,-1.3,0.0,0.0
120,Steven Matz,NYM,SP,SP,0.3,55,-0.4,-0.2,0.0,0.0,0.8,-0.1,-1.0,0.1,1.3,0.0,0.0
121,Giovanny Gallegos,STL,RP,RP,0.3,20,-0.1,-0.1,-2.8,-4.3,1.0,1.7,-0.6,0.0,1.3,3.8,-0.5
122,Andrew Miller,STL,RP,RP,0.2,22,0.5,0.6,-2.8,-4.3,1.2,0.3,0.0,0.0,1.3,5.5,1.2
123,Alex Wood,LAD,SP,SP,0.1,50,-0.1,-7.8,0.0,0.0,1.9,1.0,-3.7,-8.4,4.3,0.0,0.0
124,Danny Duffy,KC,SP,SP,0.1,59,0.2,0.4,0.0,0.0,0.0,-0.5,-0.6,0.8,1.3,0.0,0.0
125,Josh Lindblom,MIL,SP,SP,0.1,56,-1.1,-8.2,0.0,0.0,0.1,0.8,-0.7,-8.6,1.7,0.0,0.0
126,Joey Lucchesi,SD,SP,SP,0.1,57,-0.4,-8.2,0.0,0.0,1.1,-0.6,-0.9,-8.6,1.0,0.0,0.0
127,Blake Treinen,LAD,RP,RP,0.0,22,1.1,1.2,-3.8,-5.5,1.7,0.6,-0.7,0.0,1.3,3.8,-1.7
128,Jose Urquidy,HOU,SP,SP,0.0,36,-1.7,-1.4,0.0,0.0,1.9,3.1,-4.3,-3.1,8.1,0.0,0.0
129,Luke Jackson,ATL,RP,RP,-0.1,20,0.5,0.6,-3.8,-5.5,1.6,0.5,0.0,0.0,2.0,3.8,-1.7
130,Jakob Junis,KC,SP,SP,-0.2,56,-0.4,-0.2,0.0,0.0,0.0,0.3,-1.0,0.1,1.7,0.0,0.0
131,Garrett Richards,SD,SP,SP,-0.2,44,-1.7,-1.4,0.0,0.0,2.7,0.6,-2.8,-1.0,4.7,0.0,0.0
132,Rafael Montero,TEX,RP,RP,-0.4,22,1.1,1.2,-3.8,-5.5,0.8,0.3,0.2,0.0,1.3,3.8,-1.7
133,Marco Gonzales,SEA,SP,SP,-0.4,65,0.2,0.4,0.0,0.0,0.3,-0.5,-1.3,2.3,-0.9,0.0,0.0
134,Tanner Roark,TOR,SP,SP,-0.4,68,1.4,1.6,0.0,0.0,-2.3,-1.5,1.0,1.8,-1.7,0.0,0.0
135,Mike Foltynewicz,ATL,SP,SP,-0.5,62,0.2,0.4,0.0,0.0,-0.7,-1.2,0.2,0.8,-0.2,0.0,0.0
136,Josh Taylor,BOS,RP,RP,-0.6,22,1.7,1.8,-4.8,-6.8,1.0,-0.2,0.6,0.0,2.0,2.0,-4.8
137,Amir Garrett,CIN,RP,RP,-0.7,24,1.1,1.2,-4.8,-6.8,0.6,-0.6,2.0,0.0,-0.2,5.5,-1.3
138,Jesse Chavez,TEX,RP,RP,-0.8,29,2.3,2.5,-3.8,-5.5,-0.9,-0.7,1.2,0.0,-1.6,3.8,-1.7
139,Jordan Montgomery,NYY,SP,SP,-0.9,47,-0.4,-7.8,0.0,0.0,0.4,0.5,-2.3,-8.9,4.7,0.0,0.0
140,Joe Kelly,LAD,RP,RP,-1.0,22,1.1,1.2,-4.8,-6.8,1.8,0.5,-0.6,0.0,2.0,3.8,-3.0
141,Adam Ottavino,NYY,RP,RP,-1.1,24,1.7,1.8,-4.8,-6.8,-0.5,-1.1,2.6,0.0,0.5,7.2,0.4
142,Drew Pomeranz,SD,RP,RP,-1.3,19,-0.1,-0.1,-4.8,-6.8,1.7,1.5,-0.7,0.0,2.0,3.8,-3.0
143,Jon Lester,CHC,SP,SP,-1.5,65,0.8,1.0,0.0,0.0,-1.0,-2.2,-0.1,1.6,-0.9,0.0,0.0
144,Oliver Drake,TB,RP,RP,-1.5,19,-0.1,-0.1,-4.8,-6.8,1.9,1.6,-1.1,0.0,2.7,2.0,-4.8
145,Ryan Yarbrough,TB,SP,SP,-1.7,46,-1.1,-0.8,0.0,0.0,1.3,1.2,-4.2,-1.4,4.7,0.0,0.0
146,Jose Quintana,CHC,SP,SP,-1.8,50,-0.7,-7.8,0.0,0.0,1.1,-0.1,-3.1,-8.6,3.2,0.0,0.0
147,Erik Swanson,SEA,RP,RP,-1.8,26,1.1,1.2,-4.8,-6.8,-0.6,1.0,0.4,2.4,-1.6,-1.3,-8.2
148,Kevin Ginkel,ARI,RP,RP,-1.9,22,0.5,0.6,-4.8,-6.8,0.6,0.0,0.8,0.0,0.5,2.0,-4.8
149,Anthony Bass,TOR,RP,RP,-2.0,24,1.1,1.2,-2.8,-4.3,-0.2,-0.7,-0.4,0.0,0.5,3.8,-0.5
150,Ray Black,MIL,RP,RP,-2.1,20,-0.1,-0.1,-4.8,-6.8,0.7,0.2,0.9,0.0,2.0,2.0,-4.8
151,Nick Wittgren,CLE,RP,RP,-2.2,26,2.3,2.5,-4.8,-6.8,-1.0,-0.5,0.7,0.0,-0.2,5.5,-1.3
152,Will Harris,WSH,RP,RP,-2.2,22,0.5,0.6,-4.8,-6.8,1.4,0.7,-1.1,0.0,1.3,7.2,0.4
153,Martin Perez,BOS,SP,SP,-2.2,54,1.1,1.3,0.0,0.0,0.5,-2.1,-2.8,-0.1,4.0,0.0,0.0
154,Daniel Hudson,WSH,RP,RP,-2.2,24,0.5,0.6,-0.8,-1.7,-1.0,-1.8,-0.1,0.0,-0.2,3.8,2.2
155,Carlos Rodon,CHW,SP,SP,-2.3,43,-2.0,-6.6,0.0,0.0,1.1,0.5,-2.9,-8.4,5.8,0.8,0.8
156,Tony Watson,SF,RP,RP,-2.3,22,-0.1,-0.1,-0.8,-1.7,0.4,-0.1,-2.7,0.0,0.5,3.8,2.2
157,Yusei Kikuchi,SEA,SP,SP,-2.3,58,-0.4,-0.2,0.0,0.0,0.0,-1.0,-1.8,0.4,0.2,0.0,0.0
158,Jace Fry,CHW,RP,RP,-2.4,22,1.1,1.2,-4.8,-6.8,1.1,-1.5,0.7,0.0,2.0,3.8,-3.0
159,Jose Alvarado,TB,RP,RP,-2.4,16,-0.7,-0.7,-3.8,-5.5,2.1,0.6,-1.6,0.0,3.4,2.0,-3.5
160,Caleb Smith,MIA,SP,SP,-2.5,52,-2.6,-2.4,0.0,0.0,0.1,-0.2,-0.8,-0.7,1.0,0.0,0.0
161,Adrian Houser,MIL,SP,SP,-2.6,51,-0.7,-0.5,0.0,0.0,0.9,-1.3,-2.5,-0.5,2.5,0.0,0.0
162,Ryan Helsley,STL,RP,RP,-2.6,22,0.5,0.6,-2.8,-4.3,0.1,-0.9,-0.6,0.0,0.5,5.5,1.2
163,Shane Greene,ATL,RP,RP,-2.7,24,1.1,1.2,-3.8,-5.5,0.0,-0.8,-0.3,0.0,0.5,3.8,-1.7
164,Carlos Martinez,STL,SP,SP,-2.7,54,-1.1,-8.2,0.0,0.0,1.2,-1.9,-2.0,-8.4,1.7,0.0,0.0
165,Spencer Turnbull,DET,SP,SP,-2.7,48,-1.4,-1.1,0.0,0.0,0.9,-0.7,-2.6,-1.2,3.6,0.0,0.0
166,Jalen Beeks,TB,RP,RP,-2.7,24,1.7,1.8,-4.8,-6.8,0.4,-0.5,-0.5,2.4,-0.2,-1.3,-8.2
167,Zach Plesac,CLE,SP,SP,-2.7,53,-0.1,0.1,0.0,0.0,-0.7,-0.4,-2.6,-1.0,2.8,0.0,0.0
168,Robert Stephenson,CIN,RP,RP,-2.8,22,0.5,0.6,-4.8,-6.8,-0.1,-0.5,1.1,0.0,0.5,2.0,-4.8
169,Trevor Richards,TB,SP,SP,-2.8,49,-1.1,-7.2,0.0,0.0,0.0,-0.4,-2.4,-8.9,3.2,0.0,0.0
170,Sam Gaviglio,TOR,RP,RP,-2.9,27,2.3,2.5,-4.8,-6.8,-1.2,-0.5,0.2,0.0,-0.9,2.0,-4.8
171,Joakim Soria,OAK,RP,RP,-2.9,21,0.5,0.6,-4.8,-6.8,0.7,0.9,-1.3,0.0,2.0,5.5,-1.3
172,Ryne Stanek,MIA,RP,RP,-3.0,17,-1.3,-1.3,-2.8,-4.3,1.1,0.7,-1.7,0.0,2.7,5.5,1.2
173,Yonny Chirinos,TB,SP,SP,-3.0,39,-2.3,-8.2,0.0,0.0,1.9,1.7,-5.3,-8.9,6.6,0.0,0.0
174,Nate Pearson,TOR,SP,SP,-3.0,47,-1.7,-1.4,0.0,0.0,-0.1,0.3,-2.6,-1.9,4.0,0.0,0.0
175,Chris Martin,ATL,RP,RP,-3.1,17,-0.7,-0.7,-4.8,-6.8,1.6,2.5,-2.7,0.0,3.4,3.8,-3.0
176,Carlos Estevez,COL,RP,RP,-3.2,24,1.1,1.2,-3.8,-5.5,-0.8,-1.2,0.4,0.0,-0.2,3.8,-1.7
177,Mike Fiers,OAK,SP,SP,-3.3,64,1.1,1.3,0.0,0.0,-2.2,-1.7,-1.5,0.6,0.2,0.0,0.0
178,John Gant,STL,RP,RP,-3.4,26,1.1,1.2,-3.8,-5.5,0.1,-2.0,0.1,0.0,-0.9,5.5,0.0
179,Aaron Bummer,CHW,RP,RP,-3.4,18,-0.1,-0.1,-3.8,-5.5,1.9,0.0,-2.5,0.0,3.4,7.2,1.7
180,Vince Velasquez,PHI,SP,SP,-3.6,46,-2.0,-1.8,0.0,0.0,-0.4,0.0,-2.2,-2.4,2.8,0.0,0.0
181,Scott Oberg,COL,RP,RP,-3.8,24,1.1,1.2,-1.8,-3.0,-0.7,-2.5,-1.0,0.0,-0.2,3.8,0.8
182,Trevor Gott,SF,RP,RP,-3.8,23,-0.1,-0.1,-3.8,-5.5,0.9,-0.9,-0.9,0.0,-0.2,3.8,-1.7
183,Cody Reed,CIN,RP,RP,-3.8,22,0.5,0.6,-4.8,-6.8,0.8,-0.7,-0.8,0.0,1.3,0.4,-6.5
184,Trent Thornton,TOR,SP,SP,-3.8,48,-1.1,-0.8,0.0,0.0,-0.5,-0.4,-2.8,-1.9,3.2,0.0,0.0
185,Brandon Kintzler,MIA,RP,RP,-3.8,20,-0.7,-0.7,1.1,1.0,0.2,-1.3,-4.1,0.0,1.3,2.0,3.0
186,Michael Fulmer,DET,SP,SP,-3.9,44,-2.3,-7.8,0.0,0.0,1.1,0.4,-4.1,-8.6,4.7,0.0,0.0
187,Pedro Baez,LAD,RP,RP,-3.9,24,1.1,1.2,-4.8,-6.8,-0.7,-0.2,-0.4,0.0,0.5,5.5,-1.3
188,Austin Adams,SEA,RP,RP,-3.9,13,-1.9,-2.0,-2.8,-4.3,1.7,1.1,-3.1,0.0,4.2,2.0,-2.3
189,Noe Ramirez,LAA,RP,RP,-4.0,20,0.5,0.6,-4.8,-6.8,0.0,0.6,-1.3,0.0,2.0,2.0,-4.8
190,Austin Voth,WSH,SP,SP,-4.0,43,-2.3,-2.0,0.0,0.0,1.0,0.4,-4.1,-2.2,4.7,0.0,0.0
191,Corey Knebel,MIL,RP,RP,-4.1,15,-1.3,-1.3,-3.8,-5.5,1.2,0.8,-2.0,0.0,3.4,0.4,-5.2
192,Jonathan Loaisiga,NYY,SP,SP,-4.1,29,-4.2,-6.4,0.0,0.0,2.3,2.3,-5.5,-8.6,9.2,0.8,0.8
193,Spencer Howard,PHI,SP,SP,-4.1,47,-2.3,-2.0,0.0,0.0,0.3,-0.8,-2.2,-1.7,3.2,0.0,0.0
194,Marcus Walden,BOS,RP,RP,-4.2,23,1.1,1.2,-3.8,-5.5,0.0,-1.4,-1.1,0.0,1.3,2.0,-3.5
195,Tanner Rainey,WSH,RP,RP,-4.2,20,-0.1,-0.1,-4.8,-6.8,0.9,-2.2,1.0,0.0,2.0,2.0,-4.8
196,Trevor May,MIN,RP,RP,-4.3,18,-0.1,-0.1,-4.8,-6.8,0.2,0.7,-1.3,0.0,2.7,3.8,-3.0
197,Jordan Lyles,TEX,SP,SP,-4.3,50,-1.1,-7.8,0.0,0.0,-0.4,-1.4,-2.5,-8.6,2.8,0.0,0.0
198,Jake Diekman,OAK,RP,RP,-4.4,17,-0.1,-0.1,-4.8,-6.8,1.5,-0.1,-1.9,0.0,3.4,7.2,0.4
199,Cam Bedrosian,LAA,RP,RP,-4.6,21,0.5,0.6,-4.8,-6.8,0.4,-0.2,-1.6,0.0,2.0,2.0,-4.8
200,Buck Farmer,DET,RP,RP,-4.6,24,1.1,1.2,-4.8,-6.8,-0.7,-1.4,0.1,0.0,-0.2,5.5,-1.3
201,Michael Lorenzen,CIN,RP,RP,-4.6,24,0.5,0.6,-2.8,-4.3,-0.7,-1.8,-0.8,0.0,-0.2,5.5,1.2
202,Jaime Barria,LAA,SP,SP,-4.6,48,-1.1,-7.6,0.0,0.0,-1.0,0.0,-3.5,-8.9,3.6,0.0,0.0
203,Jairo Diaz,COL,RP,RP,-4.7,24,1.1,1.2,-3.8,-5.5,-0.4,-2.4,-0.2,0.0,-0.2,3.8,-1.7
204,Brad Wieck,CHC,RP,RP,-4.7,16,-0.7,-0.7,-4.8,-6.8,1.0,0.5,-1.7,0.0,3.4,2.0,-4.8
205,Darwinzon Hernandez,BOS,RP,RP,-4.7,19,-0.1,-0.1,-4.8,-6.8,0.7,-1.8,0.2,0.0,2.7,2.0,-4.8
206,Roenis Elias,WSH,RP,RP,-5.0,25,1.1,1.2,-3.8,-5.5,-0.9,-1.5,-0.9,0.0,-0.2,2.0,-3.5
207,Chris Devenski,HOU,RP,RP,-5.0,18,-0.1,-0.1,-4.8,-6.8,-0.3,1.0,-1.8,0.0,2.7,2.0,-4.8
208,Yusmeiro Petit,OAK,RP,RP,-5.0,25,1.7,1.8,-4.8,-6.8,-1.7,-0.2,-1.0,0.0,-0.2,5.5,-1.3
209,Jake Arrieta,PHI,SP,SP,-5.0,61,-0.4,-0.2,0.0,0.0,-1.0,-2.8,-1.8,0.6,-0.5,0.0,0.0
210,Shun Yamaguchi,TOR,RP,RP,-5.1,26,1.7,1.8,-4.8,-6.8,-1.8,-2.0,0.7,3.4,-1.6,-1.3,-8.2
211,Drew Smyly,SF,SP,SP,-5.3,42,-3.6,-8.2,0.0,0.0,0.8,0.2,-3.7,-8.9,3.6,0.0,0.0
212,Gio Gonzalez,CHW,SP,SP,-5.3,49,-0.7,-0.5,0.0,0.0,-0.1,-2.5,-2.9,-1.4,3.6,0.0,0.0
213,Justin Wilson,NYM,RP,RP,-5.4,18,-0.7,-0.7,-4.8,-6.8,0.9,-0.2,-1.6,0.0,2.7,3.8,-3.0
214,Ryan Brasier,BOS,RP,RP,-5.5,19,-0.1,-0.1,-4.8,-6.8,-0.2,0.5,-1.9,0.0,2.7,2.0,-4.8
215,Zack Littell,MIN,RP,RP,-5.5,20,0.5,0.6,-4.8,-6.8,-0.1,0.1,-2.2,0.0,2.7,-1.3,-8.2
216,Patrick Sandoval,LAA,SP,SP,-5.5,30,-3.9,-3.6,0.0,0.0,2.5,1.0,-6.1,-5.6,8.8,0.8,0.8
217,Julio Teheran,LAA,SP,SP,-5.5,56,-0.1,0.1,0.0,0.0,-2.1,-2.9,-1.4,-0.7,1.7,0.0,0.0
218,Chaz Roe,TB,RP,RP,-5.5,19,-0.1,-0.1,-4.8,-6.8,0.4,-0.5,-1.6,0.0,2.0,5.5,-1.3
219,Michael Feliz,PIT,RP,RP,-5.6,20,-0.7,-0.7,-4.8,-6.8,0.0,-0.9,-0.2,0.0,1.3,2.0,-4.8
220,Junior Guerra,ARI,RP,RP,-5.6,29,1.7,1.8,-4.8,-6.8,-1.7,-3.1,1.3,0.0,-2.3,5.5,-1.3
221,Oliver Perez,CLE,RP,RP,-5.7,17,-0.7,-0.7,-4.8,-6.8,0.4,1.0,-2.6,0.0,3.4,5.5,-1.3
222,Kyle Crick,PIT,RP,RP,-5.8,22,-0.1,-0.1,-2.8,-4.3,-0.8,-2.7,-0.5,0.0,0.5,3.8,-0.5
223,Sean Newcomb,ATL,SP,SP,-5.8,38,-3.3,-3.0,0.0,0.0,1.4,-0.8,-4.3,-4.2,6.2,0.8,0.8
224,John Means,BAL,SP,SP,-5.8,57,-1.7,-1.4,0.0,0.0,-1.9,-0.9,-2.3,-0.5,0.2,0.0,0.0
225,Craig Stammen,SD,RP,RP,-5.8,22,-0.1,-0.1,-4.8,-6.8,0.3,0.0,-2.2,0.0,0.5,7.2,0.4
226,Brandon Brennan,SEA,RP,RP,-5.9,24,0.5,0.6,-4.8,-6.8,0.3,-2.5,-0.5,0.0,-0.2,3.8,-3.0
227,Jeurys Familia,NYM,RP,RP,-5.9,22,0.5,0.6,-4.8,-6.8,0.4,-2.3,-0.7,0.0,0.5,3.8,-3.0
228,Merrill Kelly,ARI,SP,SP,-5.9,54,-1.7,-1.4,0.0,0.0,-0.9,-1.8,-2.6,-0.7,1.0,0.0,0.0
229,Ranger Suarez,PHI,RP,RP,-5.9,22,0.5,0.6,-4.8,-6.8,0.5,-0.7,-2.5,0.0,1.3,2.0,-4.8
230,Lou Trivino,OAK,RP,RP,-5.9,21,0.5,0.6,-4.8,-6.8,0.1,-1.2,-1.5,0.0,2.0,3.8,-3.0
231,Matt Shoemaker,TOR,SP,SP,-6.0,40,-2.9,-2.6,0.0,0.0,0.0,0.5,-4.6,-3.6,5.5,0.0,0.0
232,Wade Miley,CIN,SP,SP,-6.0,49,-1.7,-1.4,0.0,0.0,0.7,-2.4,-3.6,-1.0,2.5,0.0,0.0
233,Anibal Sanchez,WSH,SP,SP,-6.1,56,-1.4,-8.2,0.0,0.0,-1.8,-1.9,-2.0,-8.9,0.2,0.0,0.0
234,Richard Rodriguez,PIT,RP,RP,-6.1,22,-0.1,-0.1,-4.8,-6.8,-0.5,-0.6,-1.1,0.0,0.5,5.5,-1.3
235,A.J. Puk,OAK,SP,SP,-6.1,25,-4.5,-4.2,0.0,0.0,2.6,1.6,-6.8,-5.2,10.0,0.0,0.0
236,Adam Wainwright,STL,SP,SP,-6.2,48,-2.3,-2.0,0.0,0.0,0.7,-1.5,-4.1,-1.2,2.8,0.0,0.0
237,Nick Burdi,PIT,RP,RP,-6.2,15,-1.9,-2.0,-2.8,-4.3,0.7,-0.1,-3.1,0.0,3.4,3.8,-0.5
238,Pedro Strop,CIN,RP,RP,-6.3,22,-0.1,-0.1,-3.8,-5.5,-0.5,-1.9,-1.0,0.0,0.5,2.0,-3.5
239,Logan Webb,SF,SP,SP,-6.3,42,-3.3,-3.0,0.0,0.0,1.9,-0.9,-5.0,-1.9,4.0,0.0,0.0
240,Brett Martin,TEX,RP,RP,-6.4,17,-0.7,-0.7,-4.8,-6.8,1.2,0.3,-3.5,0.0,3.4,2.0,-4.8
241,Andrew Chafin,ARI,RP,RP,-6.5,17,-0.7,-0.7,-4.8,-6.8,1.1,-0.3,-2.9,0.0,2.7,5.5,-1.3
242,Keynan Middleton,LAA,RP,RP,-6.5,23,1.1,1.2,-4.8,-6.8,-1.2,-2.0,-0.7,0.0,0.5,0.4,-6.5
243,Nick Goody,TEX,RP,RP,-6.6,21,-0.1,-0.1,-4.8,-6.8,-1.1,-1.2,-0.4,0.0,1.3,2.0,-4.8
244,Bryan Abreu,HOU,RP,RP,-6.6,17,-0.7,-0.7,-4.8,-6.8,0.3,-0.8,-1.6,0.0,3.4,0.4,-6.5
245,Chad Kuhl,PIT,SP,SP,-6.7,38,-4.2,-7.2,0.0,0.0,1.1,0.0,-4.6,-8.6,5.5,0.8,0.8
246,Tyler Mahle,CIN,SP,SP,-6.7,28,-5.4,-5.2,0.0,0.0,2.0,2.1,-6.4,-7.7,8.8,0.8,0.8
247,Brusdar Graterol,LAD,RP,RP,-6.8,15,-1.3,-1.3,-4.8,-6.8,1.3,0.9,-4.0,0.0,3.4,0.4,-6.5
248,Hunter Harvey,BAL,RP,RP,-6.9,19,-0.7,-0.7,-3.8,-5.5,-0.6,-0.8,-2.1,0.0,2.0,3.8,-1.7
249,Corbin Burnes,MIL,SP,SP,-6.9,34,-4.5,-4.2,0.0,0.0,1.6,0.4,-5.4,-5.6,7.0,0.8,0.8
250,Daniel Norris,DET,SP,SP,-7.0,40,-2.9,-2.6,0.0,0.0,0.2,-0.4,-4.9,-3.4,4.7,0.0,0.0
251,Jorge Lopez,KC,SP,SP,-7.0,47,-1.7,-1.4,0.0,0.0,-0.3,-1.9,-4.1,-2.2,3.2,0.0,0.0
252,Jose Cisnero,DET,RP,RP,-7.0,24,0.5,0.6,-4.8,-6.8,-1.3,-2.7,0.3,0.0,-0.2,3.8,-3.0
253,Peter Fairbanks,TB,RP,RP,-7.0,13,-1.9,-2.0,-4.8,-6.8,1.3,1.1,-3.7,0.0,4.2,0.4,-6.5
254,Brad Keller,KC,SP,SP,-7.1,48,-1.7,-1.4,0.0,0.0,0.5,-2.6,-4.3,-1.2,3.6,0.0,0.0
255,Adam Plutko,CLE,SP,SP,-7.2,55,-0.7,-0.5,0.0,0.0,-3.4,-1.3,-2.8,-1.7,1.0,0.0,0.0
256,Jose Urena,MIA,SP,SP,-7.3,54,-2.3,-2.0,0.0,0.0,-0.2,-2.1,-3.7,-0.5,0.2,0.0,0.0
257,Sandy Alcantara,MIA,SP,SP,-7.3,62,-2.0,-1.8,0.0,0.0,-0.8,-4.0,-1.6,0.8,-1.7,0.0,0.0
258,Collin McHugh,BOS,RP,RP,-7.3,14,-1.3,-1.3,-4.8,-6.8,0.5,1.1,-3.8,0.0,4.2,0.4,-6.5
259,Chris Stratton,PIT,RP,RP,-7.4,28,1.1,1.2,-4.8,-6.8,-1.3,-3.1,-0.2,2.4,-3.1,-1.3,-8.2
260,Zach Eflin,PHI,SP,SP,-7.4,54,-2.0,-1.8,0.0,0.0,-1.7,-1.6,-3.1,-1.2,0.6,0.0,0.0
261,Elieser Hernandez,MIA,SP,SP,-7.4,40,-4.2,-8.5,0.0,0.0,0.2,0.0,-4.4,-9.1,3.6,0.0,0.0
262,Marcus Stroman,NYM,SP,SP,-7.5,31,-4.5,-4.2,0.0,0.0,2.6,0.6,-7.3,-4.0,8.1,0.0,0.0
263,Justin Dunn,SEA,SP,SP,-7.5,41,-3.3,-3.0,0.0,0.0,0.2,-1.1,-4.3,-3.1,4.3,0.0,0.0
264,Steve Cishek,CHW,RP,RP,-7.5,22,0.5,0.6,-3.8,-5.5,-1.5,-2.3,-1.5,0.0,1.3,3.8,-1.7
265,Alex Cobb,BAL,SP,SP,-7.5,57,-1.4,-1.1,0.0,0.0,-1.5,-2.4,-3.2,-0.4,0.2,0.0,0.0
266,Sergio Romo,MIN,RP,RP,-7.5,22,0.5,0.6,-3.8,-5.5,-2.1,-1.2,-1.8,0.0,1.3,5.5,0.0
267,Zack Godley,BOS,SP,SP,-7.6,53,-0.1,-7.8,0.0,0.0,-1.6,-3.9,-3.0,-8.9,2.8,0.0,0.0
268,Hunter Wood,CLE,RP,RP,-7.6,17,-0.7,-0.7,-4.8,-6.8,-0.3,0.3,-3.2,0.0,2.7,0.4,-6.5
269,Luis Cessa,NYY,RP,RP,-7.7,23,1.1,1.2,-4.8,-6.8,-1.7,-1.8,-1.6,1.9,-0.2,0.4,-6.5
270,Hector Rondon,ARI,RP,RP,-7.7,20,-0.7,-0.7,-4.8,-6.8,-0.2,-0.7,-2.3,0.0,1.3,3.8,-3.0
271,Michael Wacha,NYM,SP,SP,-7.8,50,-2.0,-8.2,0.0,0.0,-0.5,-2.8,-3.4,-8.6,1.7,0.0,0.0
272,Darren O’Day,ATL,RP,RP,-7.8,17,-1.3,-1.3,-4.8,-6.8,0.1,0.1,-2.8,0.0,2.7,0.4,-6.5
273,Dakota Hudson,STL,SP,SP,-7.8,58,-0.7,-0.5,0.0,0.0,0.4,-5.2,-3.3,0.8,0.2,0.0,0.0
274,Taijuan Walker,SEA,SP,SP,-7.9,39,-3.9,-3.6,0.0,0.0,0.2,-0.1,-5.1,-3.6,4.7,0.0,0.0
275,Brent Suter,MIL,RP,RP,-7.9,19,-0.7,-0.7,-4.8,-6.8,-0.3,0.4,-3.5,1.4,1.3,0.4,-6.5
276,Jeff Samardzija,SF,SP,SP,-7.9,51,-3.3,-3.0,0.0,0.0,-0.6,-0.8,-4.2,-1.4,1.0,0.0,0.0
277,Justus Sheffield,SEA,SP,SP,-8.0,42,-3.3,-3.0,0.0,0.0,0.9,-2.4,-4.3,-2.4,4.3,0.0,0.0
278,Kyle Ryan,CHC,RP,RP,-8.1,24,1.1,1.2,-4.8,-6.8,-0.1,-3.5,-1.8,0.0,-0.2,3.8,-3.0
279,Trevor Williams,PIT,SP,SP,-8.2,59,-2.0,-1.8,0.0,0.0,-1.8,-3.1,-2.3,-0.1,-1.7,0.0,0.0
280,Sam Coonrod,SF,RP,RP,-8.2,20,-0.7,-0.7,-4.8,-6.8,0.2,-1.7,-2.3,0.0,0.5,0.4,-6.5
281,Jeffrey Springs,BOS,RP,RP,-8.2,15,-1.3,-4.6,-4.8,-6.8,0.1,0.0,-3.2,0.0,3.4,-3.1,-10.0
282,Luke Farrell,TEX,RP,RP,-8.2,21,-0.1,-0.1,-4.8,-6.8,-1.4,-1.6,-1.3,0.0,1.3,-1.3,-8.2
283,Trevor Cahill,SF,SP,SP,-8.2,42,-3.6,-3.2,0.0,0.0,1.0,-1.6,-5.1,-2.4,3.6,0.0,0.0
284,Tim Hill,SD,RP,RP,-8.2,16,-1.3,-1.3,-4.8,-6.8,1.4,0.2,-4.7,0.0,3.4,2.0,-4.8
285,Alec Mills,CHC,SP,SP,-8.3,37,-4.2,-3.8,0.0,0.0,0.8,0.1,-6.0,-6.1,6.6,0.8,0.8
286,Nick Pivetta,PHI,SP,SP,-8.3,26,-5.8,-7.0,0.0,0.0,1.9,1.5,-6.9,-8.6,9.2,0.8,0.8
287,Adam Cimber,CLE,RP,RP,-8.3,24,1.1,1.2,-4.8,-6.8,-0.9,-1.9,-2.8,0.0,0.5,5.5,-1.3
288,Kendall Graveman,SEA,SP,SP,-8.4,41,-3.6,-3.2,0.0,0.0,0.6,-0.6,-5.8,-2.9,4.3,0.0,0.0
289,Robbie Erlin,PIT,RP,RP,-8.5,22,-0.1,-0.1,-4.8,-6.8,-0.3,-1.1,-3.2,2.4,-0.2,-1.3,-8.2
290,J.B. Wendelken,OAK,RP,RP,-8.5,17,-0.7,-0.7,-4.8,-6.8,-0.2,-0.6,-3.2,0.0,2.7,-1.3,-8.2
291,Rowan Wick,CHC,RP,RP,-8.5,19,-0.7,-0.7,-4.8,-6.8,-0.1,-1.7,-2.3,0.0,2.0,3.8,-3.0
292,Kyle Freeland,COL,SP,SP,-8.5,62,-0.1,0.1,0.0,0.0,-2.3,-5.2,-1.8,0.4,-1.3,0.0,0.0
293,Ryan Weber,BOS,SP,SP,-8.6,41,-2.0,-1.8,0.0,0.0,0.2,-1.0,-6.7,-3.1,5.8,0.0,0.0
294,Jeff Brigham,MIA,RP,RP,-8.6,19,-1.3,-1.3,-4.8,-6.8,-0.4,-0.4,-2.7,0.0,1.3,2.0,-4.8
295,Andrew Kittredge,TB,RP,RP,-8.7,11,-2.5,-2.6,-4.8,-6.8,1.3,1.6,-5.3,0.0,4.9,0.4,-6.5
296,Jose Álvarez,PHI,RP,RP,-8.7,19,-0.7,-0.7,-4.8,-6.8,-0.1,-0.9,-3.2,0.0,2.0,5.5,-1.3
297,Dan Altavilla,SEA,RP,RP,-8.8,15,-1.9,-2.0,-4.8,-6.8,0.3,-0.6,-2.9,0.0,3.4,0.4,-6.5
298,Tyler Rogers,SF,RP,RP,-8.8,22,-0.1,-0.1,-2.8,-4.3,0.1,-3.3,-3.7,0.0,-0.2,3.8,-0.5
299,Tanner Scott,BAL,RP,RP,-8.8,13,-1.9,-2.0,-4.8,-6.8,1.1,-0.6,-3.6,0.0,4.2,0.4,-6.5
300,Richard Bleier,BAL,RP,RP,-8.8,26,1.7,1.8,-4.8,-6.8,-0.5,-2.8,-3.4,0.0,-0.9,3.8,-3.0
301,Paul Fry,BAL,RP,RP,-9.0,18,-0.7,-0.7,-3.8,-5.5,-0.1,-2.4,-2.9,0.0,2.0,2.0,-3.5
302,Derek Holland,PIT,SP,SP,-9.0,52,-2.6,-2.4,0.0,0.0,-1.1,-4.1,-2.2,-1.2,0.6,0.0,0.0
303,Mike Montgomery,KC,SP,SP,-9.0,46,-2.0,-8.2,0.0,0.0,0.1,-2.6,-5.5,-8.9,3.6,0.0,0.0
304,Asher Wojciechowski,BAL,SP,SP,-9.1,52,-2.9,-2.6,0.0,0.0,-3.2,-1.9,-2.1,-2.6,0.6,0.0,0.0
305,Kelvin Herrera,CHW,RP,RP,-9.1,17,-1.3,-1.3,-4.8,-6.8,-0.6,0.0,-3.4,0.0,2.7,2.0,-4.8
306,Brett Anderson,MIL,SP,SP,-9.1,45,-2.3,-2.0,0.0,0.0,0.7,-1.8,-6.7,-1.9,4.0,0.0,0.0
307,Framber Valdez,HOU,SP,SP,-9.2,17,-6.4,-6.0,0.0,0.0,3.3,1.8,-8.8,-8.4,12.2,0.8,0.8
308,Pierce Johnson,SD,RP,RP,-9.3,20,-0.7,-0.7,-4.8,-6.8,-0.7,-2.0,-2.2,0.0,1.3,0.4,-6.5
309,Jordan Romano,TOR,RP,RP,-9.3,17,-1.3,-1.3,-4.8,-6.8,-0.8,-0.2,-3.3,0.0,2.7,2.0,-4.8
310,Jonathan Hernandez,TEX,RP,RP,-9.3,17,-0.7,-0.7,-4.8,-6.8,0.1,-1.5,-3.5,0.0,2.7,-1.3,-8.2
311,Tyler Chatwood,CHC,SP,SP,-9.4,43,-2.3,-2.0,0.0,0.0,0.5,-4.4,-4.2,-2.4,4.3,0.0,0.0
312,Grant Dayton,ATL,RP,RP,-9.5,13,-1.9,-2.0,-4.8,-6.8,0.2,0.5,-4.6,0.0,4.2,-1.3,-8.2
313,Clay Holmes,PIT,RP,RP,-9.6,22,-0.1,-0.1,-4.8,-6.8,0.0,-4.3,-1.5,0.0,0.5,0.4,-6.5
314,Eric Lauer,MIL,SP,SP,-9.7,33,-4.5,-4.2,0.0,0.0,0.6,-0.3,-6.5,-4.7,6.6,0.0,0.0
315,Randy Dobnak,MIN,RP,RP,-9.7,19,0.5,0.6,-4.8,-6.8,-0.7,-0.9,-4.8,2.4,2.0,-1.3,-8.2
316,Yimi Garcia,MIA,RP,RP,-9.8,18,-1.3,-1.3,-4.8,-6.8,-1.1,-0.4,-3.3,0.0,1.3,2.0,-4.8
317,Miguel Castro,BAL,RP,RP,-9.8,22,-0.1,-0.1,-3.8,-5.5,-1.6,-4.0,-1.4,0.0,0.5,2.0,-3.5
318,Casey Sadler,CHC,RP,RP,-9.8,16,-1.3,-1.3,-4.8,-6.8,0.1,-0.3,-4.6,0.0,2.7,-1.3,-8.2
319,Tyler Alexander,DET,SP,SP,-9.8,29,-5.1,-4.8,0.0,0.0,1.0,1.3,-7.9,-5.9,8.1,0.8,0.8
320,Jordan Yamamoto,MIA,SP,SP,-9.8,33,-5.1,-4.8,0.0,0.0,0.8,-0.4,-6.1,-4.2,5.8,0.0,0.0
321,Duane Underwood Jr.,CHC,RP,RP,-9.9,17,-1.3,-1.3,-4.8,-6.8,-0.2,-0.8,-3.8,0.0,2.7,0.4,-6.5
322,Steven Brault,PIT,SP,SP,-9.9,49,-2.6,-2.4,0.0,0.0,-0.3,-4.4,-3.6,-1.7,1.3,0.0,0.0
323,Brad Peacock,HOU,SP,SP,-9.9,25,-5.8,-8.2,0.0,0.0,1.1,0.7,-7.0,-8.6,8.5,0.0,0.0
324,David McKay,DET,RP,RP,-9.9,19,-0.7,-0.7,-4.8,-6.8,-1.2,-2.4,-1.8,0.0,2.0,0.4,-6.5
325,Felix Pena,LAA,SP,SP,-10.0,22,-6.4,-6.0,0.0,0.0,1.9,1.7,-8.3,-8.6,10.3,0.8,0.8
326,Dennis Santana,LAD,RP,RP,-10.1,13,-1.9,-2.0,-4.8,-6.8,0.6,0.2,-5.2,1.4,4.2,-1.3,-8.2
327,Austin Pruitt,HOU,SP,SP,-10.1,22,-6.1,-5.8,0.0,0.0,2.0,1.8,-8.7,-8.9,10.7,0.8,0.8
328,Logan Allen,CLE,SP,SP,-10.1,25,-5.4,-7.0,0.0,0.0,1.5,0.7,-7.9,-8.6,9.6,0.0,0.0
329,Dustin May,LAD,SP,SP,-10.1,18,-6.7,-6.4,0.0,0.0,2.8,2.5,-9.7,-8.4,11.5,0.8,0.8
330,Adam Morgan,PHI,RP,RP,-10.2,16,-1.9,-2.0,-3.8,-5.5,-0.8,-0.4,-4.3,0.0,2.7,3.8,-1.7
331,Wander Suero,WSH,RP,RP,-10.2,15,-1.9,-2.0,-4.8,-6.8,0.0,-0.3,-4.3,0.0,3.4,2.0,-4.8
332,Cody Stashak,MIN,RP,RP,-10.2,13,-1.9,-2.0,-4.8,-6.8,-0.5,1.0,-5.1,0.0,4.2,0.4,-6.5
333,Taylor Clarke,ARI,SP,SP,-10.2,48,-2.6,-2.4,0.0,0.0,-1.6,-2.5,-4.5,-2.6,1.7,0.0,0.0
334,MacKenzie Gore,SD,SP,SP,-10.2,21,-6.4,-6.0,0.0,0.0,2.2,1.5,-8.5,-6.4,10.0,0.0,0.0
335,Tyler Clippard,MIN,RP,RP,-10.3,17,-1.3,-1.3,-4.8,-6.8,-1.6,-0.4,-3.2,0.0,2.7,2.0,-4.8
336,David Peterson,NYM,SP,SP,-10.3,12,-4.8,-4.4,0.0,0.0,2.7,1.7,-10.8,-9.1,9.2,0.0,0.0
337,Erick Fedde,WSH,SP,SP,-10.4,44,-2.6,-7.6,0.0,0.0,-0.2,-2.8,-5.9,-9.1,3.6,0.0,0.0
338,Devin Smeltzer,MIN,SP,SP,-10.4,21,-6.1,-5.8,0.0,0.0,1.7,1.9,-8.9,-8.9,10.7,0.8,0.8
339,Yoshihisa Hirano,SEA,RP,RP,-10.4,16,-1.9,-2.0,-2.8,-4.3,-0.7,-1.4,-4.6,0.0,2.7,2.0,-2.3
340,Jeremy Jeffress,CHC,RP,RP,-10.5,19,-0.7,-0.7,-4.8,-6.8,-0.2,-1.9,-3.9,0.0,2.0,2.0,-4.8
341,Brady Singer,KC,SP,SP,-10.7,31,-4.5,-4.2,0.0,0.0,1.1,-0.4,-7.8,-4.7,7.3,0.0,0.0
342,Wade Davis,COL,RP,RP,-10.7,18,-1.3,-1.3,-0.8,-1.7,-2.5,-3.9,-3.3,0.0,1.3,2.0,0.4
343,David Robertson,PHI,RP,RP,-10.7,11,-3.1,-3.2,-4.8,-6.8,0.7,0.7,-5.2,0.0,4.9,-1.3,-8.2
344,Matt Andriese,LAA,SP,SP,-10.8,19,-6.7,-6.4,0.0,0.0,2.2,1.9,-9.2,-8.9,11.1,0.8,0.8
345,Scott Alexander,LAD,RP,RP,-10.9,14,-1.9,-2.0,-4.8,-6.8,1.3,-0.5,-6.1,0.0,4.2,0.4,-6.5
346,Matt Wisler,MIN,RP,RP,-10.9,14,-1.9,-2.0,-4.8,-6.8,-0.5,0.6,-5.3,0.0,4.2,-1.3,-8.2
347,Alex Claudio,MIL,RP,RP,-10.9,24,0.5,0.6,-4.8,-6.8,-0.3,-3.4,-3.9,0.0,-0.2,5.5,-1.3
348,Brian Johnson,BOS,SP,SP,-10.9,40,-2.6,-6.6,0.0,0.0,-1.2,-2.5,-5.6,-9.1,5.5,0.0,0.0
349,Andrew Suarez,SF,RP,RP,-10.9,18,-1.3,-1.3,-4.8,-6.8,0.0,-1.1,-4.8,2.4,0.5,-1.3,-8.2
350,Ryan Tepera,CHC,RP,RP,-11.0,18,-0.7,-0.7,-4.8,-6.8,-1.1,-1.9,-3.6,0.0,2.0,2.0,-4.8
351,Evan Marshall,CHW,RP,RP,-11.0,16,-1.3,-1.3,-4.8,-6.8,-0.3,-1.1,-4.6,0.0,3.4,3.8,-3.0
352,David Phelps,MIL,RP,RP,-11.0,17,-1.3,-1.3,-4.8,-6.8,-0.8,-1.7,-3.4,0.0,2.7,2.0,-4.8
353,Luis Perdomo,SD,RP,RP,-11.1,15,-1.9,-2.0,-4.8,-6.8,0.4,-0.3,-5.6,0.0,3.4,0.4,-6.5
354,Shawn Armstrong,BAL,RP,RP,-11.3,15,-1.9,-2.0,-3.8,-5.5,-1.1,-1.3,-4.1,0.0,2.7,0.4,-5.2
355,Mike Mayers,LAA,RP,RP,-11.3,13,-1.9,-2.0,-4.8,-6.8,-0.2,0.0,-5.5,0.0,4.2,-1.3,-8.2
356,Stefan Crichton,ARI,RP,RP,-11.3,15,-1.9,-2.0,-4.8,-6.8,0.2,-0.7,-5.0,0.0,3.4,0.4,-6.5
357,Dereck Rodriguez,SF,RP,RP,-11.3,16,-1.9,-2.0,-4.8,-6.8,-0.3,-0.2,-5.2,0.0,2.0,-1.3,-8.2
358,Trey Wingenter,SD,RP,RP,-11.3,11,-3.1,-3.2,-4.8,-6.8,0.6,0.1,-5.2,0.0,4.9,0.4,-6.5
359,Shaun Anderson,SF,SP,SP,-11.3,25,-5.4,-5.2,0.0,0.0,1.7,0.4,-8.9,-5.6,8.8,0.0,0.0
360,Gregory Soto,DET,RP,RP,-11.3,20,-0.1,-0.1,-4.8,-6.8,-1.3,-3.8,-2.4,0.0,1.3,2.0,-4.8
361,Adam Conley,MIA,RP,RP,-11.4,17,-1.9,-2.0,-4.8,-6.8,-0.3,-1.1,-4.3,0.0,2.0,2.0,-4.8
362,Ivan Nova,DET,SP,SP,-11.4,54,-2.3,-2.0,0.0,0.0,-2.4,-2.6,-5.1,-1.4,0.6,0.0,0.0
363,Daniel Ponce De Leon,STL,SP,SP,-11.5,21,-7.0,-6.6,0.0,0.0,1.9,0.9,-8.2,-8.9,10.3,0.8,0.8
364,Wilmer Font,TOR,RP,RP,-11.5,10,-3.1,-3.2,-4.8,-6.8,0.2,1.2,-6.0,0.0,5.6,-1.3,-8.2
365,Taylor Guilbeau,SEA,RP,RP,-11.7,15,-1.9,-2.0,-4.8,-6.8,0.3,-1.3,-5.1,0.0,3.4,0.4,-6.5
366,Burch Smith,OAK,RP,RP,-11.9,15,-1.3,-1.3,-4.8,-6.8,-1.0,-1.5,-4.4,0.0,3.4,-1.3,-8.2
367,Brad Brach,NYM,RP,RP,-11.9,14,-2.5,-2.6,-4.8,-6.8,0.1,-0.8,-4.9,0.0,3.4,0.4,-6.5
368,Kevin McCarthy,KC,RP,RP,-12.0,22,0.5,0.6,-4.8,-6.8,-0.8,-3.5,-4.5,0.0,0.5,2.0,-4.8
369,Jeff Hoffman,COL,SP,SP,-12.0,39,-3.9,-3.6,0.0,0.0,-1.3,-2.6,-5.2,-4.2,4.3,0.0,0.0
370,Adam Kolarek,LAD,RP,RP,-12.0,12,-2.5,-2.6,-4.8,-6.8,1.0,0.2,-6.9,0.0,4.9,2.0,-4.8
371,Chase Anderson,TOR,SP,SP,-12.0,29,-5.4,-5.2,0.0,0.0,-0.4,0.2,-7.4,-5.9,7.3,0.0,0.0
372,Josh Tomlin,ATL,RP,RP,-12.0,18,-1.3,-1.3,-4.8,-6.8,-1.7,-0.1,-5.1,0.0,2.0,0.4,-6.5
373,David Hale,NYY,RP,RP,-12.0,16,-1.3,-1.3,-4.8,-6.8,-1.1,-0.7,-5.2,0.0,2.7,-1.3,-8.2
374,Tommy Milone,BAL,SP,SP,-12.1,31,-5.8,-5.4,0.0,0.0,-0.3,0.2,-7.3,-7.4,7.3,0.8,0.8
375,Zach Davies,SD,SP,SP,-12.2,49,-2.9,-2.6,0.0,0.0,-1.3,-3.1,-5.8,-2.2,1.3,0.0,0.0
376,Heath Hembree,BOS,RP,RP,-12.3,12,-2.5,-2.6,-4.8,-6.8,-0.6,-0.1,-5.4,0.0,4.9,0.4,-6.5
377,Justin Anderson,LAA,RP,RP,-12.3,12,-2.5,-2.6,-4.8,-6.8,0.2,-1.0,-5.3,0.0,4.9,0.4,-6.5
378,Bryan Garcia,DET,RP,RP,-12.3,18,-1.3,-1.3,-4.8,-6.8,-1.4,-2.6,-3.2,0.0,2.0,0.4,-6.5
379,Tony Gonsolin,LAD,SP,SP,-12.4,15,-7.6,-7.2,0.0,0.0,2.1,2.0,-9.9,-8.9,11.8,0.0,0.0
380,Chance Adams,KC,RP,RP,-12.4,18,-1.3,-1.3,-4.8,-6.8,-1.4,-2.3,-3.6,0.0,2.0,-1.3,-8.2
381,Alex Reyes,STL,RP,RP,-12.5,10,-3.1,-3.2,-4.8,-6.8,0.5,-0.3,-5.9,0.0,4.9,-1.3,-8.2
382,A.J. Cole,TOR,RP,RP,-12.6,12,-2.5,-2.6,-4.8,-6.8,-0.7,-0.1,-5.6,0.0,4.2,-1.3,-8.2
383,Austin Gomber,STL,SP,SP,-12.6,15,-7.6,-7.2,0.0,0.0,2.4,1.6,-9.9,-8.6,11.5,0.8,0.8
384,Dean Kremer,BAL,SP,SP,-12.7,31,-5.4,-5.2,0.0,0.0,-0.3,-1.2,-6.7,-5.4,6.6,0.0,0.0
385,Parker Markel,LAA,RP,RP,-12.8,9,-3.1,-3.2,-4.8,-6.8,0.4,-0.1,-6.2,0.0,5.6,-1.3,-8.2
386,Cal Quantrill,SD,SP,SP,-12.9,16,-7.6,-7.2,0.0,0.0,2.1,1.8,-10.3,-8.9,11.5,0.0,0.0
387,Bryse Wilson,ATL,SP,SP,-12.9,12,-8.0,-7.6,0.0,0.0,2.5,2.2,-10.6,-8.6,12.2,0.0,0.0
388,Francisco Liriano,PIT,RP,RP,-13.0,13,-2.5,-2.6,-4.8,-6.8,0.0,-1.4,-5.4,0.0,3.4,0.4,-6.5
389,Jose Suarez,LAA,SP,SP,-13.0,9,-7.3,-7.0,0.0,0.0,2.4,2.1,-11.2,-10.1,11.5,0.0,0.0
390,Deolis Guerra,PHI,RP,RP,-13.0,9,-3.7,-4.0,-4.8,-6.8,0.4,0.9,-6.7,0.0,5.6,-1.3,-8.2
391,Robert Gsellman,NYM,RP,RP,-13.1,12,-2.5,-2.6,-4.8,-6.8,-0.1,-0.4,-6.3,0.0,4.2,-1.3,-8.2
392,Nestor Cortes,SEA,RP,RP,-13.1,11,-3.1,-3.2,-4.8,-6.8,-0.1,0.1,-6.3,0.0,4.9,-1.3,-8.2
393,Sterling Sharp,MIA,RP,RP,-13.1,13,-2.5,-2.6,-4.8,-6.8,0.5,-0.7,-6.6,0.0,3.4,-1.3,-8.2
394,Dany Jimenez,SF,RP,RP,-13.1,11,-3.1,-3.2,-4.8,-6.8,0.3,-0.5,-6.1,0.0,4.2,-1.3,-8.2
395,Jimmy Cordero,CHW,RP,RP,-13.2,12,-2.5,-2.6,-4.8,-6.8,0.0,-1.1,-5.9,0.0,4.9,0.4,-6.5
396,Glenn Sparkman,KC,SP,SP,-13.2,49,-2.6,-2.4,0.0,0.0,-2.5,-3.1,-5.9,-2.9,1.7,0.0,0.0
397,Jesse Hahn,KC,SP,SP,-13.3,17,-7.3,-7.0,0.0,0.0,2.1,1.0,-10.0,-8.6,11.5,0.8,0.8
398,Carl Edwards Jr.,SEA,RP,RP,-13.3,12,-3.1,-3.2,-4.8,-6.8,-0.2,-1.0,-5.2,0.0,4.2,0.4,-6.5
399,Austin Davis,PHI,RP,RP,-13.3,10,-3.1,-3.2,-4.8,-6.8,0.0,-0.2,-6.3,0.0,4.9,-1.3,-8.2
400,Tyler Webb,STL,RP,RP,-13.4,14,-2.5,-2.6,-4.8,-6.8,-0.3,-1.1,-5.8,0.0,3.4,0.4,-6.5
401,Phil Maton,CLE,RP,RP,-13.4,10,-3.1,-3.2,-4.8,-6.8,-0.1,0.2,-6.6,0.0,4.9,-1.3,-8.2
402,Tommy Hunter,PHI,RP,RP,-13.5,11,-3.1,-3.2,-4.8,-6.8,-0.1,0.1,-6.6,0.0,4.2,-1.3,-8.2
403,Yoan Lopez,ARI,RP,RP,-13.6,14,-2.5,-2.6,-4.8,-6.8,-0.7,-1.2,-5.6,0.0,3.4,2.0,-4.8
404,Tanner Houck,BOS,SP,SP,-13.6,25,-5.4,-5.2,0.0,0.0,0.4,-1.1,-8.5,-6.4,9.2,0.0,0.0
405,Richard Lovelady,KC,RP,RP,-13.7,9,-3.1,-3.2,-4.8,-6.8,0.5,0.0,-7.3,0.0,5.6,-1.3,-8.2
406,David Bednar,SD,RP,RP,-13.7,9,-3.7,-4.0,-4.8,-6.8,0.5,0.2,-6.9,0.0,5.6,-1.3,-8.2
407,T.J. McFarland,OAK,RP,RP,-13.8,22,0.5,0.6,-4.8,-6.8,-0.8,-4.5,-5.3,0.0,1.3,2.0,-4.8
408,Cy Sneed,HOU,RP,RP,-13.8,9,-3.1,-3.2,-4.8,-6.8,0.0,0.3,-7.3,0.0,5.6,-1.3,-8.2
409,Corey Oswalt,NYM,SP,SP,-13.8,14,-8.0,-7.6,0.0,0.0,2.0,1.7,-10.5,-9.1,11.8,0.0,0.0
410,Matt Hall,BOS,SP,SP,-13.8,11,-8.0,-7.0,0.0,0.0,2.4,1.7,-10.9,-8.6,13.0,0.0,0.0
411,Reyes Moronta,SF,RP,RP,-13.9,8,-3.7,-4.0,-4.8,-6.8,0.5,0.0,-6.9,0.0,5.6,0.4,-6.5
412,Cole Sulser,BAL,RP,RP,-13.9,9,-3.7,-4.0,-4.8,-6.8,0.0,0.2,-6.6,0.0,5.6,-1.3,-8.2
413,Rogelio Armenteros,HOU,SP,SP,-13.9,10,-8.3,-7.8,0.0,0.0,2.2,2.1,-11.0,-9.4,12.6,0.0,0.0
414,Aaron Loup,TB,RP,RP,-14.0,8,-3.7,-4.0,-4.8,-6.8,0.5,0.4,-7.5,0.0,5.6,0.4,-6.5
415,Jonathan Holder,NYY,RP,RP,-14.0,9,-3.1,-3.2,-4.8,-6.8,-0.4,0.3,-7.1,0.0,5.6,-1.3,-8.2
416,Michael Pineda,MIN,SP,SP,-14.1,8,-8.3,-7.8,0.0,0.0,2.3,2.4,-11.5,-8.9,13.3,0.0,0.0
417,Dylan Floro,LAD,RP,RP,-14.2,9,-3.1,-3.2,-4.8,-6.8,0.4,0.2,-7.9,0.0,5.6,-1.3,-8.2
418,James Hoyt,CLE,RP,RP,-14.2,8,-3.7,-4.0,-4.8,-6.8,0.3,0.4,-7.4,0.0,5.6,-1.3,-8.2
419,Caleb Ferguson,LAD,RP,RP,-14.2,6,-4.3,-4.6,-4.8,-6.8,0.8,0.9,-7.8,0.0,6.3,-1.3,-8.2
420,Tyler Anderson,SF,SP,SP,-14.3,10,-8.6,-8.2,0.0,0.0,2.4,2.1,-11.2,-8.4,12.2,0.0,0.0
421,Wade LeBlanc,BAL,SP,SP,-14.3,53,-2.9,-2.6,0.0,0.0,-3.6,-4.3,-4.5,-2.4,-0.2,0.0,0.0
422,Brian Moran,TOR,RP,RP,-14.3,9,-3.7,-4.0,-4.8,-6.8,0.4,0.0,-7.2,0.0,4.9,-1.3,-8.2
423,Ryne Harper,WSH,RP,RP,-14.3,9,-3.7,-4.0,-4.8,-6.8,0.2,0.3,-7.4,0.0,5.6,-1.3,-8.2
424,Drew Steckenrider,MIA,RP,RP,-14.3,8,-3.7,-4.0,-4.8,-6.8,0.2,0.2,-7.3,0.0,5.6,-1.3,-8.2
425,Michael King,NYY,SP,SP,-14.3,12,-8.0,-7.6,0.0,0.0,1.9,1.8,-11.0,-8.9,12.2,0.0,0.0
426,Genesis Cabrera,STL,RP,RP,-14.3,8,-3.7,-4.0,-4.8,-6.8,0.4,0.3,-7.5,0.0,5.6,-1.3,-8.2
427,Randy Rosario,KC,RP,RP,-14.4,15,-1.9,-2.0,-4.8,-6.8,-0.4,-2.3,-5.9,0.0,3.4,-1.3,-8.2
428,Stephen Tarpley,MIA,RP,RP,-14.4,8,-3.7,-4.0,-4.8,-6.8,0.8,-0.2,-7.5,0.0,5.6,-1.3,-8.2
429,Alex Young,ARI,SP,SP,-14.4,12,-8.3,-7.8,0.0,0.0,2.3,1.6,-11.0,-9.4,12.2,0.8,0.8
430,Casey Mize,DET,SP,SP,-14.4,17,-7.3,-7.0,0.0,0.0,1.2,0.9,-10.2,-7.4,10.3,0.0,0.0
431,Yohan Ramirez,SEA,RP,RP,-14.4,11,-3.1,-3.2,-4.8,-6.8,-0.1,-2.0,-5.4,0.0,4.2,-1.3,-8.2
432,Walker Lockett,NYM,SP,SP,-14.5,13,-8.0,-7.6,0.0,0.0,2.0,1.6,-11.1,-8.9,11.8,0.0,0.0
433,Dillon Tate,BAL,RP,RP,-14.5,14,-2.5,-2.6,-4.8,-6.8,-0.7,-1.2,-6.3,0.0,3.4,-1.3,-8.2
434,Kyle Wright,ATL,SP,SP,-14.5,9,-8.3,-7.8,0.0,0.0,2.3,1.8,-11.3,-8.6,12.6,0.0,0.0
435,Rony Garcia,DET,RP,RP,-14.5,15,-1.9,-2.0,-4.8,-6.8,-1.8,-1.5,-5.5,0.0,2.7,-1.3,-8.2
436,Austin Brice,BOS,RP,RP,-14.6,10,-3.1,-3.2,-4.8,-6.8,-0.5,-0.3,-7.0,0.0,4.9,-1.3,-8.2
437,Nate Jones,CIN,RP,RP,-14.6,8,-3.7,-4.0,-4.8,-6.8,0.1,0.1,-7.4,0.0,5.6,-1.3,-8.2
438,Joe Biagini,HOU,RP,RP,-14.7,9,-3.1,-3.2,-4.8,-6.8,-0.1,-0.2,-7.5,0.0,5.6,-1.3,-8.2
439,Jharel Cotton,CHC,RP,RP,-14.7,9,-3.7,-4.0,-4.8,-6.8,-0.1,0.2,-7.3,0.0,5.6,-1.3,-8.2
440,Jarlin Garcia,SF,RP,RP,-14.7,12,-3.1,-3.2,-4.8,-6.8,-0.2,-0.8,-6.9,0.0,4.2,-1.3,-8.2
441,Carson Fulmer,CHW,RP,RP,-14.7,12,-2.5,-2.6,-4.8,-6.8,-1.0,-1.8,-5.6,0.0,4.2,-1.3,-8.2
442,Lewis Thorpe,MIN,SP,SP,-14.7,6,-8.9,-8.5,0.0,0.0,2.6,2.4,-11.8,-9.8,13.7,0.0,0.0
443,Ian Hamilton,CHW,RP,RP,-14.7,7,-3.7,-4.0,-4.8,-6.8,0.2,0.4,-7.8,0.0,6.3,-1.3,-8.2
444,Anthony Kay,TOR,SP,SP,-14.7,12,-8.0,-7.6,0.0,0.0,1.7,1.2,-10.6,-8.9,11.8,0.0,0.0
445,Tarik Skubal,DET,SP,SP,-14.7,9,-8.6,-8.2,0.0,0.0,2.2,1.9,-11.3,-8.9,13.0,0.0,0.0
446,Trevor Rosenthal,KC,RP,RP,-14.8,9,-3.7,-4.0,-4.8,-6.8,0.1,-0.9,-6.6,0.0,5.6,-1.3,-8.2
447,Josh Staumont,KC,RP,RP,-14.8,9,-3.7,-4.0,-4.8,-6.8,0.0,-0.9,-6.4,0.0,5.6,-1.3,-8.2
448,Jon Duplantier,ARI,RP,RP,-14.8,9,-3.7,-4.0,-4.8,-6.8,0.2,-0.6,-7.0,0.0,5.6,-3.1,-10.0
449,Kyle McGowin,WSH,SP,SP,-14.8,8,-8.6,-8.2,0.0,0.0,2.3,2.2,-11.7,-9.4,13.0,0.0,0.0
450,Touki Toussaint,ATL,RP,RP,-14.8,8,-3.7,-4.0,-4.8,-6.8,0.1,-0.3,-7.2,0.5,5.6,-1.3,-8.2
451,Sixto Sanchez,MIA,SP,SP,-14.8,13,-8.3,-7.8,0.0,0.0,2.2,1.5,-11.2,-7.9,11.5,0.0,0.0
452,Ian Anderson,ATL,SP,SP,-14.8,10,-8.3,-7.8,0.0,0.0,2.1,1.3,-10.9,-8.4,12.2,0.0,0.0
453,Forrest Whitley,HOU,SP,SP,-14.8,8,-8.3,-7.8,0.0,0.0,2.1,1.6,-11.3,-8.9,13.0,0.0,0.0
454,Wandy Peralta,SF,RP,RP,-15.0,12,-3.1,-3.2,-4.8,-6.8,0.1,-1.3,-6.9,0.0,4.2,0.4,-6.5
455,Hector Santiago,DET,RP,RP,-15.0,10,-3.1,-3.2,-4.8,-6.8,-0.8,-0.7,-6.7,0.0,4.9,-1.3,-8.2
456,Adbert Alzolay,CHC,SP,SP,-15.0,9,-8.6,-8.2,0.0,0.0,2.1,1.8,-11.3,-9.4,13.0,0.0,0.0
457,Kolby Allard,TEX,SP,SP,-15.0,9,-8.3,-7.8,0.0,0.0,2.2,1.7,-11.6,-8.9,13.0,0.0,0.0
458,Ryan Borucki,TOR,SP,SP,-15.1,10,-8.3,-7.8,0.0,0.0,2.0,1.5,-11.3,-8.6,12.6,0.0,0.0
459,Edgar Santana,PIT,RP,RP,-15.1,9,-3.7,-4.0,-4.8,-6.8,0.0,-0.1,-7.5,0.0,4.9,-1.3,-8.2
460,Homer Bailey,MIN,SP,SP,-15.1,10,-8.3,-7.8,0.0,0.0,1.9,1.8,-11.5,-8.9,12.6,0.0,0.0
461,Dillon Peters,LAA,SP,SP,-15.3,8,-8.9,-8.5,0.0,0.0,2.4,2.1,-11.9,-10.1,13.3,0.0,0.0
462,Dovydas Neverauskas,PIT,RP,RP,-15.3,8,-3.7,-4.0,-4.8,-6.8,0.0,-0.5,-7.4,0.0,5.6,-1.3,-8.2
463,Drew Smith,NYM,RP,RP,-15.3,9,-3.7,-4.0,-4.8,-6.8,-0.2,-0.2,-7.4,0.0,4.9,-1.3,-8.2
464,Joely Rodriguez,TEX,RP,RP,-15.4,9,-3.1,-3.2,-4.8,-6.8,0.0,-0.9,-7.6,0.0,5.6,-1.3,-8.2
465,Jake Faria,MIL,SP,SP,-15.4,8,-8.9,-8.5,0.0,0.0,2.2,1.8,-11.5,-10.1,13.0,0.0,0.0
466,Cole Irvin,PHI,SP,SP,-15.4,9,-8.9,-8.5,0.0,0.0,2.1,2.0,-11.7,-10.1,13.0,0.0,0.0
467,Jefry Rodriguez,CLE,SP,SP,-15.4,11,-8.3,-7.8,0.0,0.0,1.8,1.1,-11.1,-9.6,12.6,0.0,0.0
468,Evan Phillips,BAL,RP,RP,-15.4,9,-3.7,-4.0,-4.8,-6.8,-0.2,-0.9,-6.8,0.0,4.9,0.4,-6.5
469,John Schreiber,DET,RP,RP,-15.4,9,-3.7,-4.0,-4.8,-6.8,-0.4,-0.3,-7.3,0.0,5.6,-1.3,-8.2
470,Eric Skoglund,KC,SP,SP,-15.5,29,-6.1,-5.8,0.0,0.0,-0.3,-1.0,-9.2,-6.6,7.3,0.0,0.0
471,Dario Agrazal,DET,RP,RP,-15.5,9,-3.7,-4.0,-4.8,-6.8,-0.1,0.3,-8.2,0.0,4.9,-1.3,-8.2
472,Keegan Akin,BAL,SP,SP,-15.6,21,-7.3,-7.0,0.0,0.0,0.3,-0.8,-8.7,-7.2,9.2,0.0,0.0
473,Conner Menez,SF,SP,SP,-15.6,5,-9.2,-8.8,0.0,0.0,2.6,2.1,-12.1,-9.8,13.7,0.0,0.0
474,Dan Winkler,CHC,RP,RP,-15.7,10,-3.1,-3.2,-4.8,-6.8,-0.7,-1.3,-6.8,0.0,4.9,0.4,-6.5
475,Anthony Banda,TB,RP,RP,-15.7,5,-4.3,-4.6,-4.8,-6.8,0.4,0.6,-8.7,0.0,7.0,-3.1,-10.0
476,Kohl Stewart,BAL,SP,SP,-15.7,22,-7.0,-7.6,0.0,0.0,0.8,-0.9,-9.6,-9.1,9.6,0.0,0.0
477,Matt Manning,DET,SP,SP,-15.7,10,-8.6,-8.2,0.0,0.0,1.8,1.2,-11.2,-8.6,12.2,0.0,0.0
478,Robert Dugger,MIA,SP,SP,-15.7,13,-8.6,-8.2,0.0,0.0,1.7,1.3,-11.1,-8.9,11.5,0.0,0.0
479,Luis Patino,SD,SP,SP,-15.7,8,-8.9,-8.5,0.0,0.0,2.1,1.7,-11.7,-9.1,13.0,0.0,0.0
480,Michel Baez,SD,RP,RP,-15.7,7,-4.3,-4.6,-4.8,-6.8,0.2,0.3,-8.1,0.0,6.3,-1.3,-8.2
481,Bryan Shaw,FA,RP,RP,-15.7,11,-3.1,-3.2,-4.8,-6.8,-0.6,-1.2,-7.1,0.0,4.9,0.4,-6.5
482,Antonio Senzatela,COL,SP,SP,-15.8,54,-2.0,-1.8,0.0,0.0,-3.1,-6.3,-5.4,-1.9,-0.2,0.0,0.0
483,Phillips Valdez,BOS,SP,SP,-15.8,10,-8.6,-8.2,0.0,0.0,2.0,1.3,-11.5,-9.4,12.6,0.0,0.0
484,Enyel De Los Santos,PHI,SP,SP,-15.8,10,-8.6,-8.2,0.0,0.0,1.8,1.4,-11.4,-8.9,12.2,0.0,0.0
485,Daniel Mengden,OAK,SP,SP,-15.9,10,-8.3,-7.8,0.0,0.0,1.7,1.3,-11.7,-8.6,12.6,0.0,0.0
486,Devin Williams,MIL,RP,RP,-15.9,9,-3.7,-4.0,-4.8,-6.8,-0.4,-1.1,-7.0,0.0,4.9,-1.3,-8.2
487,Sean Poppen,MIN,SP,SP,-15.9,6,-9.2,-8.8,0.0,0.0,2.4,2.0,-12.0,-10.1,13.7,0.0,0.0
488,Luis Avilan,NYY,RP,RP,-16.0,8,-3.7,-4.0,-4.8,-6.8,-0.3,-0.6,-7.5,0.0,5.6,0.4,-6.5
489,Dylan Covey,BOS,SP,SP,-16.0,9,-8.6,-8.2,0.0,0.0,1.8,1.3,-11.6,-8.9,12.6,0.0,0.0
490,Jake McGee,FA,RP,RP,-16.0,10,-3.7,-4.0,-4.8,-6.8,-0.8,-0.4,-7.4,0.0,4.9,0.4,-6.5
491,Erasmo Ramirez,NYM,SP,SP,-16.1,8,-8.9,-8.5,0.0,0.0,2.0,1.8,-12.0,-9.8,13.0,0.0,0.0
492,Colin Rea,CHC,SP,SP,-16.1,12,-8.3,-7.8,0.0,0.0,1.6,0.8,-11.2,-8.9,11.8,0.0,0.0
493,Taylor Cole,LAA,RP,RP,-16.1,5,-4.3,-4.6,-4.8,-6.8,0.4,0.3,-8.8,0.0,7.0,-3.1,-10.0
494,JT Brubaker,PIT,SP,SP,-16.1,7,-9.2,-8.8,0.0,0.0,2.3,1.9,-12.1,-9.6,13.3,0.0,0.0
495,Edward Cabrera,MIA,SP,SP,-16.1,8,-8.9,-8.5,0.0,0.0,2.2,1.4,-11.8,-9.1,12.6,0.0,0.0
496,Sam Freeman,WSH,RP,RP,-16.1,7,-3.7,-4.0,-4.8,-6.8,0.1,-0.5,-8.2,0.0,6.3,-1.3,-8.2
497,Jerad Eickhoff,SD,SP,SP,-16.2,6,-9.2,-8.8,0.0,0.0,2.1,2.1,-12.2,-10.1,13.3,0.0,0.0
498,Cody Carroll,BAL,RP,RP,-16.2,10,-3.7,-4.0,-4.8,-6.8,-0.8,-1.4,-6.5,0.0,4.9,-1.3,-8.2
499,Jacob Waguespack,TOR,SP,SP,-16.2,6,-9.2,-8.8,0.0,0.0,2.2,1.9,-12.1,-10.1,13.3,0.0,0.0
500,Hector Velazquez,BAL,SP,SP,-16.3,9,-8.6,-8.2,0.0,0.0,1.7,1.2,-11.6,-9.6,11.8,0.0,0.0
501,Javy Guerra,WSH,RP,RP,-16.4,10,-3.7,-4.0,-4.8,-6.8,-0.7,-0.7,-7.5,0.0,4.9,-1.3,-8.2
502,Yohander Mendez,TEX,RP,RP,-16.5,5,-4.3,-4.6,-4.8,-6.8,0.2,0.2,-8.8,0.0,6.3,-3.1,-10.0
503,Thomas Hatch,TOR,SP,SP,-16.5,6,-9.2,-8.8,0.0,0.0,2.0,1.8,-12.1,-10.1,13.3,0.0,0.0
504,Phillip Diehl,COL,RP,RP,-16.5,9,-3.7,-4.0,-4.8,-6.8,-0.6,-0.9,-7.5,0.0,4.9,-1.3,-8.2
505,James Pazos,COL,RP,RP,-16.6,12,-3.1,-3.2,-4.8,-6.8,-1.0,-2.1,-6.6,0.0,4.2,0.4,-6.5
506,Justin Grimm,MIL,RP,RP,-16.8,7,-4.3,-4.6,-4.8,-6.8,-0.4,-0.5,-7.8,0.0,5.6,-1.3,-8.2
507,Yency Almonte,COL,RP,RP,-16.8,15,-2.5,-2.6,-4.8,-6.8,-2.0,-3.2,-5.4,0.0,2.7,-1.3,-8.2
508,Paul Blackburn,OAK,RP,RP,-16.9,6,-4.3,-4.6,-4.8,-6.8,0.2,0.3,-9.3,0.0,6.3,-3.1,-10.0
509,Ronald Bolanos,KC,SP,SP,-16.9,6,-9.2,-8.8,0.0,0.0,2.0,1.4,-12.2,-9.4,13.3,0.0,0.0
510,Shelby Miller,MIL,SP,SP,-17.0,9,-8.9,-8.5,0.0,0.0,1.6,1.0,-11.7,-9.1,12.2,0.0,0.0
511,Chi Chi Gonzalez,COL,SP,SP,-17.0,8,-8.9,-8.5,0.0,0.0,1.8,1.1,-12.0,-9.6,13.0,0.0,0.0
512,Peter Lambert,COL,SP,SP,-17.1,9,-8.9,-8.5,0.0,0.0,1.6,1.2,-12.0,-9.1,12.2,0.0,0.0
513,Bruce Zimmermann,BAL,SP,SP,-17.1,6,-9.2,-8.8,0.0,0.0,1.9,1.5,-12.3,-9.6,13.3,0.0,0.0
514,Travis Lakins,BAL,RP,RP,-17.2,9,-3.7,-4.0,-4.8,-6.8,-0.8,-1.2,-7.6,0.0,4.9,-1.3,-8.2
515,Brett Cecil,STL,RP,RP,-17.8,7,-4.3,-4.6,-4.8,-6.8,-0.3,-0.6,-8.8,0.0,5.6,-1.3,-8.2
516,Jordan Weems,OAK,RP,RP,-17.8,9,-3.7,-4.0,-4.8,-6.8,-1.0,-1.9,-7.5,0.0,5.6,-1.3,-8.2
517,Elvis Luciano,TOR,RP,RP,-17.8,9,-3.7,-4.0,-4.8,-6.8,-1.1,-1.6,-7.6,0.0,4.9,-1.3,-8.2
518,Trevor Oaks,SF,RP,RP,-17.9,5,-4.3,-4.6,-4.8,-6.8,-0.2,-0.1,-9.5,0.0,6.3,-3.1,-10.0
519,Tyler Kinley,COL,RP,RP,-18.2,9,-3.7,-4.0,-4.8,-6.8,-1.3,-2.2,-7.3,0.0,4.9,-1.3,-8.2
520,Daniel Bard,COL,RP,RP,-18.9,9,-3.7,-4.0,-4.8,-6.8,-1.3,-2.6,-7.5,0.0,4.9,-1.3,-8.2
