#,Name,Team,Pos,MVPos,5×5 $,PA,$R,$HR,$RBI,$SB,$AVG (no OBP),$AVG (w/ OBP),$OBP (no AVG),$OBP (w/ AVG),$OPS,$SLG,$K,$TB
1,Christian Yelich,MIL,OF,OF,40.5,245,7.1,5.9,7.0,9.5,10.0,11.0,13.4,13.4,9.2,8.4,0.7,6.8
2,Ronald Acuna Jr.,ATL,OF,OF,39.0,249,7.7,6.7,5.1,14.2,4.4,4.7,5.3,5.2,4.9,5.7,-3.2,6.0
3,Cody Bellinger,LAD,1B/OF,OF,38.4,245,7.3,8.2,11.4,4.7,5.7,6.2,10.1,10.1,8.8,9.1,2.7,7.2
4,Francisco Lindor,CLE,SS,SS,36.5,250,7.3,5.9,6.2,9.0,7.0,7.7,5.1,4.9,5.7,6.6,5.8,7.0
5,Jose Ramirez,CLE,3B,3B,33.2,241,5.9,4.5,6.6,10.6,4.5,4.9,6.8,6.6,5.5,5.8,7.4,5.4
6,Mike Trout,LAA,OF,OF,32.6,236,7.6,7.3,6.0,4.6,6.1,6.8,17.5,17.5,10.7,9.1,1.5,5.3
7,Trevor Story,COL,SS,SS,32.6,247,6.8,6.3,6.8,8.3,3.4,3.8,2.4,2.0,4.7,6.4,-4.9,6.7
8,Trea Turner,WSH,SS,SS,32.5,244,5.0,1.1,1.5,18.0,5.9,6.2,3.5,3.2,1.5,1.7,2.4,3.9
9,Nolan Arenado,COL,3B,3B,30.9,240,6.3,7.2,10.3,-1.2,7.2,7.8,7.0,6.8,7.5,8.4,4.3,7.1
10,Rafael Devers,BOS,3B,3B,30.8,246,6.8,5.5,7.0,2.5,7.9,8.9,4.0,3.7,5.5,7.0,2.4,7.2
11,J.D. Martinez,BOS,OF,OF,30.3,239,5.8,7.3,10.0,-1.5,7.7,8.5,7.9,7.7,7.6,8.3,-1.3,7.0
12,Mookie Betts,LAD,OF,OF,30.0,255,9.0,4.4,4.3,7.5,3.7,4.1,7.0,6.8,4.8,4.8,5.2,5.6
13,Juan Soto,WSH,OF,OF,28.5,248,5.9,6.0,7.5,2.2,5.9,5.0,9.4,9.4,5.9,6.9,1.8,5.8
14,Giancarlo Stanton,NYY,OF,OF,28.4,221,5.4,10.1,10.4,-1.5,3.0,3.1,5.3,5.2,7.8,9.7,-4.3,6.2
15,Alex Bregman,HOU,SS/3B,SS,28.1,252,7.8,5.3,7.7,0.8,5.5,6.0,12.0,11.9,7.2,6.4,6.6,5.9
16,Javier Baez,CHC,SS,SS,26.4,244,4.1,5.1,7.0,5.8,3.4,3.8,-1.8,-2.2,2.1,4.5,-4.5,6.2
17,Bryce Harper,PHI,OF,OF,26.1,247,5.7,7.6,7.0,3.6,1.1,1.1,9.7,9.6,6.6,6.5,-3.5,5.3
18,George Springer,HOU,OF,OF,24.7,248,9.0,5.6,4.0,1.8,3.2,3.5,6.1,5.9,4.4,4.6,0.9,5.1
19,Gleyber Torres,NYY,2B/SS,SS,24.5,242,5.0,6.3,7.6,1.0,3.5,4.0,2.7,2.4,3.5,4.9,0.8,5.6
20,Starling Marte,ARI,OF,OF,24.5,229,3.7,1.7,1.6,11.7,4.8,5.5,0.8,0.5,1.6,2.7,3.3,3.7
21,Jose Altuve,HOU,2B,2B,23.9,241,5.7,1.9,3.9,3.9,7.5,8.2,5.5,5.4,3.1,3.0,5.6,4.4
22,Keston Hiura,MIL,2B,2B,23.7,245,4.3,4.4,5.8,5.0,3.2,3.4,1.2,1.0,2.5,3.8,-4.3,5.3
23,Ozzie Albies,ATL,2B,2B,23.6,245,5.3,2.5,4.0,5.0,5.7,6.1,2.4,2.2,2.5,3.5,4.8,5.2
24,Charlie Blackmon,COL,OF,OF,23.4,236,5.0,3.7,5.7,1.0,7.0,7.8,4.3,4.1,4.5,5.3,2.7,5.5
25,Freddie Freeman,ATL,1B,1B,23.3,232,4.5,4.7,6.1,0.7,6.2,7.0,9.2,9.1,6.4,6.3,2.4,5.0
26,Fernando Tatis Jr.,SD,SS,SS,23.0,235,4.2,3.5,2.1,10.3,1.8,2.2,1.0,0.7,1.8,3.0,-3.3,4.0
27,Nelson Cruz,MIN,DH,DH,22.7,226,4.5,6.7,8.2,-2.1,4.3,5.0,6.0,5.9,6.0,6.6,-0.9,5.0
28,Adalberto Mondesi,KC,SS,SS,22.6,224,0.2,0.4,-0.4,22.8,-1.4,-1.4,-6.0,-6.4,-3.0,-0.6,-3.1,1.9
29,Luis Robert,CHW,OF,OF,22.6,221,2.4,2.9,2.8,10.0,3.5,3.7,-1.3,-1.7,1.5,3.3,-1.2,3.6
30,Manny Machado,SD,SS/3B,SS,22.3,245,4.1,6.3,6.7,1.0,3.1,3.5,3.0,2.8,4.0,5.2,3.1,5.8
31,Ketel Marte,ARI,2B/OF,2B,21.8,246,6.0,1.6,3.1,2.1,7.9,8.8,5.7,5.5,3.8,3.9,6.2,5.3
32,Yoan Moncada,CHW,3B,3B,21.4,249,6.4,3.6,3.4,3.9,3.0,3.5,3.0,2.8,2.5,3.0,-5.4,4.8
33,Pete Alonso,NYM,1B,1B,21.0,244,5.2,8.9,8.4,-1.8,-0.8,-1.1,2.8,2.5,4.8,6.5,-3.3,6.0
34,Josh Donaldson,MIN,3B,3B,20.9,235,5.5,5.9,7.5,-0.7,1.8,2.2,9.1,9.0,5.9,5.4,-0.7,4.2
35,Kris Bryant,CHC,3B/OF,3B,20.8,248,7.6,4.3,4.1,0.2,3.6,4.0,9.5,9.4,5.2,4.5,-1.2,4.6
36,Bo Bichette,TOR,SS,SS,20.2,234,3.1,0.8,0.6,11.1,3.6,4.1,0.1,-0.2,0.0,1.1,1.1,3.2
37,J.T. Realmuto,PHI,C,C,20.0,206,3.5,4.1,3.8,2.5,5.0,5.4,3.6,2.9,3.2,4.8,5.1,4.1
38,Xander Bogaerts,BOS,SS,SS,19.9,242,4.1,2.7,5.6,0.5,5.9,6.5,6.2,6.0,3.6,3.5,2.8,4.6
39,Mike Moustakas,CIN,2B/3B,2B,19.9,237,4.1,6.7,8.4,-1.3,1.0,1.3,0.7,0.4,3.2,4.9,3.7,5.3
40,Eloy Jimenez,CHW,OF,OF,19.9,222,3.4,5.5,6.8,-2.1,5.2,5.9,1.2,1.0,4.0,5.8,0.7,5.0
41,Anthony Rizzo,CHC,1B,1B,19.8,227,5.8,4.1,4.2,0.1,4.7,5.2,10.4,10.3,6.0,5.2,6.8,3.6
42,Tim Anderson,CHW,SS,SS,19.6,239,3.8,1.3,1.3,7.8,4.4,5.0,-2.8,-3.1,-1.2,0.5,-0.3,3.7
43,Tommy Pham,SD,OF,OF,19.5,236,3.8,2.1,2.2,7.3,3.0,3.4,6.7,6.6,2.5,1.8,0.7,2.7
44,Jose Abreu,CHW,1B,1B,19.2,239,3.9,4.6,6.6,-1.3,4.4,5.0,1.8,1.4,3.2,4.5,0.6,5.4
45,Aaron Judge,NYY,OF,OF,18.9,225,5.3,6.7,5.1,0.4,0.4,0.1,7.5,7.3,5.4,5.6,-5.8,3.5
46,Yordan Alvarez,HOU,DH,DH,18.6,206,3.2,5.8,6.2,-1.0,3.4,3.6,5.8,5.6,5.8,6.5,0.7,3.3
47,Kyle Schwarber,CHC,OF,OF,18.1,232,4.9,7.2,6.8,-0.5,-1.2,-1.2,4.7,4.4,4.5,5.2,-3.7,4.2
48,Marcell Ozuna,ATL,OF,OF,18.0,224,2.9,4.4,5.9,0.8,3.0,3.2,2.4,2.2,2.6,3.7,1.7,3.6
49,Carlos Correa,HOU,SS,SS,17.2,222,3.6,4.5,6.1,-1.2,3.1,3.5,5.2,5.0,4.4,5.0,1.3,3.7
50,Lorenzo Cain,MIL,OF,OF,17.0,245,4.7,-0.7,-0.3,8.3,4.1,4.4,4.0,3.8,-0.7,-1.6,3.4,1.9
51,Anthony Rendon,LAA,3B,3B,16.6,242,3.6,3.0,5.0,-0.5,4.4,4.9,7.4,7.3,4.2,3.7,5.6,4.3
52,Andrew Benintendi,BOS,OF,OF,16.5,251,5.7,0.7,1.6,5.2,2.3,2.5,3.5,3.2,0.7,0.6,0.5,3.4
53,Eugenio Suarez,CIN,3B,3B,16.2,239,3.8,6.0,6.0,-0.9,0.2,0.5,4.6,4.4,3.7,4.1,-3.1,4.2
54,Yuli Gurriel,HOU,1B/3B,3B,16.0,228,2.8,1.9,4.5,-0.1,5.9,6.4,0.8,0.5,1.6,2.8,8.3,4.0
55,Eddie Rosario,MIN,OF,OF,15.9,219,2.6,3.5,4.6,-0.2,4.4,5.0,-1.2,-1.4,1.8,3.6,5.6,3.9
56,Whit Merrifield,KC,2B/OF,2B,15.8,247,3.6,-1.4,-1.7,10.1,4.3,4.8,0.8,0.5,-1.4,-1.2,3.6,2.8
57,Nick Castellanos,CIN,OF,OF,15.6,232,3.2,3.0,5.1,-1.2,4.5,4.9,1.7,1.4,2.9,4.2,-0.3,4.6
58,Carlos Santana,CLE,1B,1B,15.6,239,4.3,3.9,6.5,-1.3,1.2,1.3,9.1,9.0,4.1,3.2,5.3,3.1
59,Austin Meadows,TB,OF,OF,15.6,212,2.3,2.8,1.5,4.7,3.3,3.5,1.9,1.7,2.6,3.7,3.2,2.8
60,Vladimir Guerrero Jr.,TOR,3B,3B,15.3,221,2.3,2.0,3.7,-1.3,7.6,8.3,6.5,6.4,3.7,3.6,5.5,3.3
61,Max Kepler,MIN,OF,OF,15.2,239,6.4,4.3,3.1,0.7,-0.3,-0.1,2.1,1.8,2.2,2.9,4.0,3.8
62,Michael Brantley,HOU,OF,OF,15.1,234,3.3,0.8,4.1,0.2,5.7,6.2,3.5,3.2,1.4,1.5,8.4,3.2
63,Paul Goldschmidt,STL,1B,1B,15.1,241,3.1,4.3,4.2,0.1,2.4,2.8,7.4,7.2,3.9,3.3,-1.9,3.8
64,Franmil Reyes,CLE,OF,OF,14.9,221,2.9,6.3,6.2,-2.2,0.7,0.8,0.9,0.7,3.3,5.0,-1.2,4.0
65,Andrew McCutchen,PHI,OF,OF,14.9,230,5.2,3.5,1.8,2.2,1.2,1.0,5.4,5.2,2.7,2.7,0.3,2.6
66,Gary Sanchez,NYY,C,C,14.8,169,1.7,6.5,4.5,0.2,1.0,0.8,3.3,2.6,4.5,6.7,5.1,2.1
67,Victor Robles,WSH,OF,OF,14.8,228,1.5,-0.2,-0.1,12.3,0.2,0.4,-0.8,-1.1,-1.8,-1.2,1.5,1.3
68,Yasmani Grandal,CHW,C/1B,C,14.7,201,3.4,5.0,4.0,0.9,0.3,0.2,8.1,7.4,4.2,4.4,3.5,2.3
69,Rhys Hoskins,PHI,1B,1B,14.7,235,4.2,5.6,6.7,-0.9,-2.0,-2.3,6.4,6.2,3.9,4.0,-1.2,3.3
70,Jorge Polanco,MIN,SS,SS,14.6,249,4.8,0.4,2.9,1.5,4.2,4.7,2.7,2.4,0.6,0.6,4.1,3.7
71,Jeff McNeil,NYM,2B/3B/ OF,2B,14.6,236,4.2,0.5,0.8,2.4,5.8,6.5,3.0,2.8,1.0,1.1,6.9,3.2
72,Oscar Mercado,CLE,OF,OF,14.1,244,2.5,-0.5,0.1,11.4,-0.3,-0.1,-2.4,-2.8,-3.2,-2.6,2.1,1.8
73,Marcus Semien,OAK,SS,SS,13.8,245,5.1,1.9,0.7,4.1,1.0,1.1,2.2,1.9,0.6,0.9,3.7,3.3
74,Ryan Braun,MIL,OF,OF,13.8,210,1.3,2.8,4.0,2.4,2.3,2.5,0.9,0.7,1.9,3.1,2.9,2.5
75,Shohei Ohtani,LAA,DH,DH,13.8,194,0.5,2.6,2.9,3.8,3.0,3.5,3.2,3.0,3.4,4.1,0.5,1.7
76,DJ LeMahieu,NYY,1B/2B/ 3B,2B,13.8,240,5.5,0.1,0.2,1.0,6.0,6.4,2.8,2.5,-0.2,-0.3,5.8,2.6
77,David Dahl,COL,OF,OF,13.6,219,3.0,1.7,2.1,2.7,3.0,3.2,0.2,-0.1,1.2,2.5,-1.6,2.7
78,Michael Conforto,NYM,OF,OF,13.5,234,3.4,4.8,5.2,0.2,-1.2,-1.4,4.7,4.4,2.8,3.0,-1.6,3.1
79,Justin Turner,LAD,3B,3B,13.5,225,3.1,2.5,4.2,-1.3,4.0,4.1,5.9,5.8,3.0,2.8,5.8,2.8
80,Josh Bell,PIT,1B,1B,13.3,234,2.5,4.0,5.0,-1.6,2.4,2.6,7.0,6.8,4.1,3.8,2.4,3.6
81,Jonathan Villar,MIA,2B/SS,SS,13.0,239,0.6,-0.4,-2.5,16.0,-1.6,-2.0,-1.7,-2.0,-3.6,-3.0,-3.6,0.9
82,Joey Votto,CIN,1B,1B,12.6,242,5.1,1.5,2.1,-0.9,3.7,4.1,10.8,10.8,3.4,1.5,2.7,2.4
83,Alex Verdugo,BOS,OF,OF,12.6,212,2.5,-0.6,0.3,0.8,8.6,9.6,5.6,5.4,2.7,2.5,7.7,2.2
84,Amed Rosario,NYM,SS,SS,12.4,226,1.1,-1.2,-0.8,8.9,3.3,3.6,-1.9,-2.2,-2.3,-1.3,3.8,1.6
85,Byron Buxton,MIN,OF,OF,12.3,187,0.7,0.1,-0.8,10.1,1.1,1.2,-0.9,-1.1,0.4,1.7,1.9,0.1
86,Matt Chapman,OAK,3B,3B,12.0,243,4.1,5.2,4.5,-1.5,-1.4,-1.7,1.6,1.3,2.5,3.7,-2.2,4.5
87,Corey Seager,LAD,SS,SS,11.5,224,2.8,1.6,3.3,-1.5,4.2,4.6,3.7,3.5,2.3,2.7,4.0,2.9
88,Jorge Soler,KC,OF,OF,10.7,228,2.0,5.1,4.6,-0.9,-1.2,-1.3,2.9,2.6,2.8,3.5,-3.4,3.3
89,Howie Kendrick,WSH,1B/2B,2B,10.6,198,0.3,0.0,0.7,-0.2,8.8,9.6,5.0,4.8,2.8,2.9,7.0,1.5
90,Adam Eaton,WSH,OF,OF,10.5,237,3.3,-1.3,-0.3,3.6,4.1,4.3,5.4,5.2,0.0,-1.1,3.7,1.4
91,Matt Olson,OAK,1B,1B,10.3,231,2.6,5.7,5.6,-2.2,-2.4,-2.8,1.2,1.0,2.0,3.2,-2.2,3.4
92,Edwin Encarnacion,CHW,1B,1B,9.9,200,1.8,5.0,4.6,-1.9,-0.6,-0.6,3.7,3.5,3.6,4.2,2.2,1.5
93,Willson Contreras,CHC,C,C,9.5,172,0.6,2.2,1.9,0.9,2.8,3.2,5.7,5.0,3.1,3.7,5.9,0.6
94,Paul DeJong,STL,SS,SS,9.5,233,1.7,3.6,4.0,0.8,-1.8,-1.9,-0.8,-1.1,0.1,1.4,-0.9,2.9
95,Lourdes Gurriel Jr.,TOR,OF,OF,9.5,211,0.2,2.5,2.2,1.9,1.7,1.8,-2.5,-2.9,-0.2,1.8,0.6,2.3
96,Joey Gallo,TEX,OF,OF,9.4,221,1.8,7.3,5.0,1.0,-6.7,-7.6,1.2,1.0,2.7,3.9,-10.2,2.6
97,Ramon Laureano,OAK,OF,OF,9.3,219,1.0,1.5,0.5,5.2,0.1,0.0,-0.9,-1.2,-0.6,0.5,-1.4,1.6
98,Salvador Perez,KC,C,C,9.2,184,0.2,4.3,2.3,0.6,0.8,0.6,-2.3,-3.2,0.7,3.6,7.1,2.2
99,Eduardo Escobar,ARI,2B/3B,2B,9.0,237,2.1,2.3,4.1,-0.5,0.0,-0.2,-1.6,-1.9,-0.1,1.5,1.6,3.5
100,Shogo Akiyama,CIN,OF,OF,8.5,214,2.3,-0.7,-1.5,3.6,3.9,4.6,4.7,4.4,0.6,-0.2,3.9,0.5
101,David Peralta,ARI,OF,OF,8.4,217,1.3,0.9,2.8,-1.6,4.0,4.6,2.2,1.9,1.4,1.9,2.7,2.3
102,Max Muncy,LAD,1B/2B/ 3B,2B,8.1,230,3.6,4.0,3.4,-0.7,-3.2,-3.6,4.2,4.0,1.5,1.4,-2.8,1.7
103,Mitch Garver,MIN,C,C,8.1,173,1.3,2.8,0.8,0.0,2.0,2.0,4.1,3.4,2.8,3.8,5.8,0.8
104,Avisail Garcia,MIL,OF,OF,7.3,201,0.1,1.5,1.1,1.3,2.4,2.8,0.3,0.0,0.7,1.7,1.6,1.1
105,Khris Davis,OAK,DH,DH,7.1,225,1.9,6.1,4.2,-2.2,-3.9,-4.4,-2.0,-2.3,0.8,2.7,-4.2,2.9
106,Kolten Wong,STL,2B,2B,7.0,225,1.4,-1.7,-2.2,7.2,1.3,1.3,3.0,2.8,-1.3,-2.0,5.9,0.2
107,Eric Hosmer,SD,1B,1B,6.9,226,1.0,1.5,2.9,-0.9,1.3,1.7,0.5,0.2,-0.4,0.2,1.0,2.0
108,Jean Segura,PHI,SS,SS,6.9,200,0.1,-1.7,-1.5,3.3,5.8,6.4,1.4,1.2,-0.4,-0.1,9.1,0.2
109,Daniel Murphy,COL,1B,1B,6.7,196,0.5,0.5,1.2,-1.6,5.1,5.9,2.0,1.8,1.9,2.6,7.3,1.3
110,Elvis Andrus,TEX,SS,SS,6.7,229,-0.3,-1.7,-1.2,8.7,0.2,0.2,-3.3,-3.6,-4.0,-3.0,5.1,0.8
111,Tommy Edman,STL,2B/3B,2B,6.6,213,0.0,-1.7,-2.0,6.4,2.8,3.1,-0.8,-1.1,-1.8,-1.2,5.7,0.5
112,Luis Arraez,MIN,2B/OF,2B,6.3,210,1.3,-3.9,-2.0,0.2,9.7,10.8,6.5,6.4,0.4,-1.2,11.8,0.0
113,Kyle Tucker,HOU,OF,OF,5.8,177,-0.7,1.5,-1.1,6.3,-1.1,-1.3,-1.3,-1.6,0.2,1.6,3.2,-0.9
114,Wilson Ramos,NYM,C,C,5.7,155,-1.0,1.4,-0.7,-0.1,5.1,5.6,4.1,3.5,2.3,3.3,11.5,-0.3
115,Nick Senzel,CIN,OF,OF,5.7,198,0.0,-0.7,-1.4,5.3,1.5,1.7,0.2,0.0,-0.4,0.2,2.4,-0.1
116,Aaron Hicks,NYY,OF,OF,5.6,209,1.8,2.3,0.5,1.6,-1.6,-2.0,3.3,3.1,1.0,1.0,1.7,0.3
117,Didi Gregorius,PHI,SS,SS,5.6,212,0.3,1.5,1.9,0.4,0.4,0.4,-2.8,-3.1,-1.1,0.6,7.1,1.5
118,Willie Calhoun,TEX,OF,OF,5.6,215,0.4,2.5,2.1,-1.6,1.1,1.6,-0.2,-0.5,0.6,1.8,6.0,2.1
119,Danny Santana,TEX,1B/OF,OF,5.5,224,-0.8,0.8,0.1,7.7,-3.2,-4.0,-6.8,-7.2,-3.8,-1.4,-4.5,1.3
120,Bryan Reynolds,PIT,OF,OF,5.1,215,0.6,-0.4,-1.0,0.4,4.5,5.2,3.3,3.0,0.8,0.7,2.0,1.4
121,C.J. Cron,DET,1B,1B,5.0,201,-0.2,3.5,2.3,-2.1,0.5,0.5,-0.3,-0.6,1.6,3.1,2.1,1.7
122,Starlin Castro,WSH,2B/3B,2B,4.9,208,-0.3,-0.2,1.0,-1.0,4.4,4.7,-0.3,-0.6,-0.7,0.1,5.1,1.1
123,Ryan McMahon,COL,2B/3B,2B,4.8,204,0.5,1.1,0.8,0.1,1.4,1.3,1.1,0.8,0.6,1.4,-1.1,0.9
124,Cesar Hernandez,CLE,2B,2B,4.4,217,1.8,-2.4,-2.5,2.4,4.0,4.4,4.9,4.7,-0.7,-1.9,5.5,-0.3
125,J.D. Davis,NYM,3B/OF,3B,4.3,203,0.1,1.9,1.1,-1.2,1.4,1.7,0.5,0.2,0.6,1.6,1.6,1.1
126,Kevin Newman,PIT,2B/SS,SS,4.3,203,-0.9,-3.1,-3.9,7.0,4.2,4.6,0.2,-0.1,-2.3,-2.1,8.6,-0.7
127,Anthony Santander,BAL,OF,OF,4.0,203,-1.0,1.5,0.8,-0.1,1.8,1.7,-2.5,-2.8,-0.5,1.4,3.4,1.4
128,Joc Pederson,LAD,1B/OF,OF,3.9,173,0.7,3.3,0.3,-1.3,-0.1,-0.1,2.5,2.3,3.4,4.5,5.2,0.0
129,Miguel Sano,MIN,3B,3B,3.8,184,0.5,4.4,1.7,-2.1,-1.7,-1.6,1.8,1.6,3.1,4.3,-3.6,0.6
130,Nick Madrigal,CHW,2B,2B,3.8,170,-1.6,-4.2,-4.4,7.8,5.2,5.8,2.0,1.8,-1.2,-1.5,14.5,-2.8
131,Christian Vazquez,BOS,C,C,3.7,160,-1.1,0.4,-1.3,1.7,3.0,3.1,1.1,0.4,0.2,1.6,9.3,-0.8
132,Randal Grichuk,TOR,OF,OF,3.6,198,-0.2,3.7,2.2,-1.2,-2.0,-2.3,-3.8,-4.1,0.5,3.1,-1.0,1.8
133,Austin Hays,BAL,OF,OF,3.6,193,-1.0,1.4,-1.5,3.5,0.1,0.0,-4.2,-4.6,-1.3,0.9,3.1,0.4
134,Justin Upton,LAA,OF,OF,3.5,213,0.2,3.1,2.4,0.1,-3.3,-3.6,-0.5,-0.8,-0.1,0.8,-4.3,0.9
135,Andrelton Simmons,LAA,SS,SS,3.3,217,-0.3,-2.3,-1.5,2.9,3.6,3.8,-0.4,-0.6,-2.5,-2.4,10.7,0.1
136,Christian Walker,ARI,1B,1B,3.3,217,0.4,2.2,2.0,0.1,-2.3,-2.9,-1.3,-1.6,-0.6,0.5,-2.3,1.2
137,Brandon Lowe,TB,2B,2B,3.3,208,0.3,1.9,0.2,1.0,-1.0,-1.4,-0.8,-1.1,-0.2,1.0,-1.8,0.9
138,Shin-Soo Choo,TEX,OF,OF,2.6,229,2.5,0.7,-1.9,2.4,-2.1,-2.2,2.7,2.5,-0.9,-1.3,-2.5,0.5
139,Robinson Cano,NYM,2B,2B,2.6,201,-0.2,0.4,1.2,-2.4,2.6,3.1,0.5,0.2,0.1,0.9,6.7,0.8
140,Cavan Biggio,TOR,2B,2B,2.6,220,1.2,0.5,-0.7,4.4,-3.8,-4.3,3.2,3.0,-1.1,-1.5,-2.2,-0.5
141,Jonathan Schoop,DET,2B,2B,2.5,203,-0.6,2.5,0.8,-1.8,0.5,0.5,-3.2,-3.6,0.0,2.1,2.0,1.8
142,Hanser Alberto,BAL,2B/3B,2B,2.5,217,-0.4,-2.0,-2.1,0.2,5.7,6.5,-1.9,-2.3,-2.9,-1.9,10.2,0.9
143,Dansby Swanson,ATL,SS,SS,2.5,217,0.4,-0.1,-0.3,2.7,-1.3,-1.7,-0.8,-1.1,-2.0,-1.3,1.1,0.2
144,Nick Solak,TEX,DH,DH,2.1,211,-0.7,0.8,-0.4,1.3,0.0,0.2,0.2,0.0,-0.9,-0.4,1.1,0.5
145,Kurt Suzuki,WSH,C,C,2.1,131,-2.2,1.1,-1.9,0.0,4.0,4.2,3.4,2.8,2.6,3.9,14.0,-1.8
146,Miguel Andujar,NYY,DH,DH,1.5,173,-1.3,0.8,-0.3,-1.2,2.5,2.6,-1.3,-1.6,0.6,2.3,8.0,-0.3
147,Austin Riley,ATL,OF,OF,1.5,188,-0.7,3.0,1.0,-1.6,-1.2,-1.6,-2.9,-3.2,0.1,2.3,-1.1,0.5
148,Jason Heyward,CHC,OF,OF,1.4,208,1.1,-0.8,-1.0,0.5,0.5,0.8,2.6,2.4,-0.6,-1.0,5.7,-0.4
149,Jackie Bradley Jr.,BOS,OF,OF,1.2,200,0.3,0.5,-0.8,3.2,-3.0,-3.5,-0.8,-1.1,-1.1,-0.3,-0.6,-0.7
150,Omar Narvaez,MIL,C,C,1.2,145,-1.3,0.3,-2.5,-0.3,3.9,4.2,5.9,5.2,2.2,2.3,10.7,-2.1
151,Yadier Molina,STL,C,C,1.2,153,-2.3,0.0,-2.1,1.4,3.2,3.2,1.6,0.8,0.3,1.5,12.0,-1.3
152,Mallex Smith,SEA,OF,OF,1.1,182,-4.1,-4.2,-6.4,16.5,-1.8,-2.2,-2.0,-2.3,-4.4,-4.0,3.4,-3.5
153,Sam Hilliard,COL,OF,OF,1.1,182,-1.8,0.2,-1.3,4.7,-1.7,-2.0,-3.2,-3.5,-1.6,0.0,-1.4,-1.2
154,Ian Happ,CHC,OF,OF,1.1,192,0.2,1.4,-0.6,1.5,-2.4,-2.5,1.5,1.3,0.3,0.6,-1.4,-0.9
155,Carson Kelly,ARI,C,C,1.0,148,-0.9,0.8,-2.0,0.5,1.6,1.2,4.3,3.6,1.7,2.4,10.1,-2.0
156,Luke Voit,NYY,1B,1B,1.0,200,0.4,1.6,0.4,-2.2,-0.3,-0.5,2.6,2.4,0.7,0.9,-0.1,-0.2
157,Will Smith,LAD,C,C,1.0,150,-1.1,2.7,-0.7,0.8,-1.6,-1.8,0.7,0.0,1.1,2.8,7.2,-1.3
158,Garrett Hampson,COL,2B/OF,2B,0.9,161,-2.8,-3.1,-4.4,7.5,2.6,2.8,0.7,0.5,-1.0,-0.7,6.0,-3.1
159,Miguel Cabrera,DET,1B,1B,0.4,200,-1.3,-0.2,0.1,-2.4,3.2,3.5,3.6,3.5,0.6,0.3,3.7,-0.1
160,Rougned Odor,TEX,2B,2B,0.3,196,-1.5,2.4,-0.6,4.1,-5.1,-5.9,-4.9,-5.3,-1.8,0.3,-1.2,-0.1
161,Jesse Winker,CIN,OF,OF,0.3,170,-0.9,-0.7,-2.4,-1.5,4.7,5.0,6.5,6.5,2.6,1.9,8.6,-1.7
162,Matt Carpenter,STL,3B,3B,0.2,220,1.4,1.7,0.3,-0.2,-4.0,-4.6,4.0,3.8,0.6,0.1,-1.0,0.3
163,Brandon Belt,SF,1B,1B,0.1,221,0.3,0.6,-0.2,-0.2,-1.2,-1.6,4.5,4.3,0.6,0.0,1.0,0.6
164,Mark Canha,OAK,OF,OF,0.1,207,0.2,1.6,0.2,-0.9,-2.1,-2.4,1.6,1.3,0.3,0.7,0.7,0.3
165,Brett Gardner,NYY,OF,OF,0.1,185,0.3,-0.3,-2.4,2.4,-1.0,-1.3,0.5,0.2,-0.7,-0.2,5.4,-1.5
166,Willy Adames,TB,SS,SS,0.0,210,-0.3,-0.2,-1.4,1.0,-0.2,-0.2,-0.3,-0.6,-1.8,-1.3,0.6,-0.1
167,Kole Calhoun,ARI,OF,OF,-0.2,205,0.3,1.5,-0.2,-0.5,-2.3,-2.8,0.7,0.5,-0.2,0.4,1.0,0.0
168,Renato Nunez,BAL,1B,1B,-0.2,211,-0.8,2.5,1.6,-1.9,-2.6,-3.0,-3.2,-3.6,-1.6,0.2,-0.9,1.0
169,Travis D’Arnaud,ATL,C/1B,C,-0.2,130,-2.7,0.8,-1.9,-0.1,2.8,2.9,2.4,1.7,1.7,3.2,10.7,-2.3
170,Wil Myers,SD,OF,OF,-0.3,190,-1.8,0.6,-1.6,5.3,-3.7,-4.4,-1.6,-1.8,-1.6,-0.6,-1.9,-1.4
171,Francisco Mejia,SD,C,C,-0.3,138,-2.6,0.2,-2.7,0.6,3.1,3.2,1.6,0.8,1.1,2.7,10.6,-1.9
172,Hunter Renfroe,TB,OF,OF,-0.4,193,-1.1,3.5,1.4,-0.9,-4.3,-4.9,-4.7,-5.0,-1.0,1.5,-1.3,0.5
173,Brian Anderson,MIA,3B/OF,3B,-0.4,232,0.1,0.4,-0.5,-0.2,-1.1,-1.3,0.5,0.2,-1.6,-1.3,0.6,1.2
174,Justin Smoak,MIL,1B,1B,-0.4,182,-0.2,2.5,0.0,-2.4,-1.4,-1.2,4.5,4.3,2.6,2.6,3.3,-0.8
175,Nico Hoerner,CHC,SS,SS,-0.7,182,-0.8,-2.3,-2.9,1.3,2.9,3.2,-0.2,-0.5,-1.2,-0.6,9.9,-1.4
176,Trent Grisham,SD,OF,OF,-0.7,196,-0.7,-0.1,-1.6,2.2,-1.6,-1.8,1.5,1.3,-0.5,-0.4,3.6,-1.0
177,Carter Kieboom,WSH,SS,SS,-0.8,201,0.0,-0.8,-2.0,0.7,0.3,0.2,0.7,0.5,-1.4,-1.2,2.1,-0.9
178,Ender Inciarte,ATL,OF,OF,-0.9,183,-1.2,-3.0,-4.0,5.0,1.2,1.3,0.5,0.2,-2.3,-2.4,8.0,-2.5
179,Scott Kingery,PHI,3B/OF,3B,-0.9,191,-1.6,-0.8,-2.2,4.6,-1.8,-2.4,-4.0,-4.3,-2.9,-1.4,0.4,-1.2
180,Mauricio Dubon,SF,2B,2B,-1.0,193,-2.6,-1.7,-3.3,4.3,1.4,1.4,-3.2,-3.6,-3.2,-1.9,7.2,-1.0
181,Gio Urshela,NYY,3B,3B,-1.1,187,-1.2,-0.5,-1.2,-1.6,2.5,2.5,-1.5,-1.8,-1.2,0.0,6.3,-0.6
182,Corey Dickerson,MIA,OF,OF,-1.1,199,-2.1,0.1,-0.5,-0.7,1.2,1.3,-2.6,-2.9,-1.0,0.7,3.6,0.8
183,Sean Murphy,OAK,C,C,-1.4,134,-2.6,0.6,-2.3,0.3,1.6,1.6,1.6,0.8,1.3,2.7,10.0,-2.3
184,Adam Frazier,PIT,2B,2B,-1.5,214,-0.2,-2.7,-3.3,1.0,2.7,3.2,1.8,1.6,-1.7,-2.0,7.7,-0.1
185,Kyle Seager,SEA,3B,3B,-1.5,219,-1.1,2.3,0.9,-1.0,-3.5,-4.1,-3.2,-3.6,-1.7,0.0,2.0,1.3
186,Niko Goodrum,DET,2B/SS/ OF,SS,-1.6,217,-0.9,-0.4,-1.4,3.8,-3.8,-4.6,-3.4,-3.7,-3.4,-2.3,-2.4,-0.1
187,Teoscar Hernandez,TOR,OF,OF,-2.0,192,-1.3,1.6,-0.8,1.5,-4.0,-4.7,-3.1,-3.5,-1.4,0.3,-2.9,-0.6
188,David Fletcher,LAA,2B/SS/ 3B/OF,SS,-2.0,203,-0.7,-4.0,-3.8,1.6,3.9,4.2,0.5,0.2,-2.8,-3.1,10.2,-1.3
189,Jurickson Profar,SD,2B,2B,-2.3,195,-1.0,-0.3,-1.7,1.2,-1.6,-1.9,0.4,0.1,-1.0,-0.6,8.0,-1.1
190,Maikel Franco,KC,3B,3B,-2.4,174,-2.0,0.7,-1.4,-2.2,1.4,1.6,0.4,0.1,1.0,2.1,9.4,-0.7
191,Mike Yastrzemski,SF,OF,OF,-2.4,227,0.6,0.1,-1.9,1.2,-3.4,-4.1,-2.7,-3.0,-2.8,-1.8,-2.6,0.8
192,Domingo Santana,CLE,OF,OF,-2.6,170,-2.1,0.1,-1.9,0.7,-0.5,-0.5,2.0,1.8,0.6,0.9,0.2,-2.1
193,Nick Ahmed,ARI,SS,SS,-2.6,215,-0.2,-0.4,-1.2,1.0,-2.9,-3.2,-4.0,-4.3,-3.1,-1.6,3.6,0.3
194,Raimel Tapia,COL,OF,OF,-2.6,160,-3.1,-3.1,-3.5,2.5,3.5,3.7,-0.6,-0.8,-0.9,-0.1,5.9,-2.5
195,Danny Jansen,TOR,C,C,-2.9,118,-3.2,-0.1,-3.8,0.6,2.6,2.4,3.7,3.0,1.9,2.8,12.5,-3.5
196,Tucker Barnhart,CIN,C,C,-3.0,144,-2.1,-0.8,-3.1,0.8,1.2,1.1,3.7,3.0,0.5,0.9,10.0,-2.8
197,Gregory Polanco,PIT,OF,OF,-3.0,183,-2.2,0.3,-1.8,1.5,-1.7,-1.9,-0.2,-0.4,-0.3,0.5,3.3,-1.3
198,Roberto Perez,CLE,C,C,-3.1,146,-2.0,1.1,-1.7,0.0,-1.6,-1.9,1.2,0.5,0.2,1.5,5.6,-2.4
199,Jose Peraza,BOS,2B/SS/ OF,SS,-3.2,152,-2.6,-3.4,-5.2,3.5,3.6,4.0,-0.1,-0.2,-1.5,-1.1,10.9,-3.7
200,Yandy Diaz,TB,1B/3B,3B,-3.4,189,-1.6,-2.3,-2.8,-0.5,2.9,3.1,4.8,4.7,-0.3,-1.2,5.6,-1.9
201,Jorge Alfaro,MIA,C,C,-3.5,158,-3.4,0.5,-2.7,1.4,-0.4,-1.0,-1.6,-2.4,-1.7,0.3,2.0,-1.6
202,Colin Moran,PIT,3B,3B,-3.5,198,-2.2,-0.8,-1.2,-1.8,1.5,1.4,0.1,-0.1,-1.3,-0.9,3.2,-0.6
203,Yoshitomo Tsutsugo,TB,OF,OF,-3.6,161,-2.3,1.0,-1.8,-1.8,0.3,0.2,4.0,3.8,2.2,2.5,3.9,-2.1
204,Freddy Galvis,CIN,2B/SS,SS,-3.6,204,-0.5,-0.6,-1.8,0.2,-2.0,-2.2,-4.6,-4.9,-3.7,-2.4,2.0,-0.7
205,Kevin Kiermaier,TB,OF,OF,-4.0,165,-3.5,-1.3,-3.9,5.3,-1.7,-1.9,-2.3,-2.5,-1.7,-0.4,5.0,-2.7
206,Stephen Piscotty,OAK,OF,OF,-4.0,172,-2.1,0.0,-1.9,-1.5,0.5,0.6,0.9,0.6,0.6,1.3,5.2,-1.5
207,Eric Thames,WSH,1B,1B,-4.1,180,-1.7,1.0,-0.7,-0.2,-3.4,-4.0,0.0,-0.2,-0.4,0.4,-1.0,-1.7
208,Cameron Maybin,DET,OF,OF,-4.1,170,-3.0,-2.6,-5.2,5.6,0.0,-0.2,1.5,1.3,-1.5,-1.7,4.5,-3.4
209,Michael Chavis,BOS,1B/2B,2B,-4.1,167,-2.2,0.9,-1.5,-1.2,-1.2,-1.3,-1.7,-1.9,-0.4,1.0,1.1,-1.8
210,Jose Iglesias,BAL,SS,SS,-4.3,196,-2.2,-3.1,-3.9,1.9,1.9,2.3,-2.8,-3.1,-3.8,-2.8,9.0,-1.3
211,Jacob Stallings,PIT,C,C,-4.5,143,-3.5,-1.3,-3.8,0.2,2.9,2.9,2.1,1.3,-0.1,0.8,10.4,-2.6
212,Albert Pujols,LAA,1B,1B,-4.6,176,-2.3,0.5,-1.2,-1.8,-0.8,-0.8,-2.2,-2.4,-1.2,-0.1,8.9,-1.6
213,Tony Wolters,COL,C,C,-4.7,134,-2.0,-2.3,-4.6,0.6,2.5,2.5,4.3,3.7,0.3,0.5,11.7,-3.7
214,Nicky Lopez,KC,2B/SS,SS,-4.7,189,-2.2,-3.9,-4.6,2.2,2.8,2.9,0.0,-0.2,-2.9,-2.9,10.7,-2.3
215,Harrison Bader,STL,OF,OF,-4.8,173,-2.6,-0.7,-3.6,3.8,-2.7,-3.1,-0.8,-1.1,-1.7,-1.1,1.1,-2.9
216,Alex Gordon,KC,OF,OF,-5.0,186,-2.5,-1.3,-2.2,-0.1,0.2,0.0,1.2,1.0,-1.3,-1.2,5.4,-2.0
217,Adam Haseley,PHI,OF,OF,-5.0,173,-2.1,-1.8,-3.8,1.3,0.3,0.0,-1.4,-1.6,-2.0,-1.3,5.4,-2.6
218,Evan White,SEA,1B,1B,-5.0,205,-2.3,0.3,-1.5,-1.3,-1.2,-1.8,-3.5,-3.8,-2.7,-1.2,1.7,-0.2
219,Asdrubal Cabrera,WSH,2B/3B,2B,-5.1,164,-2.7,-1.2,-2.3,-1.6,1.7,1.9,1.3,1.1,0.3,0.7,6.8,-2.2
220,Austin Romine,DET,C,C,-5.1,117,-4.5,-0.7,-4.2,0.3,2.9,3.1,1.4,0.7,0.9,2.4,11.1,-3.5
221,Jay Bruce,PHI,OF,OF,-5.1,152,-2.9,1.5,-1.2,-1.6,-1.9,-2.3,-2.0,-2.3,0.5,2.4,4.9,-2.1
222,Gavin Lux,LAD,2B,2B,-5.2,145,-3.3,-2.0,-4.3,1.6,1.7,1.9,0.7,0.5,0.1,0.6,7.7,-3.7
223,Shed Long Jr.,SEA,2B,2B,-5.3,198,-2.2,-1.0,-4.1,3.3,-2.3,-2.9,-3.2,-3.5,-3.3,-2.1,0.7,-1.3
224,Wilmer Flores,SF,2B,2B,-5.4,158,-3.7,-1.0,-3.2,-2.1,3.5,3.8,0.8,0.6,0.7,1.5,11.2,-2.1
225,Mike Zunino,TB,C,C,-5.6,142,-2.5,1.8,-2.5,0.3,-3.7,-4.6,-2.1,-2.9,-0.9,1.3,3.4,-2.5
226,Ji-Man Choi,TB,1B,1B,-5.6,167,-1.8,-0.1,-2.9,-1.3,-0.4,-0.7,3.2,3.0,0.9,0.9,3.7,-2.5
227,Evan Longoria,SF,3B,3B,-5.6,178,-2.9,-0.1,-1.7,-1.3,-0.6,-0.8,-2.2,-2.4,-1.1,0.3,4.8,-1.3
228,Victor Caratini,CHC,C/1B,C,-5.7,102,-4.4,-1.3,-4.8,-0.1,3.9,4.1,4.8,4.2,2.3,2.8,12.6,-4.6
229,AJ Pollock,LAD,OF,OF,-5.7,141,-3.2,-0.9,-3.8,0.8,0.3,0.0,-0.5,-0.7,0.2,1.3,7.7,-3.5
230,Stephen Vogt,ARI,C,C,-5.9,98,-4.8,-0.6,-4.5,0.6,2.4,2.3,2.3,1.7,2.0,3.4,12.3,-4.4
231,Tommy La Stella,LAA,2B/3B,2B,-6.0,168,-2.1,-1.8,-4.0,-1.5,2.3,2.5,0.9,0.7,-0.7,-0.5,10.4,-2.6
232,Brandon Nimmo,NYM,OF,OF,-6.0,190,-0.3,-1.2,-3.3,1.2,-3.4,-4.1,4.3,4.1,-0.6,-1.5,0.2,-2.7
233,Tyler O’Neill,STL,OF,OF,-6.0,164,-3.3,1.3,-1.7,-0.4,-3.0,-3.4,-3.2,-3.5,-0.9,0.8,0.1,-2.1
234,Robinson Chirinos,TEX,C,C,-6.1,126,-3.4,0.4,-3.5,0.5,-1.2,-1.6,2.6,1.9,1.0,1.9,6.8,-3.7
235,Luis Urias,MIL,2B/SS,SS,-6.2,174,-1.5,-1.9,-3.7,-0.1,-0.1,-0.1,1.5,1.3,-0.9,-1.1,5.7,-2.9
236,JaCoby Jones,DET,OF,OF,-6.3,189,-1.8,-1.3,-4.1,3.8,-4.0,-4.7,-4.1,-4.4,-3.5,-2.1,-1.2,-2.0
237,Dexter Fowler,STL,OF,OF,-6.3,190,-1.3,-0.8,-3.3,1.3,-3.3,-3.8,1.7,1.6,-1.4,-1.7,2.2,-2.3
238,Jarrod Dyson,PIT,OF,OF,-6.3,158,-4.0,-3.8,-7.0,9.7,-2.2,-2.5,-0.9,-1.2,-3.6,-3.6,7.9,-5.2
239,Yan Gomes,WSH,C,C,-6.3,114,-4.0,-0.1,-4.1,-0.1,1.1,1.0,1.9,1.2,1.1,2.4,10.1,-3.9
240,Martin Maldonado,HOU,C,C,-6.4,131,-3.1,-0.2,-3.0,0.2,-1.2,-1.6,-0.2,-1.0,-0.7,0.7,8.7,-3.6
241,Jason Castro,LAA,C,C,-6.5,134,-3.1,-0.1,-3.2,0.6,-1.7,-2.0,1.6,0.8,-0.1,0.8,5.6,-3.6
242,Josh Naylor,SD,OF,OF,-6.9,151,-3.3,-1.7,-4.0,-1.2,2.2,2.3,1.3,1.2,0.2,0.6,8.9,-3.3
243,Chance Sisco,BAL,C,C,-7.1,114,-4.6,-0.6,-4.7,0.2,1.6,1.3,3.5,2.9,1.2,2.1,8.7,-4.3
244,Pedro Severino,BAL,C,C,-7.3,108,-5.1,-0.9,-5.0,0.6,2.0,1.8,1.8,1.2,0.7,2.0,11.8,-4.5
245,Steven Souza Jr.,CHC,OF,OF,-7.3,139,-3.8,-0.4,-3.8,0.7,-0.9,-1.2,1.6,1.4,1.0,1.5,3.9,-4.0
246,Victor Reyes,DET,OF,OF,-7.3,147,-4.6,-3.5,-6.2,3.6,2.4,2.5,-1.9,-2.2,-2.1,-1.2,8.2,-4.0
247,Reese McGuire,TOR,C,C,-7.5,107,-4.6,-1.4,-5.2,0.8,1.9,1.9,2.1,1.4,0.6,1.7,12.5,-4.7
248,Hunter Pence,SF,OF,OF,-7.6,158,-4.4,-1.3,-3.4,-0.1,0.6,0.5,-1.1,-1.3,-1.1,-0.1,4.9,-2.9
249,Travis Shaw,TOR,3B,3B,-7.7,166,-2.7,0.5,-2.5,-1.2,-2.8,-3.6,0.9,0.7,-0.2,0.4,3.3,-2.8
250,Yoenis Cespedes,NYM,OF,OF,-7.8,118,-4.8,-0.1,-3.5,-1.6,1.2,1.1,1.1,1.0,2.1,3.2,7.3,-4.2
251,Josh Reddick,HOU,OF,OF,-7.8,144,-3.5,-2.0,-4.3,-0.7,1.7,1.8,0.6,0.5,-0.2,0.3,10.6,-3.8
252,Brandon Crawford,SF,SS,SS,-7.8,205,-2.3,-1.4,-2.5,-0.4,-2.2,-2.4,-1.8,-2.0,-3.0,-2.5,3.0,-1.1
253,Manny Pina,MIL,C,C,-7.9,97,-5.1,-1.3,-5.1,0.0,2.6,2.4,2.8,2.2,1.4,2.4,12.2,-5.1
254,Curt Casali,CIN,C,C,-8.0,96,-5.0,-1.1,-4.9,-0.1,2.1,1.9,3.4,2.8,1.7,2.5,12.2,-5.3
255,Alex Dickerson,SF,OF,OF,-8.2,151,-4.4,-2.0,-3.6,-1.3,2.2,2.3,1.2,1.1,0.4,1.0,6.8,-3.0
256,Rowdy Tellez,TOR,1B,1B,-8.3,143,-4.0,-0.3,-3.7,-1.5,0.1,-0.1,-0.2,-0.4,0.5,1.6,5.6,-3.3
257,Jon Berti,MIA,SS/3B/ OF,SS,-8.7,159,-4.8,-3.5,-6.9,7.7,-2.2,-2.8,-2.0,-2.3,-3.8,-3.3,5.3,-4.8
258,Christin Stewart,DET,OF,OF,-8.7,175,-2.7,0.0,-2.6,-2.1,-2.2,-2.5,-0.1,-0.4,-0.8,-0.1,3.4,-2.1
259,Johan Camargo,ATL,SS,SS,-8.9,136,-4.2,-2.0,-4.5,-1.5,2.2,2.2,0.5,0.4,0.3,1.0,8.7,-4.0
260,Enrique Hernandez,LAD,2B/OF,2B,-9.0,147,-3.3,-0.8,-3.7,-1.2,-1.0,-1.3,0.0,-0.1,0.0,0.8,7.6,-3.6
261,Nomar Mazara,CHW,OF,OF,-9.0,119,-4.8,-0.7,-4.3,-1.6,1.4,1.6,0.7,0.6,1.5,2.5,8.7,-4.4
262,Kevin Pillar,BOS,OF,OF,-9.1,120,-5.1,-2.7,-5.7,1.0,2.4,2.6,-0.6,-0.8,-0.1,1.0,11.1,-4.9
263,Manuel Margot,TB,OF,OF,-9.3,134,-5.2,-2.8,-6.1,3.9,-0.2,-0.5,-1.0,-1.2,-1.4,-0.5,9.2,-5.0
264,Todd Frazier,TEX,3B,3B,-9.4,155,-3.5,0.3,-3.3,-1.3,-2.6,-3.0,0.1,-0.1,0.0,0.8,5.6,-3.1
265,Mitch Moreland,BOS,1B,1B,-9.6,132,-4.2,-0.5,-3.5,-2.2,-0.1,-0.4,0.4,0.2,1.0,2.0,7.0,-3.9
266,Austin Allen,OAK,C,C,-9.7,98,-5.4,-1.2,-5.2,-0.1,1.3,1.3,1.1,0.4,0.6,2.1,12.2,-5.0
267,Miguel Rojas,MIA,SS,SS,-9.8,165,-4.3,-3.7,-6.0,1.2,2.0,2.2,-0.7,-1.0,-2.7,-2.4,10.5,-3.6
268,Tyler Flowers,ATL,C,C,-9.8,95,-4.9,-1.2,-5.5,-0.3,1.2,1.0,3.4,2.8,1.3,2.1,10.2,-5.6
269,Austin Hedges,SD,C,C,-9.9,101,-5.0,-0.3,-5.0,0.0,-0.6,-1.1,-0.1,-0.8,0.2,2.0,10.0,-4.9
270,Jose Osuna,PIT,1B/OF,OF,-9.9,154,-4.4,-1.8,-4.1,-1.5,0.9,0.8,-0.8,-1.1,-0.6,0.4,7.5,-2.9
271,Hunter Dozier,KC,3B/OF,3B,-10.1,152,-4.3,-1.3,-3.4,-1.5,-0.6,-0.8,-0.5,-0.7,-0.2,0.8,3.5,-3.1
272,James McCann,CHW,C,C,-10.2,79,-6.2,-1.6,-6.0,0.0,2.5,2.4,2.6,2.0,1.5,2.7,12.5,-6.2
273,Tyler Heineman,SF,C,C,-10.3,96,-5.7,-2.3,-6.4,0.8,2.4,2.5,2.6,1.9,0.6,1.5,14.0,-5.6
274,Isan Diaz,MIA,2B,2B,-10.4,194,-3.1,-0.4,-3.4,0.5,-5.0,-5.8,-3.2,-3.5,-3.5,-2.5,0.4,-2.0
275,Kevin Cron,ARI,1B,1B,-10.6,116,-5.3,-0.3,-4.2,-1.8,0.0,-0.5,0.0,-0.2,1.4,2.7,6.9,-4.7
276,Garrett Cooper,MIA,1B/OF,OF,-10.9,169,-4.2,-1.6,-4.0,-2.4,0.3,0.0,-0.8,-1.1,-1.6,-0.8,3.1,-2.7
277,J.P. Crawford,SEA,SS,SS,-11.0,214,-2.0,-2.0,-4.4,1.5,-5.1,-6.0,-1.5,-1.8,-4.4,-4.3,1.6,-1.9
278,Isiah Kiner-Falefa,TEX,C/3B,C,-11.1,85,-6.1,-3.0,-7.4,1.3,3.2,3.1,3.1,2.4,0.6,1.4,14.6,-6.5
279,Jeimer Candelario,DET,1B/3B,3B,-11.3,161,-3.4,-1.3,-4.4,-1.3,-2.0,-2.3,0.6,0.4,-0.7,-0.2,4.4,-3.3
280,Marwin Gonzalez,MIN,1B/3B/ OF,3B,-11.3,123,-4.8,-2.3,-5.1,-1.9,1.9,2.3,1.6,1.4,0.7,1.1,9.1,-5.0
281,Rob Brantly,SF,C,C,-11.4,96,-5.8,-2.1,-6.4,-0.3,2.3,2.0,1.9,1.3,0.3,1.4,14.0,-5.6
282,Austin Barnes,LAD,C,C,-11.4,82,-5.9,-2.2,-6.4,0.9,1.2,1.0,3.7,3.1,1.2,1.8,13.3,-6.8
283,Alex Avila,MIN,C,C,-11.5,81,-5.5,-1.6,-5.8,-0.1,0.5,0.1,4.9,4.3,1.9,2.2,10.9,-6.9
284,Jose Marmolejos,SEA,1B,1B,-11.6,152,-4.1,-2.6,-4.6,-2.1,0.9,-1.4,-2.7,-3.0,-2.8,-1.0,6.2,-3.8
285,Ryan Mountcastle,BAL,1B,1B,-11.6,120,-6.1,-1.6,-5.2,-1.9,2.2,2.4,-1.1,-1.3,0.2,1.7,7.8,-4.4
286,Jesus Aguilar,MIA,1B,1B,-12.0,157,-4.4,-0.2,-3.5,-2.6,-2.4,-3.0,-0.8,-1.0,-0.9,0.0,4.1,-3.3
287,Albert Almora Jr.,CHC,OF,OF,-12.0,125,-5.2,-3.2,-5.9,-0.9,2.1,2.2,-0.5,-0.7,-0.7,0.0,10.3,-5.1
288,DJ Stewart,BAL,OF,OF,-12.1,116,-6.0,-2.1,-6.2,0.5,0.6,0.5,1.6,1.4,0.7,1.2,8.9,-5.6
289,Kyle Lewis,SEA,OF,OF,-12.1,202,-3.7,-0.8,-3.0,-1.0,-4.7,-5.6,-5.7,-6.1,-4.9,-3.3,-3.0,-1.5
290,Dylan Carlson,STL,OF,OF,-12.2,122,-5.8,-2.7,-6.1,1.0,0.3,0.2,0.2,0.1,-0.3,0.3,9.1,-5.5
291,Kyle Higashioka,NYY,C,C,-12.6,60,-7.1,-1.5,-6.8,-0.3,2.1,1.8,2.2,1.7,2.0,3.5,14.6,-7.2
292,Joey Bart,SF,C,C,-12.6,71,-7.1,-2.1,-7.3,0.6,2.2,1.8,1.6,1.0,1.2,2.6,14.5,-6.7
293,Adam Duvall,ATL,OF,OF,-12.7,122,-5.1,-0.4,-4.2,-2.1,-2.0,-2.5,-1.7,-1.9,0.2,1.7,6.7,-4.6
294,Francisco Cervelli,MIA,C,C,-12.8,92,-6.3,-2.1,-6.8,0.2,1.2,0.8,4.0,3.4,0.9,1.4,12.2,-6.2
295,Matt Beaty,LAD,1B/OF,OF,-12.8,106,-5.9,-3.2,-6.3,-1.2,2.7,2.9,1.2,1.1,0.7,1.3,12.6,-5.9
296,Jordan Luplow,CLE,OF,OF,-12.8,109,-5.5,-2.2,-6.4,-0.4,0.7,0.5,1.9,1.8,1.2,1.6,9.6,-5.9
297,Chris Taylor,LAD,2B/SS/ OF,SS,-12.9,131,-4.6,-3.0,-5.7,0.2,-0.8,-1.1,-0.1,-0.2,-0.9,-0.3,5.5,-5.3
298,Rio Ruiz,BAL,3B,3B,-13.0,150,-4.9,-2.1,-4.8,-1.9,-0.3,-0.6,-0.6,-0.8,-1.5,-0.7,6.2,-4.0
299,Matt Wieters,STL,C,C,-13.0,65,-7.1,-1.8,-7.2,-0.1,2.2,2.2,2.8,2.3,1.9,3.0,14.9,-7.1
300,Dee Gordon,SEA,2B,2B,-13.1,113,-7.4,-5.2,-9.0,5.3,2.2,2.3,-1.3,-1.4,-2.5,-1.8,11.8,-6.8
301,Tyler Naquin,CLE,OF,OF,-13.3,97,-6.4,-3.1,-7.1,-0.9,3.1,3.1,1.4,1.3,1.2,1.7,10.2,-6.4
302,Garrett Stubbs,HOU,C,C,-13.5,57,-7.5,-3.0,-7.8,1.3,2.5,2.4,3.3,2.8,1.6,2.4,15.9,-8.0
303,Franchy Cordero,KC,OF,OF,-13.5,137,-5.8,-2.3,-5.8,1.8,-2.4,-2.8,-3.1,-3.4,-2.2,-0.9,2.5,-4.8
304,Max Stassi,LAA,C,C,-13.6,84,-6.3,-1.8,-6.4,0.0,-0.2,-0.5,1.4,0.8,0.3,1.4,11.1,-6.7
305,Willians Astudillo,MIN,C,C,-13.6,36,-8.4,-2.9,-8.4,-0.3,5.3,5.6,4.7,4.2,3.4,4.3,19.1,-8.3
306,Sandy Leon,CLE,C,C,-13.7,77,-6.7,-2.1,-6.8,0.0,0.9,0.7,1.5,0.8,0.5,1.6,13.2,-6.9
307,Tom Murphy,SEA,C,C,-13.8,75,-7.3,-1.2,-6.8,-0.1,0.6,0.0,0.5,-0.1,0.8,2.7,10.6,-6.4
308,Michael Perez,TB,C,C,-13.9,63,-7.4,-2.3,-7.4,-0.1,2.4,2.0,2.9,2.3,1.6,2.7,14.5,-7.4
309,Kevin Plawecki,BOS,C,C,-14.0,56,-7.5,-2.6,-7.7,-0.3,3.0,3.0,3.8,3.2,2.2,3.1,15.9,-7.7
310,Roman Quinn,PHI,OF,OF,-14.1,97,-6.9,-4.2,-8.2,4.1,0.1,-0.2,0.0,-0.1,-0.8,-0.3,8.8,-7.5
311,Eric Sogard,MIL,2B,2B,-14.1,117,-5.2,-3.8,-7.2,-0.2,1.2,1.3,2.2,2.0,-0.3,-0.5,11.4,-6.4
312,Daniel Vogelbach,SEA,1B,1B,-14.2,145,-4.8,-0.4,-4.8,-2.6,-2.6,-3.4,2.5,2.3,0.2,0.3,5.0,-4.5
313,Guillermo Heredia,PIT,OF,OF,-14.2,156,-4.8,-3.6,-6.5,0.4,-0.7,-0.8,0.4,0.2,-2.4,-2.6,7.1,-4.7
314,Ronald Guzman,TEX,1B,1B,-14.3,138,-4.9,-1.7,-5.4,-1.6,-1.6,-2.0,-0.8,-1.0,-1.0,-0.3,5.1,-4.7
315,Derek Fisher,TOR,OF,OF,-14.4,112,-6.0,-2.3,-6.5,1.0,-1.7,-1.8,0.1,-0.1,-0.3,0.3,5.5,-6.3
316,Brendan Rodgers,COL,2B,2B,-14.4,92,-6.9,-3.3,-6.8,-1.6,3.3,3.2,1.3,1.2,1.2,1.8,11.2,-6.6
317,Jedd Gyorko,MIL,3B,3B,-14.5,97,-6.3,-2.0,-6.3,-1.5,0.5,0.6,1.5,1.4,1.2,1.8,10.3,-6.6
318,Drew Butera,COL,C,C,-14.6,51,-7.8,-2.8,-7.9,-0.3,3.2,3.0,3.7,3.1,2.2,3.2,15.5,-8.0
319,Elias Diaz,COL,C,C,-14.7,38,-8.5,-3.1,-8.6,-0.6,5.1,5.2,4.9,4.3,3.2,3.9,17.5,-8.4
320,Jake Lamb,ARI,1B/3B,3B,-14.7,125,-5.3,-1.8,-5.5,-1.6,-1.5,-1.8,1.5,1.3,0.4,0.7,6.6,-5.5
321,John Ryan Murphy,PIT,C,C,-14.8,86,-6.8,-1.8,-6.6,-0.1,-0.5,-0.8,-0.1,-0.8,-0.5,1.1,11.4,-6.4
322,Taylor Ward,LAA,C,C,-14.8,44,-8.3,-2.7,-8.5,0.3,3.3,3.2,4.3,3.7,2.7,3.5,15.9,-8.4
323,David Bote,CHC,2B/3B,2B,-14.9,114,-5.8,-2.9,-6.3,-0.7,-0.2,-0.4,1.2,1.1,-0.1,0.1,7.7,-6.4
324,Jake Bauers,CLE,1B/OF,OF,-15.0,104,-6.4,-2.9,-7.3,0.5,0.1,0.0,2.0,1.9,0.7,0.9,9.3,-6.7
325,Dustin Garneau,HOU,C,C,-15.0,61,-7.3,-2.2,-7.2,-0.3,1.1,0.8,2.2,1.7,1.4,2.6,14.3,-7.6
326,Michael A. Taylor,WSH,OF,OF,-15.2,102,-7.3,-3.3,-7.5,2.9,-0.9,-1.4,-1.5,-1.6,-1.2,-0.2,7.0,-7.1
327,Dom Nunez,COL,C,C,-15.3,42,-8.2,-2.6,-8.2,0.0,2.7,2.5,3.8,3.2,2.5,3.5,16.0,-8.5
328,Joey Wendle,TB,2B/3B,2B,-15.5,111,-6.9,-4.3,-7.6,1.2,1.2,1.1,-0.3,-0.5,-1.3,-0.7,10.6,-6.5
329,Tomas Nido,NYM,C,C,-15.5,62,-7.4,-2.6,-7.9,-0.4,1.8,1.7,1.5,1.0,0.8,2.2,14.8,-7.5
330,Jake Marisnick,NYM,OF,OF,-15.6,113,-6.4,-2.4,-6.7,1.8,-2.9,-3.5,-3.0,-3.1,-1.8,-0.4,5.5,-6.3
331,Dominic Smith,NYM,1B/OF,OF,-15.6,111,-6.3,-2.3,-6.1,-1.6,-0.2,-0.5,-0.9,-1.1,-0.4,0.6,8.8,-6.1
332,Nate Lowe,TB,1B,1B,-15.8,90,-7.0,-2.5,-7.0,-2.4,2.1,2.0,2.7,2.6,1.8,2.2,10.7,-6.9
333,Phillip Ervin,CIN,OF,OF,-15.9,93,-7.1,-3.5,-7.6,0.8,0.5,0.6,1.1,1.0,0.4,0.8,10.2,-7.3
334,Jonathan Lucroy,BOS,C,C,-15.9,38,-8.6,-3.0,-8.7,-0.6,4.0,4.3,4.5,4.0,3.0,3.6,17.8,-8.6
335,Matt Adams,ATL,1B,1B,-15.9,91,-6.8,-1.3,-6.0,-2.6,-0.3,-0.7,-1.0,-1.1,0.9,2.4,8.7,-6.5
336,Kevan Smith,TB,C,C,-16.0,38,-8.9,-3.1,-8.9,-0.3,4.2,4.0,4.2,3.6,2.6,3.5,17.7,-8.7
337,Tony Kemp,OAK,2B/OF,2B,-16.0,102,-6.7,-4.6,-8.3,1.5,1.1,1.0,1.0,1.0,-0.8,-0.6,12.7,-7.4
338,Jose Martinez,TB,OF,OF,-16.1,98,-7.2,-3.3,-6.9,-1.9,2.3,2.5,2.1,1.9,0.7,1.0,10.7,-6.8
339,Aristides Aquino,CIN,OF,OF,-16.2,76,-7.9,-1.9,-6.9,-1.3,0.7,0.5,0.1,0.0,1.6,2.8,10.5,-7.3
340,Grayson Greiner,DET,C,C,-16.2,58,-8.0,-2.7,-8.0,-0.4,2.0,1.8,2.7,2.2,1.4,2.4,14.5,-7.9
341,Chris Iannetta,NYY,C,C,-16.2,38,-8.4,-2.6,-8.4,-0.6,2.8,2.6,4.2,3.6,2.8,3.7,15.9,-8.7
342,Josh Phegley,CHC,C,C,-16.2,39,-8.6,-2.9,-8.6,-0.3,3.1,4.2,4.6,4.2,3.4,3.5,17.0,-8.6
343,Franklin Barreto,OAK,2B,2B,-16.3,106,-6.3,-2.8,-7.3,0.2,-1.1,-1.6,-1.7,-1.9,-1.0,0.1,6.6,-6.6
344,Cam Gallagher,KC,C,C,-16.4,41,-8.8,-3.2,-8.9,-0.1,3.6,3.6,3.9,3.4,2.3,3.2,17.3,-8.7
345,Luis Torrens,SD,C,C,-16.4,42,-8.7,-3.1,-8.8,-0.3,3.4,3.5,3.6,3.0,2.2,3.1,17.2,-8.6
346,Brian Goodwin,LAA,OF,OF,-16.5,126,-5.6,-2.7,-6.7,0.1,-2.6,-2.8,-2.1,-2.3,-1.9,-1.0,5.3,-5.8
347,Rene Rivera,NYM,C,C,-16.8,38,-8.8,-2.5,-8.6,-0.4,2.4,2.3,3.0,2.4,2.2,3.5,15.9,-8.7
348,Ryan O’Hearn,KC,1B,1B,-16.8,116,-6.2,-1.6,-6.1,-2.2,-1.6,-1.9,-0.4,-0.5,0.0,0.9,7.0,-5.7
349,Jose Trevino,TEX,C,C,-17.0,41,-9.0,-3.1,-9.0,-0.1,3.2,3.2,2.8,2.3,1.8,3.0,17.2,-8.7
350,Meibrys Viloria,KC,C,C,-17.1,41,-8.9,-3.3,-9.0,-0.3,3.4,3.4,3.5,2.9,2.0,2.9,16.5,-8.8
351,Mike Tauchman,NYY,OF,OF,-17.2,90,-7.2,-3.8,-7.8,-0.2,0.8,0.6,1.1,1.0,0.2,0.5,10.9,-7.6
352,Andrew Knapp,PHI,C,C,-17.3,42,-8.6,-3.1,-8.7,-0.4,2.5,2.5,3.9,3.4,2.1,2.9,15.3,-8.8
353,Jason Kipnis,CHC,2B,2B,-17.3,96,-6.9,-3.4,-7.3,-1.2,0.5,0.6,0.8,0.7,0.2,0.7,11.6,-7.2
354,Jonah Heim,OAK,C,C,-17.4,42,-8.8,-3.2,-8.9,-0.4,2.9,3.0,3.2,2.6,1.9,2.8,17.3,-8.8
355,Mike Ford,NYY,1B,1B,-17.4,71,-7.5,-2.5,-7.5,-2.6,1.7,1.8,2.4,2.4,2.3,2.9,13.1,-7.9
356,Lane Thomas,STL,OF,OF,-17.5,86,-7.9,-3.3,-8.0,0.5,0.2,0.0,0.0,-0.1,0.1,0.9,10.2,-7.7
357,Leury Garcia,CHW,OF,OF,-17.6,87,-7.5,-4.6,-8.7,0.4,1.8,1.8,-0.3,-0.5,-0.8,-0.2,10.9,-7.9
358,Edward Olivares,SD,OF,OF,-17.6,93,-8.0,-4.2,-8.3,2.1,-0.2,-0.5,-1.4,-1.6,-1.5,-0.6,11.8,-7.8
359,Jeff Mathis,TEX,C,C,-17.7,85,-7.3,-2.9,-7.5,0.2,-1.3,-1.9,-0.9,-1.6,-1.6,-0.1,10.1,-7.2
360,Clint Frazier,NYY,OF,OF,-17.8,80,-7.6,-3.1,-7.6,-1.5,0.9,0.8,0.5,0.4,0.8,1.7,10.8,-7.7
361,Deivy Grullon,PHI,C,C,-18.1,20,-9.7,-3.1,-9.6,-0.6,4.0,3.8,4.1,3.6,3.1,4.2,17.8,-9.7
362,Josh VanMeter,CIN,OF,OF,-18.2,70,-8.3,-3.9,-8.6,-0.1,1.5,1.4,1.6,1.6,1.1,1.6,12.8,-8.5
363,Andrew Knizner,STL,C,C,-18.2,20,-9.8,-3.4,-9.8,-0.4,4.3,4.3,4.6,4.1,3.2,4.1,18.7,-9.7
364,Brandon Drury,TOR,3B/OF,3B,-18.3,108,-6.7,-3.2,-7.1,-2.1,-0.3,-0.6,-0.9,-1.1,-0.9,0.0,8.6,-6.5
365,Dwight Smith Jr.,BAL,OF,OF,-18.3,85,-8.1,-3.6,-8.1,-1.2,1.6,1.7,1.2,1.1,0.6,1.2,11.8,-7.6
366,Luke Maile,PIT,C,C,-18.5,38,-9.2,-3.3,-9.3,-0.1,2.4,2.4,3.0,2.5,1.8,2.8,16.5,-9.1
367,Ty France,SD,2B/3B,2B,-18.6,80,-7.8,-3.3,-8.0,-2.2,1.7,1.7,1.3,1.3,1.1,1.7,12.5,-7.7
368,Orlando Arcia,MIL,SS,SS,-18.8,82,-8.1,-4.1,-8.2,-0.4,1.0,1.1,0.5,0.4,0.0,0.4,12.4,-8.2
369,Ben Gamel,MIL,OF,OF,-18.9,89,-7.4,-4.5,-8.5,-1.2,1.7,1.9,2.2,2.2,0.4,0.3,10.5,-7.9
370,Austin Nola,SEA,1B,1B,-18.9,140,-6.5,-3.4,-7.0,-1.5,-1.5,-2.2,-1.7,-1.9,-2.9,-2.3,6.9,-5.6
371,Alec Bohm,PHI,3B,3B,-18.9,71,-8.4,-3.6,-8.4,-1.8,2.3,2.3,1.4,1.3,1.2,1.8,13.6,-8.2
372,Joe Panik,TOR,2B,2B,-19.0,88,-7.6,-4.4,-8.5,-1.5,2.0,2.2,1.7,1.6,0.2,0.4,14.6,-7.8
373,Chad Wallach,MIA,C,C,-19.0,37,-9.2,-3.2,-9.3,-0.4,2.2,1.8,3.0,2.5,1.8,2.8,15.9,-9.2
374,Tres Barrera,WSH,C,C,-19.1,20,-9.8,-3.6,-9.9,-0.6,3.8,4.0,4.3,3.7,2.9,3.8,18.5,-9.8
375,John Hicks,ARI,C/1B,C,-19.2,20,-9.8,-3.4,-9.8,-0.6,3.5,3.5,3.9,3.4,2.8,3.9,17.8,-9.7
376,Joe Hudson,SEA,C,C,-19.2,50,-8.9,-3.0,-8.9,-0.3,0.8,0.2,1.5,0.8,0.5,1.8,14.4,-8.7
377,Steven Duggar,SF,OF,OF,-19.3,105,-7.2,-4.6,-8.8,0.5,-0.2,-0.5,-0.6,-0.7,-1.6,-1.0,7.7,-7.3
378,Harold Ramirez,MIA,OF,OF,-19.4,90,-8.3,-4.2,-8.6,-1.6,2.2,2.5,0.2,0.1,-0.2,0.5,11.7,-7.4
379,Matt Joyce,MIA,OF,OF,-19.4,113,-6.9,-2.7,-7.2,-2.1,-1.5,-2.0,1.6,1.4,-0.4,-0.2,9.1,-6.8
380,Aledmys Diaz,HOU,1B/2B,2B,-19.5,71,-8.2,-3.8,-8.4,-1.9,1.8,1.9,1.2,1.2,1.1,1.7,14.1,-8.3
381,Tim Lopes,SEA,OF,OF,-19.6,88,-9.0,-5.1,-9.6,2.5,0.5,0.4,-0.4,-0.5,-1.5,-0.9,11.4,-8.4
382,Tyler Stephenson,CIN,C,C,-19.6,13,-10.2,-3.7,-10.2,-0.6,4.1,4.1,4.7,4.2,3.2,4.1,18.9,-10.2
383,Josh Rojas,ARI,OF,OF,-19.7,59,-9.3,-4.7,-9.6,0.7,2.2,2.0,2.0,1.9,1.2,1.6,13.8,-9.3
384,Greg Allen,CLE,OF,OF,-19.8,72,-8.7,-5.0,-9.5,1.5,0.9,0.8,0.7,0.6,-0.3,0.0,12.5,-9.1
385,Chris Davis,BAL,1B,1B,-19.8,131,-5.9,-0.8,-5.8,-2.4,-5.9,-7.0,-3.3,-3.5,-2.3,-1.0,0.1,-5.7
386,Luis Rengifo,LAA,2B,2B,-19.9,84,-8.1,-4.6,-8.9,0.2,0.4,0.4,0.6,0.6,-0.4,-0.1,12.0,-8.3
387,Jo Adell,LAA,OF,OF,-19.9,86,-8.0,-3.5,-8.4,-1.0,0.0,-0.1,-0.7,-0.8,-0.3,0.6,9.3,-7.7
388,Dawel Lugo,DET,3B,3B,-20.0,82,-8.6,-4.5,-8.6,-1.6,2.4,2.4,-0.3,-0.4,-0.3,0.6,12.9,-7.9
389,Bryan Holaday,BAL,C,C,-20.1,9,-10.5,-3.8,-10.5,-0.6,4.3,4.4,4.8,4.3,3.4,4.3,19.3,-10.4
390,Yermin Mercedes,CHW,C,C,-20.1,6,-10.5,-3.8,-10.6,-0.8,4.5,4.6,4.8,4.3,3.6,4.4,19.4,-10.6
391,Jake Fraley,SEA,OF,OF,-20.1,82,-8.8,-4.1,-9.2,0.8,0.1,-0.1,-0.9,-1.0,-0.6,0.4,10.9,-8.1
392,Tim Locastro,ARI,OF,OF,-20.2,70,-8.8,-5.1,-9.9,1.3,1.1,1.1,1.0,1.0,0.0,0.3,13.2,-9.2
393,Myles Straw,HOU,SS,SS,-20.2,63,-9.1,-5.7,-10.2,1.9,1.9,1.8,2.0,1.9,0.0,-0.1,13.7,-9.9
394,David Freitas,MIL,C,C,-20.3,6,-10.6,-3.9,-10.6,-0.8,4.5,4.6,5.0,4.4,3.5,4.3,19.4,-10.6
395,Jacob Nottingham,MIL,C,C,-20.4,6,-10.6,-3.8,-10.7,-0.6,4.2,4.2,4.7,4.2,3.4,4.2,19.2,-10.7
396,Eric Haase,DET,C,C,-20.4,6,-10.6,-3.7,-10.6,-0.8,4.2,4.2,4.7,4.2,3.5,4.3,19.2,-10.6
397,Jake Rogers,DET,C,C,-20.4,9,-10.5,-3.7,-10.5,-0.6,3.9,4.0,4.6,4.2,3.3,4.2,19.0,-10.5
398,Brock Holt,MIL,2B,2B,-20.4,89,-7.8,-4.5,-8.8,-1.5,1.2,1.0,2.1,1.9,-0.1,-0.2,11.4,-8.2
399,Raudy Read,WSH,C,C,-20.5,6,-10.6,-3.8,-10.6,-0.8,4.2,4.2,4.7,4.2,3.4,4.3,19.4,-10.6
400,Austin Wynns,BAL,C,C,-20.5,6,-10.7,-3.9,-10.7,-0.8,4.4,4.4,4.8,4.3,3.4,4.3,19.4,-10.7
401,Daulton Varsho,ARI,C,C,-20.5,4,-10.7,-3.9,-10.7,-0.6,4.4,4.4,5.0,4.4,3.6,4.4,19.6,-10.7
402,Seby Zavala,CHW,C,C,-20.5,6,-10.6,-3.8,-10.6,-0.8,4.3,4.3,4.7,4.2,3.4,4.3,19.2,-10.6
403,Beau Taylor,CLE,C,C,-20.6,5,-10.7,-3.9,-10.7,-0.8,4.4,4.3,4.8,4.3,3.5,4.3,19.3,-10.7
404,Keibert Ruiz,LAD,C,C,-20.6,6,-10.6,-3.9,-10.6,-0.8,4.2,4.6,4.9,4.4,3.5,4.2,19.6,-10.6
405,Blake Swihart,TEX,C,C,-20.7,5,-10.7,-3.9,-10.8,-0.6,4.3,4.0,4.7,4.2,3.4,4.3,19.3,-10.7
406,Erik Kratz,NYY,C,C,-20.7,5,-10.7,-3.8,-10.7,-0.8,4.2,4.2,4.8,4.3,3.5,4.3,19.5,-10.6
407,Miguel Amaya,CHC,C,C,-20.7,6,-10.6,-3.9,-10.7,-0.8,4.2,4.2,4.7,4.2,3.4,4.2,19.4,-10.7
408,Robbie Grossman,OAK,OF,OF,-20.8,84,-7.8,-4.7,-8.9,-1.2,0.7,0.5,2.6,2.6,0.2,0.0,12.3,-8.6
409,Ryan McBroom,KC,1B,1B,-20.8,86,-8.1,-3.7,-8.5,-2.2,0.7,0.7,0.3,0.1,-0.1,0.5,10.0,-7.8
410,Brian O’Keefe,SEA,C,C,-20.8,5,-10.8,-3.9,-10.7,-0.8,4.3,4.0,4.7,4.2,3.4,4.3,19.4,-10.7
411,Ronaldo Hernandez,TB,C,C,-20.8,6,-10.7,-3.9,-10.7,-0.6,4.0,4.1,4.6,4.1,3.3,4.2,19.4,-10.6
412,William Contreras,ATL,C,C,-20.8,6,-10.7,-3.9,-10.7,-0.8,4.1,4.2,4.8,4.3,3.4,4.2,19.4,-10.6
413,Juan Centeno,BOS,C,C,-20.8,5,-10.7,-3.9,-10.7,-0.8,4.2,4.2,4.8,4.3,3.4,4.3,19.5,-10.7
414,Rocky Gale,LAD,C,C,-20.9,5,-10.7,-3.9,-10.8,-0.8,4.2,4.1,4.6,4.1,3.3,4.2,19.5,-10.7
415,Delino DeShields,CLE,OF,OF,-20.9,66,-9.0,-5.2,-10.1,2.2,0.2,0.1,1.0,0.8,-0.3,-0.2,12.4,-9.8
416,Ali Sanchez,NYM,C,C,-20.9,6,-10.7,-3.9,-10.7,-0.8,4.1,4.2,4.7,4.2,3.3,4.2,19.5,-10.6
417,Anthony Bemboom,LAA,C,C,-21.0,5,-10.7,-3.9,-10.7,-0.8,4.0,4.0,4.7,4.2,3.3,4.2,19.4,-10.7
418,Caleb Joseph,TOR,C,C,-21.0,4,-10.8,-3.9,-10.8,-0.8,4.2,4.2,4.7,4.2,3.4,4.3,19.5,-10.7
419,Billy Hamilton,SF,OF,OF,-21.1,73,-9.5,-5.6,-10.4,3.6,-0.3,-0.7,-0.5,-0.6,-1.5,-1.1,11.8,-9.7
420,Aramis Garcia,SF,C,C,-21.1,1,-10.9,-4.0,-10.9,-0.8,4.4,4.4,5.0,4.4,3.6,4.4,19.7,-10.9
421,Donovan Solano,SF,2B,2B,-21.1,84,-8.5,-5.1,-9.4,-2.1,2.9,2.9,0.4,0.4,-0.5,0.0,12.5,-8.1
422,Brad Miller,STL,3B,3B,-21.3,70,-8.6,-3.5,-8.7,-1.8,0.3,0.1,1.2,1.1,0.9,1.5,11.3,-8.7
423,Pablo Sandoval,SF,1B/3B,3B,-21.3,75,-8.7,-3.5,-8.6,-2.2,0.8,0.5,-0.2,-0.4,0.3,1.2,12.0,-8.2
424,Monte Harrison,MIA,OF,OF,-21.5,81,-9.1,-4.0,-9.4,1.3,-1.3,-1.7,-1.6,-1.8,-1.4,-0.4,8.8,-8.7
425,Andrew Velazquez,BAL,SS,SS,-22.2,66,-9.5,-4.7,-9.8,0.2,0.6,0.4,-0.5,-0.6,-0.5,0.3,11.7,-9.3
426,Rangel Ravelo,STL,1B,1B,-22.3,67,-9.0,-4.4,-9.3,-2.4,1.9,1.9,1.4,1.3,0.7,1.1,13.3,-8.9
427,Jordy Mercer,DET,SS,SS,-22.6,74,-8.8,-4.4,-9.2,-2.4,1.2,1.2,0.6,0.6,0.1,0.6,13.0,-8.6
428,Willi Castro,DET,SS,SS,-22.7,65,-9.4,-4.9,-10.0,-0.9,1.5,1.1,0.2,0.1,-0.1,0.6,12.9,-9.3
429,Josh Harrison,PHI,2B,2B,-22.8,65,-9.3,-4.6,-9.6,-1.3,1.0,1.1,0.3,0.2,0.0,0.6,13.3,-9.2
430,Matt Kemp,COL,OF,OF,-22.9,41,-10.1,-4.2,-9.6,-2.7,2.7,2.8,1.8,1.8,1.9,2.6,14.4,-9.9
431,Cole Tucker,PIT,SS,SS,-22.9,65,-9.6,-5.0,-10.0,-0.1,0.8,0.7,0.6,0.5,-0.2,0.2,13.0,-9.5
432,Erik Gonzalez,PIT,SS,SS,-23.1,84,-9.1,-4.8,-9.4,-0.7,-0.1,-0.4,-1.6,-1.8,-1.6,-0.7,9.9,-8.5
433,Tyler Wade,NYY,SS,SS,-23.1,58,-9.6,-5.2,-10.2,0.2,0.7,0.7,0.5,0.5,-0.2,0.3,13.0,-10.0
434,Austin Slater,SF,OF,OF,-23.1,67,-9.4,-4.7,-9.8,-1.5,1.2,0.8,1.7,1.7,0.4,0.7,11.5,-9.3
435,Brett Phillips,KC,OF,OF,-23.2,74,-8.8,-4.2,-9.4,-0.1,-1.7,-2.0,-0.4,-0.5,-0.6,0.1,9.1,-9.1
436,Chad Pinder,OAK,2B/OF,2B,-23.2,64,-9.2,-4.0,-9.4,-2.4,0.8,0.7,0.4,0.2,0.5,1.2,12.0,-9.0
437,Scott Heineman,TEX,OF,OF,-23.2,61,-9.5,-4.8,-10.1,-1.0,1.2,1.0,0.9,0.8,0.2,0.7,12.3,-9.5
438,Adeiny Hechavarria,ATL,2B/SS,SS,-23.3,64,-9.3,-4.8,-9.7,-1.8,1.2,1.2,0.1,0.0,-0.2,0.4,13.5,-9.4
439,Travis Demeritte,DET,OF,OF,-23.4,60,-9.5,-4.0,-9.6,-1.9,0.6,0.5,0.9,0.8,0.9,1.5,11.9,-9.3
440,Josh Fuentes,COL,3b,3B,-23.4,57,-9.6,-4.6,-9.7,-2.2,1.7,1.7,0.1,0.0,0.5,1.3,12.7,-9.4
441,Jaylin Davis,SF,OF,OF,-23.4,61,-9.7,-4.1,-9.6,-1.6,0.6,0.5,0.5,0.5,0.5,1.2,11.8,-9.3
442,Neil Walker,PHI,1B/3B,3B,-23.4,58,-9.3,-4.3,-9.5,-2.4,1.1,1.0,1.6,1.6,0.8,1.2,13.4,-9.6
443,JT Riddle,PIT,OF,OF,-23.6,69,-9.4,-4.4,-9.5,-1.9,0.7,0.4,-0.6,-0.7,-0.4,0.4,12.6,-9.0
444,Greg Bird,TEX,1B,1B,-23.8,62,-9.3,-3.6,-9.3,-2.4,-0.2,-0.4,1.1,1.1,1.0,1.6,12.1,-9.2
445,Ke’Bryan Hayes,PIT,3b,3B,-23.8,61,-9.8,-5.0,-10.1,-1.2,1.2,1.3,1.0,1.0,0.2,0.6,13.7,-9.6
446,Seth Brown,OAK,OF,OF,-24.0,67,-9.3,-4.2,-9.2,-1.9,-0.5,-0.6,-0.8,-1.0,-0.3,0.7,11.1,-9.0
447,Billy McKinney,TOR,OF,OF,-24.1,53,-9.7,-4.2,-9.9,-2.2,0.9,0.8,1.0,1.0,1.0,1.7,13.4,-9.7
448,Magneuris Sierra,MIA,OF,OF,-24.1,55,-10.6,-5.5,-10.9,0.5,1.3,1.4,-0.1,-0.2,-0.5,0.1,14.2,-10.2
449,Logan Morrison,MIL,OF,OF,-24.1,41,-10.1,-4.0,-9.8,-2.6,1.4,1.3,1.8,1.8,1.9,2.5,14.5,-10.2
450,Lewis Brinson,MIA,OF,OF,-24.2,86,-9.0,-4.1,-9.1,-0.7,-2.3,-2.8,-2.4,-2.5,-2.0,-0.8,8.9,-8.5
451,Adam Engel,CHW,OF,OF,-24.3,56,-9.6,-4.9,-10.2,-0.7,0.1,-0.2,-0.1,-0.2,-0.2,0.4,12.3,-10.0
452,Anthony Alford,TOR,OF,OF,-24.4,51,-10.3,-5.2,-10.7,0.2,0.5,0.1,0.4,0.4,-0.1,0.5,12.5,-10.5
453,Daniel Robertson,TB,2B/3B,2B,-24.5,67,-9.3,-4.9,-9.9,-1.9,0.5,0.1,1.6,1.6,0.0,0.2,12.4,-9.7
454,Jarred Kelenic,SEA,OF,OF,-24.5,48,-10.5,-4.5,-10.5,-1.2,1.1,0.8,0.5,0.5,0.7,1.5,13.6,-10.0
455,Terrance Gore,LAD,OF,OF,-24.6,44,-11.0,-5.8,-11.3,2.9,-0.3,-0.7,-0.1,-0.2,-0.8,-0.3,13.4,-11.3
456,Matt Duffy,NYY,3B,3B,-24.6,47,-10.0,-5.2,-10.5,-2.1,2.2,2.5,2.3,2.3,1.0,1.2,15.0,-10.3
457,Yolmer Sanchez,SF,2B,2B,-24.7,66,-9.7,-5.3,-10.3,-1.6,1.2,1.2,0.7,0.6,-0.1,0.3,13.1,-9.4
458,Ildemaro Vargas,ARI,2B,2B,-24.7,44,-10.4,-5.3,-10.7,-2.1,2.7,2.8,1.5,1.6,1.0,1.4,16.1,-10.3
459,Thairo Estrada,NYY,SS,SS,-24.8,44,-10.4,-5.0,-10.5,-1.8,1.8,1.7,0.9,0.8,0.7,1.3,14.9,-10.4
460,Chris Owings,COL,2B,2B,-24.9,44,-10.4,-5.1,-10.5,-1.2,1.2,1.3,0.7,0.6,0.6,1.2,13.5,-10.4
461,Abraham Toro,HOU,3B,3B,-24.9,44,-10.2,-4.9,-10.4,-2.2,1.8,1.7,1.6,1.6,1.2,1.7,14.8,-10.3
462,Danny Mendick,CHW,SS,SS,-25.0,44,-10.3,-5.1,-10.6,-1.3,1.3,1.6,1.4,1.3,0.8,1.1,14.8,-10.5
463,Jake Cave,MIN,OF,OF,-25.1,44,-10.2,-4.8,-10.4,-2.4,1.6,1.7,1.4,1.3,1.1,1.7,13.5,-10.2
464,Kyle Farmer,CIN,2B,2B,-25.1,52,-10.1,-5.0,-10.2,-1.9,1.1,0.7,0.6,0.5,0.3,0.9,13.6,-10.1
465,Edwin Rios,LAD,3b,3B,-25.2,44,-10.3,-4.2,-10.1,-2.4,0.7,0.6,0.4,0.4,1.0,1.8,12.3,-10.2
466,Greg Garcia,SD,2B,2B,-25.4,62,-9.4,-5.4,-10.4,-2.1,0.9,0.7,2.4,2.4,0.3,0.1,13.2,-10.0
467,Bubba Starling,KC,OF,OF,-25.4,60,-10.0,-5.0,-10.2,-1.6,0.4,0.2,-0.5,-0.6,-0.5,0.3,12.5,-9.8
468,Christian Arroyo,CLE,SS,SS,-25.4,46,-10.3,-5.0,-10.4,-2.2,1.5,1.4,1.0,1.0,0.8,1.3,14.4,-10.3
469,Jon Jay,ARI,OF,OF,-25.4,56,-10.0,-5.6,-10.6,-2.2,2.0,2.0,1.3,1.3,0.1,0.4,14.2,-10.0
470,Yonder Alonso,ATL,1B,1B,-25.5,43,-10.3,-4.5,-10.2,-2.7,1.2,1.1,1.6,1.6,1.2,1.7,14.4,-10.4
471,Jake Cronenworth,SD,SS,SS,-25.6,44,-10.6,-5.5,-11.0,-1.5,1.9,1.8,1.7,1.7,0.7,1.0,15.1,-10.7
472,Jonathan Davis,TOR,OF,OF,-25.6,49,-10.3,-5.2,-10.7,-1.0,0.6,0.4,1.0,1.0,0.2,0.7,13.5,-10.5
473,Matt Thaiss,LAA,3B,3B,-25.6,49,-10.2,-4.7,-10.3,-2.4,1.0,0.7,1.1,1.1,0.7,1.2,13.9,-10.2
474,Eduardo Nunez,NYM,2B,2B,-25.6,39,-10.8,-5.2,-10.9,-1.6,1.9,1.9,0.8,0.8,0.8,1.4,15.8,-10.6
475,Travis Jankowski,CIN,OF,OF,-25.7,42,-10.6,-5.6,-11.3,-0.5,1.3,1.3,1.7,1.7,0.4,0.6,14.6,-11.0
476,Pat Valaika,BAL,SS,SS,-25.7,54,-10.0,-4.4,-10.2,-2.2,0.2,-0.2,-0.8,-1.0,-0.2,0.9,12.5,-9.8
477,Cheslor Cuthbert,CHW,1B/3B,3B,-25.8,40,-10.5,-4.8,-10.4,-2.7,1.6,2.3,2.1,2.2,1.8,1.7,14.6,-10.4
478,Marco Hernandez,BOS,2B,2B,-25.8,40,-10.6,-5.5,-11.0,-1.9,2.3,2.5,1.4,1.3,0.8,1.3,14.6,-10.7
479,Mark Payton,OAK,OF,OF,-25.9,44,-10.5,-5.0,-10.7,-1.9,1.2,0.8,0.9,0.8,0.6,1.2,14.5,-10.6
480,Dylan Cozens,TB,,OF,-25.9,43,-10.5,-4.2,-10.5,-1.5,-0.2,-0.7,0.6,0.5,0.8,1.5,12.1,-10.6
481,Santiago Espinal,TOR,2B,2B,-26.0,44,-10.6,-5.5,-11.0,-1.6,1.8,1.9,1.0,1.0,0.4,0.8,15.4,-10.7
482,Ehire Adrianza,MIN,1B/SS/ 3B,SS,-26.0,43,-10.4,-5.3,-10.7,-2.2,1.7,1.7,1.5,1.4,0.9,1.2,14.9,-10.5
483,Wilmer Difo,WSH,SS,SS,-26.2,44,-10.7,-5.5,-11.0,-1.5,1.5,1.3,1.1,1.1,0.4,0.7,14.7,-10.8
484,Jonathan Arauz,BOS,SS,SS,-26.2,50,-10.2,-5.2,-10.5,-1.9,0.7,0.7,0.3,0.2,0.0,0.6,14.3,-10.3
485,Edmundo Sosa,STL,SS,SS,-26.3,44,-10.6,-5.2,-10.8,-2.2,1.5,1.4,0.5,0.5,0.4,1.1,14.6,-10.5
486,Leody Taveras,TEX,OF,OF,-26.3,43,-10.9,-5.6,-11.3,-0.7,1.2,1.0,0.5,0.5,0.0,0.5,14.5,-10.9
487,Jorge Mateo,SD,SS,SS,-26.4,41,-10.8,-5.4,-11.2,-0.7,0.6,0.5,-0.1,-0.1,0.1,0.9,13.8,-10.8
488,Jed Lowrie,NYM,2B,2B,-26.5,47,-10.3,-4.9,-10.5,-2.7,0.8,0.7,1.4,1.4,0.7,1.2,14.4,-10.3
489,Harold Castro,DET,2B/OF,2B,-26.5,44,-10.8,-5.5,-11.1,-1.9,1.9,1.9,0.5,0.5,0.1,0.7,14.6,-10.6
490,Dylan Moore,SEA,SS/OF,SS,-26.5,40,-11.0,-5.2,-11.3,-0.5,0.5,0.0,0.5,0.5,0.3,0.9,14.2,-10.9
491,Erick Mejia,KC,SS,SS,-26.7,43,-11.0,-5.7,-11.3,-1.0,1.3,1.8,1.6,1.6,1.1,0.5,14.7,-10.9
492,Luis Guillorme,NYM,SS,SS,-26.7,43,-10.6,-5.5,-11.0,-2.1,1.5,1.4,1.6,1.6,0.5,0.8,15.3,-10.9
493,Adolis Garcia,TEX,OF,OF,-26.7,37,-11.0,-4.8,-10.9,-1.6,0.6,0.4,-0.1,-0.2,0.5,1.5,13.7,-10.7
494,Mike Freeman,CLE,2B,2B,-26.8,43,-10.6,-5.5,-11.1,-1.9,1.3,2.0,2.0,2.0,1.5,0.7,14.0,-10.9
495,Tzu-Wei Lin,BOS,SS,SS,-26.9,41,-10.7,-5.6,-11.2,-1.6,1.2,1.3,1.0,1.0,0.4,0.9,14.4,-10.9
496,Daniel Descalso,CHC,2B,2B,-26.9,45,-10.3,-5.1,-10.7,-2.2,0.4,0.0,1.6,1.6,0.6,0.9,13.6,-10.8
497,Mitch Haniger,SEA,OF,OF,-27.1,33,-11.2,-4.9,-11.1,-2.4,1.5,1.4,2.0,2.0,1.6,2.0,14.9,-10.9
498,Charlie Culberson,ATL,OF,OF,-27.2,39,-10.9,-5.2,-11.0,-2.2,1.1,1.0,0.5,0.5,0.5,1.1,14.2,-10.8
499,Ramon Urias,BAL,2b,2B,-27.3,37,-11.1,-5.2,-11.2,-2.4,1.6,1.6,1.4,1.4,0.9,1.3,14.8,-11.0
500,Alex Blandino,CIN,SS,SS,-27.4,40,-10.6,-5.3,-11.1,-2.4,1.0,1.0,2.0,2.0,0.9,1.1,14.1,-11.0
501,Vimael Machin,OAK,SS,SS,-27.4,44,-10.7,-5.5,-11.1,-2.2,1.1,1.1,1.4,1.3,0.3,0.6,15.4,-10.9
502,Jorge Bonifacio,DET,OF,OF,-27.5,35,-11.1,-5.0,-11.1,-2.4,1.1,1.1,1.0,1.0,1.0,1.5,14.5,-10.9
503,Sam Haggerty,SEA,2b,2B,-27.5,43,-11.2,-5.7,-11.5,-0.4,0.2,-0.2,0.5,0.5,-0.3,0.2,13.5,-11.1
504,Kyle Garlick,PHI,OF,OF,-27.6,29,-11.2,-4.9,-11.2,-2.6,1.2,1.0,0.9,0.8,1.2,2.0,14.2,-11.1
505,Matt Reynolds,KC,SS,SS,-27.8,34,-11.1,-5.5,-11.5,-2.2,1.5,1.2,1.5,1.4,0.9,1.3,14.8,-11.2
506,Yonathan Daza,COL,OF,OF,-27.8,20,-11.8,-5.8,-11.9,-2.2,2.9,2.9,2.1,2.2,1.7,2.1,16.6,-11.7
507,Rob Refsnyder,TEX,2B,2B,-28.0,42,-10.9,-5.4,-11.3,-2.4,1.0,1.9,1.8,1.8,1.4,0.8,13.9,-10.9
508,Daniel Johnson,CLE,OF,OF,-28.0,20,-11.7,-5.5,-11.8,-2.1,2.1,2.3,1.9,1.9,1.6,2.1,16.2,-11.7
509,Max Schrock,STL,2b,2B,-28.1,30,-11.5,-5.8,-11.7,-1.9,1.8,1.8,1.4,1.4,0.8,1.2,16.2,-11.5
510,Ronny Rodriguez,MIL,2B/SS,SS,-28.1,22,-11.7,-5.3,-11.6,-2.4,1.9,1.8,1.3,1.3,1.4,2.1,15.9,-11.6
511,Stevie Wilkerson,BAL,OF,OF,-28.2,33,-11.4,-5.4,-11.5,-2.2,1.4,1.2,0.9,0.8,0.6,1.2,14.7,-11.3
512,Bobby Bradley,CLE,DH,DH,-28.2,20,-11.6,-5.1,-11.6,-2.7,1.8,1.6,1.7,1.7,1.7,2.3,15.5,-11.7
513,Randy Arozarena,TB,OF,OF,-28.2,20,-11.8,-5.6,-12.0,-1.8,2.1,2.0,2.0,2.0,1.5,2.0,16.3,-11.8
514,Ryon Healy,MIL,3B,3B,-28.3,19,-11.8,-5.2,-11.7,-2.7,2.1,2.0,1.8,1.8,1.8,2.3,16.3,-11.7
515,Austin Dean,STL,OF,OF,-28.3,20,-11.8,-5.4,-11.9,-2.6,2.4,2.4,2.0,2.0,1.7,2.2,16.4,-11.7
516,Socrates Brito,PIT,OF,OF,-28.4,26,-11.7,-5.4,-11.7,-2.1,1.5,1.4,1.2,1.2,1.1,1.6,15.4,-11.5
517,Nick Heath,KC,OF,OF,-28.4,20,-12.1,-5.8,-12.3,-0.7,1.4,1.4,1.5,1.6,1.1,1.5,15.7,-12.1
518,Nicky Delmonico,CHW,OF,OF,-28.5,21,-11.6,-5.3,-11.7,-2.6,1.7,2.4,2.3,2.3,1.9,2.1,16.0,-11.7
519,Bobby Dalbec,BOS,3b,3B,-28.5,20,-11.7,-5.2,-11.7,-2.6,1.7,1.6,1.8,1.8,1.6,2.2,15.6,-11.7
520,Nick Williams,PHI,OF,OF,-28.6,20,-11.8,-5.3,-11.7,-2.7,2.0,1.9,1.6,1.6,1.6,2.1,15.8,-11.7
521,Jason Martin,PIT,OF,OF,-28.6,20,-11.9,-5.5,-12.0,-2.2,2.1,2.0,1.7,1.8,1.5,2.0,16.2,-11.8
522,Sean Rodriguez,MIA,3B,3B,-28.6,38,-11.1,-5.0,-11.3,-2.2,0.1,-0.2,0.7,0.6,0.4,1.0,13.4,-11.1
523,Justin Williams,STL,OF,OF,-28.7,21,-11.8,-5.4,-11.9,-2.6,2.0,1.9,1.7,1.7,1.4,1.9,16.1,-11.8
524,LaMonte Wade Jr.,MIN,OF,OF,-28.8,19,-11.7,-5.7,-12.0,-2.4,2.0,2.2,2.3,2.3,1.6,1.8,16.6,-12.0
525,Corey Ray,MIL,OF,OF,-28.9,22,-11.8,-5.4,-11.9,-2.1,1.3,1.1,1.2,1.2,1.1,1.7,15.2,-11.9
526,Domingo Leyba,ARI,2B,2B,-28.9,20,-11.8,-5.6,-12.0,-2.7,2.3,2.3,1.8,1.8,1.5,1.9,16.5,-11.8
527,Troy Stokes Jr.,DET,OF,OF,-28.9,21,-11.9,-5.5,-12.0,-2.1,1.6,1.4,1.8,1.8,1.3,1.8,16.0,-11.9
528,Mike Brosseau,TB,2B,2B,-28.9,20,-11.9,-5.5,-11.9,-2.6,2.0,2.0,1.7,1.8,1.5,2.0,16.3,-11.8
529,Luke Raley,LAD,OF,OF,-29.0,20,-11.8,-5.4,-11.8,-2.6,1.6,1.7,1.5,1.6,1.4,1.9,15.8,-11.8
530,Daniel Palka,CHW,OF,OF,-29.1,15,-12.0,-5.3,-11.9,-2.7,1.9,1.9,1.9,1.9,1.7,2.3,16.2,-12.1
531,Jack Mayfield,HOU,SS,SS,-29.1,21,-11.8,-5.4,-11.8,-2.6,1.5,1.6,1.3,1.3,1.2,1.8,16.1,-11.8
532,C.J. Chatham,BOS,SS,SS,-29.1,20,-11.9,-5.9,-12.1,-2.6,2.3,2.2,1.7,1.7,1.2,1.6,16.3,-11.9
533,Rafael Ortega,ATL,OF,OF,-29.2,15,-12.1,-5.8,-12.3,-2.2,2.2,2.2,2.0,2.0,1.5,2.0,16.7,-12.2
534,Alex Jackson,ATL,OF,OF,-29.3,20,-11.8,-5.2,-11.7,-2.7,1.2,1.1,1.2,1.2,1.3,1.9,15.4,-11.8
535,Daz Cameron,DET,OF,OF,-29.3,20,-12.0,-5.7,-12.1,-2.1,1.6,1.3,1.6,1.6,1.2,1.8,15.9,-12.0
536,Mark Mathias,MIL,2b,2B,-29.3,21,-11.8,-5.7,-12.0,-2.4,1.7,1.4,1.7,1.7,1.3,1.7,16.2,-12.0
537,Braden Bishop,SEA,OF,OF,-29.4,27,-11.8,-5.6,-12.0,-2.4,1.4,1.2,1.2,1.2,0.7,1.2,15.5,-11.7
538,Luis Alexander Basabe,CHW,OF,OF,-29.4,20,-11.9,-5.7,-12.1,-2.2,1.4,1.3,1.5,1.6,1.1,1.6,15.8,-12.0
539,Abraham Almonte,SD,OF,OF,-29.5,16,-12.0,-5.7,-12.2,-2.4,1.8,1.8,1.9,1.9,1.6,2.0,16.5,-12.1
540,Jose Siri,SF,OF,OF,-29.5,21,-12.1,-5.6,-12.1,-1.9,1.3,1.3,1.0,1.0,0.9,1.5,15.5,-12.0
541,Michael Harris,ATL,OF,OF,-29.5,43,-11.1,-5.3,-11.2,-1.9,-0.9,-1.3,-1.4,-1.4,-1.1,-0.2,13.6,-11.2
542,Josh Ockimey,BOS,1B,1B,-29.7,14,-12.1,-5.5,-12.2,-2.7,1.8,1.7,2.0,2.0,1.7,2.2,16.2,-12.2
543,Rylan Bannon,BAL,3B,3B,-29.9,15,-12.2,-5.8,-12.4,-2.6,2.0,2.0,2.0,2.0,1.5,2.0,16.8,-12.2
544,Joe McCarthy,SF,OF,OF,-30.0,21,-12.0,-5.7,-12.1,-2.6,1.3,1.3,1.6,1.7,1.2,1.6,15.7,-12.0
545,Brendan McKay,TB,1B,1B,-30.0,15,-12.2,-5.6,-12.2,-2.7,1.7,1.7,1.7,1.8,1.5,2.0,16.3,-12.2
546,Sergio Alcantara,DET,SS,SS,-30.1,20,-12.1,-6.0,-12.3,-2.4,1.7,1.6,1.6,1.6,1.0,1.3,16.5,-12.1
547,Kevin Kramer,PIT,2b,2B,-30.3,15,-12.3,-5.8,-12.4,-2.6,1.7,1.7,1.8,1.8,1.4,1.8,16.3,-12.2
548,Tyler Nevin,COL,3B,3B,-30.4,6,-12.7,-5.9,-12.7,-2.7,2.5,2.5,2.3,2.3,1.9,2.3,17.4,-12.7
549,Buddy Reed,OAK,OF,OF,-30.5,11,-12.5,-5.9,-12.6,-2.2,1.7,1.7,1.6,1.7,1.4,1.9,16.6,-12.5
550,Arquimedes Gamboa,PHI,SS,SS,-30.5,21,-12.0,-5.9,-12.2,-2.1,0.8,0.6,1.1,1.1,0.7,1.1,15.8,-12.2
551,Vidal Brujan,TB,2b,2B,-30.5,6,-12.7,-6.0,-12.8,-2.4,2.4,2.4,2.2,2.2,1.8,2.2,17.4,-12.8
552,Trayce Thompson,ARI,OF,OF,-30.5,15,-12.2,-5.6,-12.3,-2.6,1.1,1.0,1.3,1.3,1.2,1.8,15.9,-12.2
553,Robel Garcia,CHC,2B,2B,-30.6,6,-12.7,-5.8,-12.7,-2.7,2.2,2.2,2.1,2.2,1.8,2.3,17.0,-12.7
554,Sheldon Neuse,OAK,2B,2B,-30.6,9,-12.6,-5.9,-12.6,-2.7,2.2,2.3,2.1,2.2,1.7,2.1,16.9,-12.5
555,Yusniel Diaz,BAL,OF,OF,-30.6,9,-12.6,-5.9,-12.6,-2.7,2.2,2.2,2.2,2.2,1.7,2.2,17.1,-12.5
556,Yu Chang,CLE,3B,3B,-30.7,6,-12.7,-5.9,-12.7,-2.7,2.3,2.2,2.1,2.2,1.8,2.2,17.2,-12.7
557,Cedric Mullins,BAL,OF,OF,-30.7,6,-12.7,-6.0,-12.8,-2.6,2.3,2.3,2.0,2.0,1.8,2.2,17.4,-12.7
558,Jared Oliva,PIT,OF,OF,-30.7,6,-12.8,-6.0,-12.8,-2.6,2.4,2.4,2.2,2.2,1.8,2.2,17.3,-12.7
559,Derek Dietrich,CIN,1B/2B,2B,-30.8,6,-12.7,-5.9,-12.7,-2.9,2.3,2.3,2.3,2.3,1.9,2.3,17.2,-12.7
560,Richard Urena,BAL,SS,SS,-30.8,9,-12.6,-6.0,-12.7,-2.7,2.2,2.3,1.9,1.9,1.6,2.1,17.1,-12.6
561,Lucius Fox,TB,SS,SS,-30.8,6,-12.8,-6.0,-12.8,-2.4,2.2,2.2,2.1,2.2,1.7,2.1,17.3,-12.8
562,Breyvic Valera,TOR,2B,2B,-30.8,6,-12.7,-6.0,-12.8,-2.7,2.4,2.4,2.2,2.2,1.8,2.2,17.5,-12.7
563,Taylor Jones,HOU,1B,1B,-30.8,6,-12.7,-5.9,-12.7,-2.9,2.3,2.2,2.1,2.2,1.8,2.2,17.2,-12.7
564,Kelvin Gutierrez,KC,3b,3B,-30.8,6,-12.8,-6.0,-12.8,-2.7,2.4,2.4,2.1,2.2,1.8,2.2,17.2,-12.7
565,Micker Adolfo,CHW,OF,OF,-30.8,6,-12.7,-5.9,-12.7,-2.7,2.2,2.2,2.0,2.0,1.7,2.2,17.1,-12.8
566,Marcus Wilson,BOS,OF,OF,-30.8,6,-12.7,-5.9,-12.7,-2.7,2.2,2.2,2.0,2.0,1.8,2.2,17.1,-12.7
567,Brian O’Grady,TB,OF,OF,-30.8,6,-12.7,-5.9,-12.7,-2.7,2.2,2.2,2.1,2.2,1.8,2.3,17.1,-12.7
568,Travis Blankenhorn,MIN,2b,2B,-30.8,6,-12.7,-5.9,-12.7,-2.7,2.1,2.0,2.1,2.2,1.7,2.2,17.3,-12.7
569,Jared Walsh,LAA,1B,1B,-30.8,6,-12.7,-5.9,-12.7,-2.9,2.3,2.3,2.2,2.2,1.8,2.3,17.1,-12.7
570,Jazz Chisholm,MIA,SS,SS,-30.8,10,-12.6,-5.8,-12.6,-2.6,1.7,1.7,1.7,1.8,1.5,2.0,16.7,-12.5
571,Wander Franco,TB,SS,SS,-30.8,6,-12.7,-6.0,-12.8,-2.7,2.4,2.4,2.1,2.2,1.8,2.2,17.5,-12.8
572,Chris Shaw,SF,1B,1B,-30.9,6,-12.7,-5.9,-12.7,-2.9,2.3,2.3,2.1,2.2,1.8,2.3,17.1,-12.7
573,Hernan Perez,CHC,2B/SS,SS,-30.9,5,-12.8,-5.9,-12.8,-2.7,2.2,2.2,2.1,2.2,1.8,2.2,17.4,-12.7
574,Abiatal Avelino,SF,SS,SS,-30.9,6,-12.8,-6.0,-12.8,-2.6,2.1,2.0,2.0,2.0,1.7,2.1,17.3,-12.7
575,Nick Gordon,MIN,SS,SS,-30.9,6,-12.7,-6.0,-12.8,-2.6,2.1,2.0,2.1,2.2,1.7,2.1,17.3,-12.7
576,Michael Hermosillo,LAA,OF,OF,-30.9,6,-12.7,-5.9,-12.8,-2.7,2.2,2.2,2.0,2.0,1.7,2.2,17.1,-12.8
577,Kean Wong,SF,2b,2B,-30.9,6,-12.8,-6.0,-12.8,-2.7,2.4,2.4,2.2,2.2,1.8,2.2,17.3,-12.8
578,Luis Barrera,OAK,OF,OF,-30.9,6,-12.7,-6.0,-12.8,-2.6,2.1,2.0,2.0,2.0,1.7,2.2,17.3,-12.7
579,Derek Hill,DET,OF,OF,-30.9,6,-12.8,-6.0,-12.8,-2.6,2.2,2.3,2.1,2.2,1.7,2.2,17.2,-12.8
580,Kevin Padlo,TB,3b,3B,-30.9,6,-12.7,-5.9,-12.7,-2.7,2.1,2.0,2.1,2.2,1.8,2.2,17.2,-12.7
581,Jesus Sanchez,MIA,OF,OF,-30.9,6,-12.8,-6.0,-12.8,-2.7,2.3,1.9,2.0,2.0,1.7,2.2,17.3,-12.7
582,Andres Gimenez,NYM,SS,SS,-30.9,6,-12.8,-6.0,-12.8,-2.4,2.0,1.9,2.0,2.0,1.7,2.1,17.3,-12.7
583,Alex Kirilloff,MIN,OF,OF,-30.9,5,-12.7,-6.0,-12.8,-2.7,2.3,2.3,2.2,2.3,1.9,2.3,17.4,-12.7
584,Andy Young,ARI,2b,2B,-30.9,6,-12.7,-5.9,-12.7,-2.9,2.3,2.3,2.1,2.2,1.8,2.3,17.2,-12.7
585,Isaac Paredes,DET,SS,SS,-30.9,6,-12.7,-6.0,-12.8,-2.9,2.4,2.4,2.3,2.3,1.8,2.2,17.5,-12.7
586,Patrick Wisdom,SEA,3b,3B,-31.0,6,-12.8,-5.9,-12.8,-2.7,2.1,2.0,2.0,2.0,1.7,2.2,17.0,-12.8
587,Dustin Fowler,OAK,OF,OF,-31.0,6,-12.7,-5.9,-12.8,-2.7,2.0,1.9,2.0,1.9,1.7,2.2,17.2,-12.7
588,Yangervis Solarte,ATL,3B,3B,-31.0,5,-12.8,-5.9,-12.7,-2.9,2.2,2.2,2.1,2.2,1.8,2.3,17.5,-12.7
589,Bradley Zimmer,CLE,OF,OF,-31.0,5,-12.8,-6.0,-12.8,-2.6,2.1,2.3,2.1,2.2,1.8,2.2,17.2,-12.7
590,Esteban Quiroz,TB,SS,SS,-31.0,5,-12.8,-5.9,-12.8,-2.9,2.3,2.3,2.2,2.3,1.9,2.3,17.3,-12.8
591,Tyrone Taylor,MIL,OF,OF,-31.0,6,-12.7,-5.9,-12.7,-2.7,2.0,1.9,2.1,2.2,1.7,2.2,17.2,-12.7
592,Wyatt Mathisen,ARI,3b,3B,-31.0,6,-12.7,-5.9,-12.7,-2.9,2.2,2.2,2.1,2.2,1.8,2.2,17.2,-12.7
593,Donovan Walton,SEA,SS,SS,-31.0,6,-12.8,-6.0,-12.8,-2.7,2.3,2.3,2.2,2.2,1.8,2.2,17.4,-12.8
594,Zack Collins,CHW,DH,DH,-31.0,6,-12.7,-5.9,-12.7,-2.9,2.1,2.0,2.2,2.2,1.9,2.3,17.1,-12.7
595,Ian Miller,CHC,OF,OF,-31.0,5,-12.8,-6.0,-12.8,-2.6,2.1,2.0,2.1,2.2,1.7,2.1,17.4,-12.8
596,Will Craig,PIT,3b,3B,-31.0,6,-12.7,-5.9,-12.8,-2.9,2.2,2.2,2.0,2.0,1.8,2.2,17.2,-12.7
597,DJ Peters,LAD,OF,OF,-31.0,6,-12.7,-5.9,-12.7,-2.9,2.2,2.0,2.0,2.0,1.8,2.2,17.1,-12.7
598,Andrew Stevenson,WSH,OF,OF,-31.0,6,-12.7,-6.0,-12.8,-2.7,2.1,2.4,2.1,2.2,1.7,2.1,17.2,-12.7
599,Cristian Pache,ATL,OF,OF,-31.0,6,-12.7,-6.0,-12.7,-2.7,2.1,2.0,2.0,2.0,1.7,2.2,17.3,-12.7
600,Jake Noll,WSH,2b,2B,-31.0,6,-12.7,-6.0,-12.8,-2.7,2.1,2.0,2.1,2.2,1.7,2.1,17.3,-12.7
601,Andrew Vaughn,CHW,1B,1B,-31.0,6,-12.7,-5.9,-12.8,-2.9,2.2,2.2,2.0,2.0,1.7,2.1,17.3,-12.8
602,Drew Robinson,SF,OF,OF,-31.1,5,-12.8,-6.0,-12.8,-2.7,2.2,2.2,2.1,2.0,1.8,2.2,17.1,-12.8
603,Christian Lopes,MIA,2b,2B,-31.1,4,-12.9,-6.0,-12.9,-2.7,2.3,2.0,2.2,2.2,1.8,2.2,17.5,-12.9
604,Eric Filia,SEA,OF,OF,-31.1,5,-12.8,-6.0,-12.9,-2.9,2.4,2.4,2.3,2.3,1.8,2.2,17.5,-12.8
605,Skye Bolt,OAK,OF,OF,-31.1,6,-12.8,-6.0,-12.8,-2.7,2.1,2.0,1.9,1.9,1.7,2.1,17.2,-12.8
606,Brandon Dixon,DET,1B/OF,OF,-31.1,5,-12.8,-5.9,-12.8,-2.7,2.1,2.0,2.1,2.0,1.8,2.2,17.2,-12.7
607,Eli White,TEX,SS,SS,-31.1,5,-12.8,-6.0,-12.9,-2.7,2.3,1.9,2.1,2.0,1.7,2.2,17.3,-12.8
608,Zach McKinstry,LAD,2b,2B,-31.1,6,-12.7,-6.0,-12.7,-2.7,2.0,2.3,2.1,2.2,1.8,2.2,17.3,-12.7
609,Jahmai Jones,LAA,OF,OF,-31.1,6,-12.8,-6.0,-12.8,-2.7,2.2,2.2,2.0,1.9,1.7,2.1,17.3,-12.8
610,Ryan McKenna,BAL,OF,OF,-31.1,6,-12.8,-6.0,-12.8,-2.7,2.2,2.3,2.2,2.2,1.8,2.2,17.3,-12.8
611,Gilberto Celestino,MIN,OF,OF,-31.1,6,-12.7,-6.0,-12.8,-2.7,2.0,1.8,1.9,1.9,1.6,2.1,17.3,-12.7
612,Blake Rutherford,CHW,OF,OF,-31.1,6,-12.7,-6.0,-12.8,-2.7,2.0,1.9,2.0,2.0,1.7,2.1,17.3,-12.7
613,Zack Short,CHC,SS,SS,-31.1,6,-12.7,-6.0,-12.8,-2.7,2.1,2.0,2.2,2.2,1.7,2.2,17.2,-12.8
614,Humberto Arteaga,KC,SS,SS,-31.2,5,-12.8,-6.0,-12.9,-2.7,2.2,2.2,2.1,2.0,1.7,2.1,17.5,-12.8
615,Pablo Reyes,PIT,OF,OF,-31.2,5,-12.8,-6.0,-12.8,-2.7,2.1,2.0,2.1,2.2,1.8,2.2,17.4,-12.7
616,Lewin Diaz,MIA,1B,1B,-31.2,6,-12.8,-5.9,-12.7,-2.9,2.0,1.9,2.0,2.0,1.7,2.2,17.3,-12.6
617,Anderson Tejeda,TEX,SS,SS,-31.2,6,-12.8,-6.0,-12.8,-2.7,2.1,1.8,1.9,1.9,1.6,2.1,17.1,-12.8
618,Oneil Cruz,PIT,3b,3B,-31.2,6,-12.8,-6.0,-12.8,-2.7,2.0,2.3,2.0,2.0,1.8,2.1,17.2,-12.7
619,Mickey Moniak,PHI,OF,OF,-31.2,5,-12.8,-6.0,-12.8,-2.7,2.1,2.0,2.1,2.0,1.7,2.2,17.3,-12.7
620,Brent Rooker,MIN,OF,OF,-31.2,4,-12.8,-5.9,-12.8,-2.9,2.2,2.2,2.2,2.2,1.9,2.3,17.3,-12.8
621,Phil Gosselin,PHI,2B,2B,-31.3,5,-12.8,-6.0,-12.8,-2.9,2.1,2.0,2.1,2.2,1.8,2.2,17.3,-12.7
622,Elehuris Montero,STL,3b,3B,-31.3,6,-12.8,-5.9,-12.8,-2.9,2.0,1.9,2.0,2.0,1.7,2.1,17.2,-12.7
623,Estevan Florial,NYY,OF,OF,-31.3,6,-12.7,-5.9,-12.8,-2.7,1.8,2.0,1.9,1.9,1.7,2.1,17.1,-12.7
624,Sherten Apostel,TEX,3B,3B,-31.3,6,-12.8,-6.0,-12.8,-2.9,2.1,2.0,2.0,1.9,1.7,2.1,17.2,-12.8
625,Ronnie Dawson,HOU,OF,OF,-31.3,4,-12.9,-6.0,-12.9,-2.7,2.0,1.9,2.1,2.2,1.7,2.2,17.3,-12.8
626,Cesar Puello,BOS,OF,OF,-31.3,4,-12.8,-6.0,-12.9,-2.9,2.2,2.2,2.2,2.3,1.8,2.2,17.4,-12.8
627,Dustin Pedroia,BOS,2B,2B,-31.3,4,-12.8,-6.0,-12.9,-2.9,2.2,2.2,2.2,2.2,1.8,2.2,17.5,-12.8
628,Cristhian Adames,SF,SS,SS,-31.4,5,-12.8,-6.0,-12.9,-2.9,2.1,2.0,2.1,2.2,1.7,2.1,17.4,-12.8
629,Elliot Soto,LAA,SS,SS,-31.5,5,-12.8,-6.1,-12.9,-2.7,2.0,1.9,2.1,2.0,1.7,2.1,17.4,-12.8
630,Jeison Guzman,KC,SS,SS,-31.5,6,-12.8,-6.0,-12.9,-2.7,1.8,1.8,1.8,1.8,1.5,2.0,17.3,-12.8
631,Sam Travis,TEX,1B,1B,-31.7,1,-13.0,-6.1,-13.0,-2.9,2.3,2.3,2.3,2.3,1.9,2.3,17.7,-13.0
632,Adrian Sanchez,WSH,2b,2B,-31.7,0,-13.1,-6.1,-13.1,-2.9,2.3,2.3,2.3,2.3,,,17.7,
633,Nick Martini,PHI,OF,OF,-31.7,1,-13.0,-6.1,-13.0,-2.9,2.3,2.3,2.3,2.3,1.9,2.3,17.7,-13.0
634,Jonathan India,CIN,3B,3B,-31.7,1,-13.0,-6.1,-13.0,-2.9,2.3,2.3,2.3,2.3,1.9,2.3,17.7,-13.0
635,Royce Lewis,MIN,SS,SS,-31.7,1,-13.0,-6.1,-13.0,-2.9,2.3,2.3,2.3,2.3,1.9,2.3,17.7,-13.0
636,Julio Rodriguez,SEA,OF,OF,-31.7,1,-13.0,-6.1,-13.0,-2.9,2.3,2.3,2.2,2.3,1.9,2.3,17.6,-13.0
